frame,object_id,class,x,y,width,height
0,1,person,183.91,526.92,194.96,213.33
0,2,person,800.64,288.37,58.32,165.68
0,3,person,617.08,349.57,79.1,221.91
0,4,forklift,261.53,345.59,523.05,619.75
0,5,person,786.24,289.01,86.7,168.09
0,6,person,1107.64,366.38,108.29,342.85
1,1,person,183.87,526.86,194.52,212.91
1,2,person,797.06,291.88,59.19,167.74
1,3,person,617.59,348.9,80.72,226.61
1,4,forklift,258.1,343.82,513.58,608.45
1,5,person,781.92,290.94,87.65,169.38
1,6,person,1109.19,365.49,107.23,339.68
2,1,person,184.01,526.8,194.95,213.48
2,2,person,796.51,294.91,60.64,171.53
2,3,person,615.14,350.64,79.26,222.4
2,4,forklift,257.23,339.43,514.45,618.13
2,5,person,776.74,292.37,87.81,168.66
2,6,person,1109.62,365.78,106.29,336.92
3,1,person,184.39,526.54,194.99,213.65
3,2,person,797.08,296.41,61.43,173.33
3,3,person,613.38,343.24,83.44,234.11
3,4,forklift,256.86,337.77,513.72,614.58
3,6,person,1109.44,365.56,106.18,336.81
4,1,person,184.61,526.82,195.2,214.14
4,2,person,797.21,295.48,62.23,174.27
4,3,person,609.55,349.2,80.25,223.59
4,4,forklift,258.36,352.68,513.99,609.36
4,6,person,1109.69,366.52,105.71,335.49
4,7,person,740.95,330.55,63.42,99.57
5,1,person,184.96,526.85,195.3,214.55
5,2,person,797.46,295.3,60.21,167.88
5,3,person,607.37,342.12,84.86,236.47
5,4,forklift,251.92,365.08,496.58,588.13
5,6,person,1108.98,366.98,106.22,337.07
6,1,person,185.26,527.06,195.19,214.8
6,2,person,794.24,295.16,61.05,168.56
6,3,person,606.65,340.54,86.72,241.01
6,4,forklift,249.49,367.9,494.09,584.96
6,6,person,1109.38,366.25,105.97,336.83
7,1,person,185.68,527.15,195.47,215.59
7,3,person,603.52,337.38,88.36,244.05
7,4,forklift,248.33,368.15,495.17,586.29
7,6,person,1108.66,366.64,106.36,338.07
8,1,person,186.06,527.54,195.66,216.43
8,3,person,600.58,336.33,90.99,248.29
8,4,forklift,251.77,374.13,490.4,578.97
8,6,person,1108.89,367.51,106.9,339.73
9,1,person,186.26,527.6,195.38,216.74
9,3,person,599.62,336.77,92.97,249.94
9,4,forklift,255.74,372.71,492.26,579.15
10,1,person,186.39,528.08,194.7,216.58
10,3,person,596.43,337.22,95.13,253.41
10,4,forklift,252.26,374.77,488.01,572.76
10,7,person,730.74,332.6,61.33,94.32
11,1,person,186.52,528.59,194.01,216.24
11,3,person,591.89,337.78,96.83,255.58
12,1,person,187.26,528.98,193.22,215.9
12,3,person,586.95,339.39,96.74,254.3
13,1,person,188.22,529.8,192.11,215.14
13,3,person,584.94,339.54,96.16,251.14
13,7,person,727.87,333.77,61.05,91.82
14,1,person,188.78,530.02,191.54,215.14
14,3,person,585.58,339.45,96.11,248.14
14,7,person,727.65,332.5,64.39,95.08
15,1,person,188.55,530.27,191.14,215.32
15,3,person,581.12,339.64,95.65,247.01
16,1,person,188.63,530.41,190.94,215.82
16,3,person,580.14,338.88,95.83,245.88
17,1,person,181.27,530.68,193.92,223.02
17,3,person,582.09,338.03,96.51,245.58
18,1,person,178.63,531.93,191.17,223.08
18,3,person,585.97,337.18,98.08,247.7
19,1,person,177.61,532.68,188.86,223.4
19,3,person,589.62,337.46,98.97,248.52
20,1,person,177.52,533.49,186.91,224.05
20,3,person,592.37,337.21,99.77,249.62
20,5,person,729.98,364.55,87.4,169.41
21,1,person,177.66,533.62,184.85,224.36
21,3,person,594.51,335.59,100.43,250.7
22,1,person,177.68,533.47,183.47,225.38
22,3,person,596.82,335.01,100.61,251.7
22,6,person,1110.4,371.69,106.71,337.05
23,1,person,177.72,532.94,182.66,227.03
23,3,person,598.19,336.02,99.99,252.25
23,6,person,1111.2,372.3,106.7,336.31
24,1,person,177.89,529.36,186.3,234.9
24,3,person,601.07,331.26,101.87,259.48
24,6,person,1112.02,370.58,106.03,333.98
24,5,person,726.34,361.44,75.97,137.91
25,1,person,177.86,530.9,182.45,232.48
25,3,person,603.13,330.15,101.71,262.08
26,1,person,177.96,530.23,181.75,234.2
26,3,person,602.68,337.89,95.38,246.51
27,1,person,178.14,530.77,178.5,232.1
27,3,person,602.07,346.44,88.88,230.13
28,1,person,178.12,532.8,174.2,227.87
28,3,person,602.58,347.08,87.9,227.94
29,1,person,177.96,532.67,172.83,227.54
29,3,person,601.89,347.15,89.42,232.23
30,1,person,178.06,533.13,171.16,226.54
30,3,person,601.68,347.75,89.38,232.35
31,1,person,178.06,532.61,170.88,227.43
31,3,person,601.54,348.81,88.42,230.0
32,1,person,178.13,532.07,170.55,228.22
32,3,person,601.04,354.01,85.13,221.33
33,1,person,178.31,532.7,169.81,228.26
33,3,person,602.67,350.71,86.76,226.31
34,1,person,179.39,535.63,166.34,224.07
34,3,person,603.01,350.54,87.26,226.75
34,6,person,1114.81,368.04,111.75,350.79
35,1,person,181.19,538.16,164.13,221.29
35,3,person,604.88,355.03,87.04,224.48
36,1,person,181.73,539.75,163.62,221.45
36,3,person,605.03,358.61,85.21,219.04
37,1,person,182.65,540.36,162.53,220.52
37,3,person,606.26,353.05,89.1,230.3
38,1,person,185.83,540.36,160.69,218.28
38,3,person,610.08,356.33,87.69,227.79
39,1,person,187.7,540.32,160.08,218.16
39,3,person,609.4,360.27,84.75,220.8
40,1,person,188.08,540.0,160.15,218.84
40,3,person,608.2,361.21,84.01,219.91
41,1,person,187.45,539.75,159.51,218.49
41,3,person,609.13,360.15,83.74,220.03
42,1,person,187.4,539.76,159.59,219.16
42,3,person,608.67,360.09,83.54,220.47
43,1,person,188.32,539.88,159.64,220.18
43,3,person,609.26,361.05,82.86,218.22
43,6,person,1131.64,368.72,108.02,346.28
44,1,person,188.2,539.78,160.22,222.01
44,3,person,608.85,360.91,82.25,217.41
44,6,person,1131.64,368.56,106.42,345.7
45,1,person,187.81,539.61,160.19,222.69
45,3,person,608.87,357.1,83.78,222.2
45,6,person,1131.04,368.71,105.41,344.95
46,1,person,187.46,539.4,160.02,223.04
46,3,person,608.36,355.72,84.23,223.8
46,6,person,1130.32,369.25,104.66,343.77
47,1,person,187.08,539.48,159.94,223.62
47,3,person,607.2,355.58,84.54,225.12
47,6,person,1130.25,368.64,104.6,344.5
48,1,person,186.5,539.7,160.21,224.48
48,3,person,606.75,353.76,85.11,227.47
48,6,person,1130.62,368.31,104.9,346.19
49,1,person,185.77,540.91,161.65,227.56
49,3,person,605.38,357.26,82.98,221.91
49,6,person,1130.63,368.11,105.25,348.37
50,1,person,187.18,539.84,159.89,225.53
50,3,person,604.99,360.1,80.79,215.58
50,6,person,1130.6,368.49,105.72,350.17
51,1,person,188.83,539.68,159.5,225.64
51,3,person,604.77,363.6,79.07,209.93
51,6,person,1131.08,368.05,105.87,351.62
52,1,person,189.44,539.72,159.45,226.31
52,3,person,606.28,357.42,83.7,222.85
52,6,person,1131.21,365.86,106.91,356.62
53,1,person,188.51,539.01,158.46,225.23
53,3,person,605.11,359.65,82.18,218.61
54,1,person,187.87,538.54,157.91,224.39
54,3,person,604.68,363.04,79.92,211.76
55,1,person,187.5,538.12,157.91,224.47
55,3,person,604.28,362.3,79.94,211.41
56,1,person,187.41,537.83,157.51,223.97
56,3,person,604.04,361.05,81.0,214.09
57,1,person,187.19,537.75,157.24,223.38
57,3,person,604.32,359.39,82.26,216.92
57,14,person,719.14,357.12,65.51,159.36
58,1,person,185.72,538.35,158.07,224.57
58,3,person,605.34,352.83,86.54,229.59
58,14,person,724.14,366.95,72.71,177.51
59,1,person,185.0,538.59,158.2,224.76
59,3,person,604.53,357.31,83.44,221.51
59,14,person,732.06,368.02,73.26,178.86
60,1,person,184.79,538.58,158.0,224.41
60,3,person,603.7,360.0,81.56,216.56
60,14,person,738.53,376.78,71.03,171.84
61,1,person,184.38,538.83,157.94,224.33
61,3,person,603.85,355.81,83.31,222.01
62,1,person,184.25,539.36,158.51,225.09
62,3,person,604.29,356.54,82.45,220.21
62,16,person,775.94,337.67,145.55,234.72
63,1,person,183.63,538.84,158.37,224.61
63,3,person,602.56,360.15,78.63,208.62
63,16,person,790.27,332.72,140.86,228.25
64,1,person,183.08,538.69,159.16,225.56
64,3,person,602.45,362.28,77.7,205.54
64,16,person,795.28,332.4,137.0,223.62
65,1,person,182.88,538.53,159.58,225.91
65,3,person,602.79,362.21,78.1,205.68
65,16,person,797.8,332.05,135.13,222.93
66,1,person,182.75,538.27,159.54,225.61
66,3,person,602.14,362.94,77.57,203.68
66,16,person,798.99,330.32,134.76,225.42
67,1,person,182.91,538.21,159.64,225.5
67,3,person,602.02,362.08,78.32,205.37
67,16,person,798.33,329.92,132.56,225.0
68,1,person,183.59,538.79,159.45,225.01
68,3,person,603.11,358.81,80.99,212.67
68,16,person,798.64,330.85,130.54,224.71
69,1,person,183.92,539.02,159.44,224.84
69,3,person,604.04,357.14,81.66,215.13
69,16,person,797.41,331.42,127.9,223.65
70,1,person,184.08,539.28,159.95,225.42
70,3,person,603.49,359.59,80.49,211.99
70,16,person,796.2,331.91,125.76,223.13
71,1,person,183.47,538.21,159.87,225.31
71,3,person,603.31,360.98,79.4,208.95
71,16,person,794.37,329.28,126.21,226.98
72,1,person,182.99,537.68,159.81,224.86
72,3,person,602.53,362.32,79.09,207.79
72,16,person,789.88,330.57,124.28,224.95
73,1,person,183.03,536.92,159.48,223.87
73,3,person,601.72,360.26,78.88,206.9
73,16,person,789.89,330.15,123.32,225.36
74,1,person,183.22,537.24,160.05,224.51
74,3,person,602.73,357.2,81.33,212.7
74,16,person,791.6,330.48,120.94,223.87
75,1,person,183.45,537.21,160.37,224.74
75,3,person,602.63,357.76,80.36,210.46
75,16,person,790.35,330.47,120.52,224.78
76,1,person,182.6,536.76,160.41,224.41
76,3,person,601.79,359.23,79.0,206.74
76,16,person,789.96,331.87,118.37,222.02
77,1,person,181.32,535.93,161.47,225.25
77,3,person,602.13,353.88,81.94,214.9
77,16,person,794.89,331.97,115.56,219.28
78,1,person,180.78,535.63,161.53,224.65
78,3,person,602.21,351.79,83.29,218.87
78,16,person,799.3,329.64,116.38,226.22
79,1,person,180.95,535.78,161.85,224.64
79,3,person,602.26,356.17,80.22,210.16
79,16,person,799.01,330.49,113.67,225.22
80,1,person,180.94,535.62,162.09,224.42
80,3,person,602.37,357.39,79.74,207.94
80,16,person,808.58,330.98,109.24,222.45
81,1,person,180.74,535.54,162.61,224.63
81,3,person,602.67,351.89,82.68,215.9
81,16,person,815.21,332.11,105.56,220.65
82,1,person,180.28,534.8,163.42,225.55
82,3,person,606.04,343.52,89.29,233.02
82,16,person,820.09,331.09,102.24,218.3
83,1,person,180.01,534.64,164.12,226.38
83,3,person,609.47,339.83,92.45,239.16
83,16,person,826.0,327.27,103.75,225.17
84,1,person,179.91,533.94,163.96,226.1
84,3,person,609.07,335.2,95.89,248.23
84,16,person,833.62,326.29,101.4,223.91
85,1,person,179.31,532.83,163.34,225.04
85,3,person,606.34,335.34,95.48,247.71
86,1,person,178.94,532.49,163.48,224.99
86,3,person,606.52,333.79,97.08,252.97
87,1,person,179.04,532.21,163.49,224.83
87,3,person,606.69,335.01,96.21,251.42
88,1,person,179.1,532.09,163.35,224.43
88,3,person,606.45,336.18,94.92,248.46
89,1,person,178.93,531.98,164.25,225.82
89,3,person,606.88,336.03,95.48,250.77
89,16,person,867.92,361.63,72.84,157.85
90,1,person,179.03,532.01,163.99,225.46
90,3,person,607.36,335.9,94.9,250.13
90,16,person,878.34,364.66,70.44,150.32
91,1,person,178.98,531.7,164.15,225.83
91,3,person,605.93,337.06,93.03,245.57
92,1,person,178.96,531.14,164.05,225.95
92,3,person,605.72,337.55,92.65,244.82
93,1,person,178.84,530.71,164.07,226.23
93,3,person,605.56,337.42,92.19,243.94
94,1,person,178.87,530.69,164.0,226.34
94,3,person,605.61,336.67,92.43,244.85
95,1,person,178.89,530.43,163.43,225.57
95,3,person,605.28,335.1,93.23,247.69
96,1,person,179.16,530.73,163.24,225.43
96,3,person,605.89,335.68,92.64,246.26
97,1,person,179.13,530.76,162.93,224.95
97,3,person,605.8,335.2,92.78,247.05
98,1,person,178.51,529.83,163.66,226.01
98,3,person,605.24,334.73,92.48,246.41
99,1,person,177.84,528.67,165.1,228.17
99,3,person,606.02,334.44,93.34,247.61
100,1,person,177.14,528.18,165.68,229.04
100,3,person,604.58,333.95,93.24,247.38
101,1,person,176.33,526.84,165.19,228.03
101,3,person,603.43,333.43,93.5,247.94
102,1,person,175.1,526.41,164.61,226.67
102,3,person,600.09,334.35,92.22,245.2
103,1,person,174.46,527.08,162.38,222.29
103,3,person,598.58,336.18,90.67,240.97
104,1,person,174.3,526.92,161.75,220.12
104,3,person,598.7,333.8,92.35,245.16
105,1,person,174.42,527.06,161.88,219.14
105,3,person,599.33,332.9,92.96,246.16
106,1,person,173.85,526.85,162.62,218.95
106,3,person,598.6,331.03,94.26,249.63
107,1,person,173.26,527.02,163.4,218.67
107,3,person,599.42,331.38,94.06,247.96
108,1,person,173.28,527.51,164.1,218.53
108,3,person,599.65,332.18,93.94,246.6
109,1,person,172.81,528.13,165.22,218.82
109,3,person,599.83,333.59,93.73,245.24
110,1,person,171.7,528.73,166.89,219.88
110,3,person,598.87,335.22,92.9,242.92
111,1,person,170.43,529.13,167.59,219.38
111,3,person,598.71,334.54,93.76,244.97
112,1,person,170.13,528.8,168.31,219.25
112,3,person,598.48,334.8,94.65,246.33
113,1,person,171.48,528.67,167.83,217.92
113,3,person,598.71,334.27,95.03,245.88
114,1,person,172.94,527.47,170.3,221.74
114,3,person,598.88,334.24,95.03,245.09
115,1,person,171.49,526.83,172.54,224.76
115,3,person,598.57,334.6,95.55,245.84
116,1,person,167.4,527.5,171.76,221.9
116,3,person,597.29,334.77,95.65,245.87
117,1,person,165.63,527.57,173.56,222.74
117,3,person,598.02,334.1,96.99,248.8
118,1,person,166.78,525.91,178.49,229.67
118,3,person,599.0,334.64,96.88,247.36
119,1,person,166.55,529.37,174.91,223.82
119,3,person,599.25,334.46,97.09,246.75
120,1,person,167.08,528.73,176.87,226.38
120,3,person,598.26,335.27,96.4,244.66
121,1,person,166.67,528.42,178.87,228.94
121,3,person,598.67,336.6,96.39,243.83
122,1,person,166.72,528.71,179.3,229.55
122,3,person,597.91,336.58,96.45,243.66
123,1,person,167.4,530.35,177.74,227.63
123,3,person,598.51,337.43,96.57,243.55
124,1,person,169.08,531.29,177.25,227.47
124,3,person,594.8,342.15,92.26,233.73
125,1,person,170.32,532.74,175.8,226.02
125,3,person,595.55,341.74,93.17,236.23
126,1,person,170.34,533.23,175.11,225.53
126,3,person,597.26,340.35,94.09,237.49
127,1,person,170.78,533.97,174.32,224.97
127,3,person,597.66,342.02,93.27,234.79
128,1,person,171.47,533.61,174.61,225.93
128,3,person,598.35,342.11,94.22,236.84
128,28,person,1112.56,370.51,100.38,346.22
129,1,person,171.64,532.89,175.43,227.59
129,3,person,599.12,341.5,95.84,240.17
129,28,person,1112.43,370.73,100.37,345.96
130,1,person,172.08,534.47,170.21,220.2
130,3,person,596.01,353.47,86.96,217.51
130,28,person,1112.7,370.28,100.17,344.95
131,1,person,172.43,533.32,166.01,213.76
131,3,person,596.22,354.71,86.0,213.93
131,28,person,1113.74,369.85,99.84,343.37
132,1,person,172.84,533.18,167.87,216.27
132,3,person,598.45,347.16,92.9,230.23
132,28,person,1113.91,369.27,99.42,341.34
133,1,person,173.37,533.38,169.15,218.25
133,3,person,597.12,351.52,90.5,223.14
133,28,person,1114.21,369.06,99.49,341.19
134,1,person,174.04,534.62,170.09,220.04
134,3,person,593.36,359.46,83.79,207.04
134,28,person,1114.29,370.17,99.19,339.52
135,1,person,174.49,535.63,171.3,222.38
135,3,person,595.06,361.26,82.95,203.79
135,28,person,1114.59,370.35,99.08,338.61
136,1,person,174.52,536.13,172.14,224.35
136,3,person,594.38,362.76,82.71,203.17
136,28,person,1115.31,370.12,99.11,338.62
137,1,person,173.99,535.79,173.02,226.44
137,3,person,593.62,362.57,82.84,203.75
137,28,person,1115.07,370.09,99.71,340.31
138,1,person,173.39,536.95,172.97,227.16
138,3,person,593.63,362.62,82.72,203.53
138,28,person,1115.36,370.61,100.22,341.73
139,1,person,173.51,537.26,173.12,228.17
139,3,person,594.29,362.05,83.72,206.77
139,28,person,1115.06,370.96,100.71,343.07
140,1,person,174.0,537.03,172.57,228.3
140,3,person,596.41,361.1,85.29,209.77
140,28,person,1114.69,371.25,100.79,343.01
141,1,person,173.94,537.38,168.32,222.3
141,3,person,595.38,362.95,84.12,206.82
141,28,person,1114.97,371.78,100.22,340.8
142,1,person,174.14,537.88,166.67,219.95
142,3,person,598.09,356.69,88.86,218.98
142,28,person,1114.05,372.37,100.5,340.73
143,1,person,174.62,538.25,166.06,218.83
143,3,person,598.72,356.84,88.65,218.39
143,28,person,1113.94,372.91,100.48,339.75
144,1,person,175.06,538.55,165.93,218.44
144,3,person,598.42,360.45,86.84,213.49
144,28,person,1113.55,373.07,100.92,340.11
145,1,person,174.9,538.92,165.83,217.97
145,3,person,597.18,364.08,84.36,206.95
145,28,person,1113.69,372.8,101.12,340.07
146,1,person,174.49,538.73,165.86,217.68
146,3,person,597.73,363.02,85.47,209.35
146,28,person,1114.18,372.83,100.53,338.04
147,1,person,174.32,538.81,166.04,217.6
147,3,person,599.04,363.74,85.55,208.0
147,28,person,1113.51,372.83,100.93,338.45
148,1,person,175.34,539.03,166.5,218.16
148,3,person,600.17,357.81,91.21,222.04
148,28,person,1113.37,372.8,101.85,340.46
149,1,person,175.81,539.1,166.29,217.89
149,3,person,598.18,362.94,87.3,212.74
149,28,person,1113.83,372.79,102.18,340.94
150,1,person,176.08,539.13,166.25,217.77
150,3,person,598.11,364.07,86.69,210.68
150,28,person,1113.13,373.31,102.43,340.74
151,1,person,176.07,539.19,165.81,217.23
151,3,person,597.43,365.55,85.77,208.21
151,28,person,1112.94,373.37,102.73,340.87
152,1,person,176.0,539.67,165.34,216.52
152,3,person,595.65,367.14,84.34,205.48
152,28,person,1113.47,373.23,103.47,342.9
153,1,person,175.61,539.59,165.65,216.73
153,3,person,595.5,367.2,84.1,205.4
153,28,person,1114.01,372.95,103.16,342.18
154,1,person,175.06,539.58,166.23,217.23
154,3,person,594.49,368.39,82.24,201.06
154,28,person,1113.51,377.07,100.41,332.62
155,1,person,174.84,539.46,166.75,217.67
155,3,person,593.84,369.34,81.52,199.06
155,28,person,1113.49,377.48,100.32,332.64
156,1,person,175.32,539.33,166.7,217.44
156,3,person,595.16,366.33,84.3,206.23
156,28,person,1113.56,377.09,100.63,333.96
157,1,person,176.13,539.91,166.25,216.8
157,3,person,597.75,363.39,87.49,214.14
157,28,person,1114.33,375.21,101.75,338.33
158,1,person,176.19,540.1,166.13,216.69
158,3,person,596.43,366.34,85.35,209.24
158,28,person,1114.99,375.38,101.72,338.83
159,1,person,176.85,540.33,165.87,216.66
159,3,person,597.44,363.4,87.45,214.6
159,28,person,1114.91,375.2,101.54,338.72
160,1,person,177.3,542.0,168.46,221.35
160,3,person,596.75,365.75,85.23,210.15
160,28,person,1115.11,375.7,101.17,337.79
161,1,person,177.62,541.3,166.13,218.69
161,3,person,596.78,365.64,84.82,210.09
161,28,person,1115.13,375.59,101.25,338.38
162,1,person,177.6,542.34,167.18,221.15
162,3,person,597.76,365.52,84.58,209.94
162,28,person,1116.01,376.26,100.92,338.08
163,1,person,177.58,542.58,167.29,222.21
163,3,person,597.93,365.23,84.7,210.47
163,28,person,1117.65,383.71,96.48,322.95
164,1,person,177.68,542.44,166.73,222.18
164,3,person,598.92,366.46,84.29,208.48
164,28,person,1117.03,381.61,97.92,328.08
165,1,person,177.69,542.12,165.69,221.41
165,3,person,598.57,364.61,85.66,212.45
165,28,person,1117.93,406.33,85.22,278.55
166,1,person,177.77,541.9,164.96,220.96
166,3,person,599.3,363.36,86.37,214.67
166,28,person,1118.77,422.68,77.52,246.08
167,1,person,187.65,540.89,165.85,218.05
167,3,person,598.61,364.95,85.53,212.71
167,28,person,1114.46,397.82,96.14,304.29
168,1,person,191.49,539.25,168.48,217.96
168,3,person,598.47,365.42,85.35,211.9
168,28,person,1113.16,393.82,99.39,312.98
169,1,person,193.31,538.79,170.92,218.03
169,3,person,599.65,365.7,85.55,211.02
169,28,person,1113.59,411.38,90.34,277.61
170,1,person,193.68,539.15,172.57,217.49
170,3,person,598.33,366.23,85.56,211.09
170,28,person,1115.06,421.6,85.06,254.98
170,31,person,1121.17,376.95,102.47,342.94
171,1,person,194.41,539.53,174.54,217.46
171,3,person,598.93,365.5,86.03,211.71
171,31,person,1116.07,401.47,88.52,294.75
172,1,person,193.91,539.77,175.92,217.2
172,3,person,601.25,366.21,87.8,214.37
172,33,person,543.69,572.92,155.58,110.71
172,28,person,1114.01,423.2,86.74,252.69
173,1,person,193.28,539.95,177.07,216.96
173,3,person,599.81,365.54,87.6,214.17
173,33,person,560.22,568.28,162.8,116.16
173,34,person,1121.16,377.58,110.21,341.19
173,28,person,1114.97,431.63,84.21,237.38
174,1,person,193.6,539.96,178.4,216.9
174,3,person,602.33,363.56,89.4,217.47
174,33,person,574.09,565.25,172.41,123.81
174,34,person,1121.05,376.66,111.42,345.36
174,28,person,1113.5,426.33,91.7,253.63
175,1,person,194.0,540.03,179.6,216.81
175,3,person,600.91,363.97,87.6,212.72
175,33,person,586.35,558.77,185.85,135.1
175,34,person,1115.23,380.52,112.65,349.21
176,1,person,193.26,539.87,180.82,217.17
176,3,person,601.38,362.32,88.3,213.81
176,33,person,604.23,551.59,195.17,144.15
176,34,person,1114.54,382.4,111.93,346.86
177,1,person,193.55,539.79,181.77,216.95
177,3,person,602.47,361.32,87.99,212.6
177,33,person,616.01,548.86,200.2,150.69
177,34,person,1116.04,383.91,110.8,343.27
178,1,person,193.81,539.72,182.89,216.95
178,3,person,600.3,360.84,87.44,212.74
178,33,person,624.21,546.7,201.24,154.79
178,34,person,1116.82,384.64,110.84,343.62
179,1,person,193.21,539.76,183.76,217.0
179,3,person,599.5,361.96,87.48,213.81
179,33,person,640.51,543.39,198.56,156.0
179,34,person,1118.42,383.82,110.83,343.4
180,1,person,192.65,539.83,184.33,216.9
180,3,person,599.45,362.84,87.2,213.9
180,33,person,658.36,540.6,201.49,162.03
180,34,person,1117.37,388.43,110.34,342.31
180,28,person,1113.47,442.12,87.84,233.49
181,1,person,193.37,540.18,184.89,216.26
181,3,person,599.15,365.57,85.91,211.78
181,33,person,669.98,539.36,201.25,165.48
181,34,person,1116.58,388.32,111.55,346.01
182,1,person,192.97,540.0,185.88,216.75
182,3,person,599.02,367.15,84.77,209.75
182,33,person,681.48,536.54,199.54,168.38
182,34,person,1114.93,387.55,110.0,341.69
183,1,person,192.62,540.37,186.33,216.43
183,3,person,599.04,367.38,84.51,209.55
183,33,person,695.24,535.09,195.08,168.08
183,34,person,1114.32,389.01,109.63,340.72
184,1,person,192.46,540.21,186.85,216.57
184,3,person,599.66,366.9,84.35,209.47
184,33,person,706.99,531.45,194.07,171.56
184,34,person,1114.84,396.06,104.75,324.66
185,1,person,192.84,540.18,187.33,216.61
185,3,person,599.78,367.77,83.38,207.45
185,33,person,717.94,529.27,192.95,174.64
185,34,person,1114.29,400.68,105.62,327.25
186,1,person,193.23,540.43,187.76,216.33
186,3,person,600.95,368.76,83.11,207.23
186,33,person,731.71,527.06,191.11,176.13
186,34,person,1113.98,408.36,103.47,317.18
187,1,person,193.01,540.63,188.05,216.0
187,3,person,601.43,368.95,83.48,208.3
187,33,person,742.47,523.44,187.71,175.95
187,34,person,1113.97,407.45,107.67,328.27
188,1,person,193.22,540.47,188.59,216.18
188,3,person,601.84,364.55,86.29,215.56
188,33,person,751.17,521.09,193.84,185.51
188,34,person,1114.9,401.42,112.93,344.71
188,35,person,858.78,560.14,157.36,113.44
189,1,person,194.41,540.7,189.35,216.04
189,3,person,600.69,364.57,85.73,214.17
189,33,person,762.02,518.14,192.51,187.72
189,34,person,1115.91,399.39,116.25,356.05
189,35,person,865.7,557.03,164.83,119.01
190,1,person,196.11,541.18,190.2,215.79
190,3,person,600.61,364.1,86.54,216.52
190,33,person,770.56,515.59,189.06,188.13
190,34,person,1116.96,403.11,114.18,350.3
190,35,person,858.64,554.32,172.51,124.21
190,37,person,804.12,518.39,253.02,196.16
191,1,person,196.87,541.4,191.16,215.73
191,3,person,600.46,363.53,87.06,218.46
191,33,person,775.31,515.55,189.21,192.22
191,34,person,1117.19,407.02,112.4,345.25
191,35,person,860.93,552.34,178.37,127.72
191,37,person,802.97,518.69,254.06,197.4
192,1,person,197.24,541.42,192.17,215.91
192,3,person,600.05,363.41,86.49,218.36
192,33,person,782.85,514.01,191.67,199.15
192,34,person,1116.62,407.53,111.52,343.17
192,35,person,880.59,549.6,181.23,130.58
192,37,person,812.67,517.12,260.44,202.99
193,1,person,197.95,541.32,192.84,215.91
193,3,person,601.39,358.71,89.75,228.26
193,33,person,785.52,513.03,189.57,201.8
193,34,person,1116.23,409.22,109.29,336.14
193,35,person,876.33,547.93,187.8,134.59
193,37,person,816.45,515.29,262.89,206.03
194,1,person,198.14,541.41,193.13,215.57
194,3,person,602.07,364.16,85.92,218.38
194,33,person,787.49,512.08,188.86,205.69
194,34,person,1116.85,416.43,105.34,321.47
194,35,person,859.66,546.61,196.41,137.51
194,37,person,840.23,512.62,268.78,210.05
195,1,person,197.85,541.37,193.8,215.83
195,3,person,603.23,359.26,89.29,227.32
195,33,person,793.88,510.27,188.33,209.67
195,34,person,1117.67,412.37,109.13,333.54
195,35,person,862.62,545.79,202.27,139.03
195,37,person,856.74,511.45,272.34,211.96
196,1,person,197.06,541.22,194.32,216.06
196,3,person,603.26,357.65,90.5,230.53
196,33,person,797.88,508.13,188.51,213.93
196,34,person,1118.5,410.01,110.77,339.71
196,35,person,863.44,545.07,209.35,140.97
196,37,person,864.91,510.07,277.35,214.69
197,1,person,197.84,541.23,194.26,215.5
197,3,person,603.56,361.91,87.53,222.14
197,33,person,801.37,506.1,188.12,217.91
197,34,person,1118.97,406.67,111.72,344.54
197,35,person,882.72,543.96,213.1,143.16
198,1,person,199.07,541.4,194.38,215.03
198,3,person,605.57,358.87,90.68,230.09
198,33,person,812.78,504.38,189.19,220.7
198,34,person,1118.88,408.53,110.5,341.86
198,35,person,874.98,540.28,228.87,150.98
198,37,person,866.89,504.52,287.09,223.06
199,1,person,200.32,541.79,194.59,214.48
199,3,person,606.7,358.93,91.75,232.43
199,33,person,808.17,503.47,187.51,223.0
199,34,person,1119.35,406.45,111.79,348.08
199,35,person,875.67,541.15,230.11,149.11
199,37,person,867.16,503.25,288.64,224.88
200,1,person,200.93,541.87,195.11,214.23
200,3,person,606.2,361.03,90.56,228.68
200,33,person,817.16,502.61,186.86,223.61
200,34,person,1119.45,407.2,110.55,345.61
200,35,person,897.68,541.21,229.1,149.04
200,37,person,874.1,522.32,246.75,187.43
201,1,person,201.29,542.29,195.84,214.26
201,3,person,605.33,366.06,87.25,219.13
201,33,person,827.54,502.04,187.64,224.33
201,34,person,1119.73,405.45,110.86,347.81
201,35,person,898.99,540.6,233.74,151.27
201,37,person,878.11,514.25,266.77,202.06
201,46,forklift,256.07,392.35,486.8,569.59
202,1,person,201.64,542.5,196.54,214.31
202,3,person,604.63,369.08,85.22,212.65
202,33,person,831.56,501.83,188.08,225.33
202,34,person,1119.93,406.04,109.87,345.31
202,35,person,889.73,538.32,242.19,154.47
202,37,person,880.89,507.87,282.39,214.19
202,46,forklift,262.64,392.76,484.02,565.26
203,1,person,201.31,542.88,197.57,214.94
203,3,person,605.89,366.35,88.08,219.23
203,33,person,836.41,501.72,189.54,225.76
203,34,person,1120.49,403.05,112.69,355.7
203,35,person,892.6,538.92,244.82,154.52
203,37,person,882.09,503.91,292.29,222.2
203,46,forklift,261.7,397.21,485.55,565.85
204,1,person,201.1,542.87,198.23,215.2
204,3,person,605.13,367.1,86.96,216.08
204,33,person,838.44,502.16,190.74,225.78
204,34,person,1121.11,401.73,113.51,359.51
204,35,person,896.24,539.17,247.1,154.64
204,37,person,882.15,502.47,296.25,225.69
204,46,forklift,262.01,396.06,486.65,565.49
205,1,person,200.75,542.17,198.41,215.06
205,3,person,604.57,367.35,86.45,214.19
205,33,person,838.62,501.85,193.26,228.39
205,34,person,1120.44,411.21,107.11,337.47
205,35,person,887.31,537.48,255.51,158.22
205,37,person,881.63,501.93,296.54,226.83
205,46,forklift,262.81,392.2,490.38,567.97
206,1,person,200.26,541.58,198.55,215.04
206,3,person,604.79,366.91,88.2,218.03
206,33,person,836.8,521.62,166.65,190.2
206,34,person,1120.41,419.67,102.7,321.05
206,35,person,886.38,538.59,254.83,156.64
206,46,forklift,257.78,391.23,494.04,571.23
206,47,person,924.12,539.52,210.02,153.04
207,1,person,201.13,541.98,198.35,214.41
207,3,person,604.51,368.21,87.24,215.22
207,33,person,837.22,527.05,161.14,180.64
207,34,person,1120.53,412.98,106.71,333.97
207,47,person,909.83,540.67,212.16,154.35
208,1,person,201.54,542.23,198.54,214.33
208,3,person,604.73,370.12,85.86,210.75
208,33,person,842.73,531.54,156.92,171.79
208,34,person,1120.86,405.46,111.07,349.48
208,35,person,884.3,537.48,259.92,158.77
208,46,forklift,257.05,395.52,493.0,568.21
209,1,person,201.5,542.41,198.7,214.26
209,3,person,604.87,371.01,85.65,209.23
209,34,person,1121.05,399.36,114.02,361.02
209,35,person,890.11,534.06,268.39,164.98
209,46,forklift,256.76,399.02,497.11,571.64
209,37,person,868.46,500.53,286.03,227.1
210,1,person,201.59,542.69,199.12,214.55
210,3,person,606.58,363.77,92.04,225.71
210,34,person,1121.49,397.35,114.46,364.7
210,46,forklift,256.23,401.85,499.2,572.87
210,37,person,886.68,501.35,280.7,226.31
210,47,person,899.2,540.6,210.2,151.87
211,1,person,202.68,543.28,199.73,215.2
211,3,person,605.76,371.32,86.12,211.13
211,34,person,1122.06,401.47,111.13,355.15
211,46,forklift,264.4,401.27,499.66,569.54
211,48,person,960.68,543.35,115.43,145.71
211,47,person,902.44,543.32,207.15,148.62
211,33,person,860.64,538.83,143.05,155.51
212,1,person,204.42,543.68,199.66,215.12
212,3,person,605.99,369.99,86.66,213.82
212,34,person,1123.29,402.73,110.73,355.15
212,46,forklift,263.55,399.51,498.83,565.73
212,47,person,922.2,543.16,205.05,148.35
212,33,person,862.0,511.93,186.36,209.24
213,1,person,208.04,544.59,198.57,213.53
213,3,person,610.78,363.73,90.92,226.03
213,46,forklift,268.96,401.94,503.62,567.22
213,47,person,916.13,544.04,203.01,146.05
213,33,person,866.63,503.95,196.43,226.77
214,1,person,209.36,545.78,197.56,211.66
214,3,person,609.16,371.2,84.5,210.53
214,46,forklift,272.34,400.11,505.12,564.37
214,47,person,912.37,543.85,204.48,146.29
214,33,person,871.23,500.53,197.82,233.84
214,48,person,954.73,545.94,114.18,143.25
215,1,person,209.94,546.71,197.41,210.57
215,3,person,611.36,366.41,88.02,221.63
215,46,forklift,272.95,396.4,507.98,563.59
215,47,person,913.55,543.8,205.88,146.97
215,33,person,877.81,498.7,196.91,237.47
215,48,person,949.96,546.31,114.62,142.11
216,1,person,210.05,547.51,197.78,209.94
216,3,person,611.22,368.02,87.26,221.52
216,46,forklift,269.35,394.91,510.98,564.55
216,47,person,913.39,536.39,225.43,162.11
216,33,person,884.96,498.69,194.73,237.77
216,48,person,940.43,545.86,118.01,143.05
217,1,person,209.95,548.22,199.64,210.99
217,3,person,613.56,368.19,88.03,224.3
217,46,forklift,269.61,392.17,515.72,567.45
217,47,person,916.93,541.93,211.52,151.59
217,33,person,887.46,497.71,193.63,239.73
217,48,person,947.74,545.66,119.33,143.21
217,35,person,912.4,517.53,308.02,199.2
218,1,person,209.65,548.83,202.02,212.73
218,3,person,611.63,373.8,84.49,216.42
218,46,forklift,292.9,395.31,524.76,568.2
218,47,person,918.8,540.09,217.01,155.93
218,33,person,888.44,494.12,196.19,248.22
218,48,person,956.99,546.48,118.54,141.8
218,34,person,1126.96,443.21,88.77,274.18
219,1,person,209.22,549.11,203.37,213.61
219,3,person,610.07,374.92,83.58,215.31
219,47,person,925.18,540.56,215.79,155.57
219,33,person,888.86,487.89,196.96,255.71
219,34,person,1127.1,446.3,89.49,268.76
220,1,person,208.91,549.18,204.28,214.04
220,3,person,611.34,371.24,85.96,223.3
220,47,person,928.64,543.53,209.27,150.67
220,33,person,889.16,485.41,199.83,266.77
220,34,person,1127.17,448.66,90.0,264.23
220,37,person,924.67,505.9,270.56,226.35
220,46,forklift,300.38,394.87,527.7,562.35
221,1,person,209.19,549.32,204.88,214.2
221,3,person,613.66,367.65,89.4,233.54
221,47,person,933.87,545.5,204.66,147.01
221,33,person,889.55,481.72,198.53,272.1
221,34,person,1127.79,449.79,90.18,260.2
221,46,forklift,301.62,395.59,534.36,561.61
222,1,person,208.88,549.71,206.01,215.16
222,3,person,615.87,364.95,90.07,236.38
222,47,person,941.28,546.31,203.91,145.9
222,33,person,891.53,480.03,197.97,278.45
222,34,person,1128.68,449.55,92.07,262.37
222,46,forklift,303.85,397.1,540.76,560.76
223,1,person,207.95,549.63,206.79,215.7
223,3,person,613.61,365.25,88.91,235.59
223,47,person,945.07,546.03,206.23,147.01
223,33,person,893.31,477.63,195.88,282.65
223,34,person,1128.54,449.64,92.05,259.42
223,46,forklift,304.59,396.58,546.78,560.28
224,1,person,207.61,550.13,207.43,216.11
224,3,person,612.25,368.53,86.7,230.65
224,47,person,951.82,544.61,209.99,149.43
224,33,person,895.22,473.69,195.45,289.64
224,34,person,1129.14,449.15,93.73,262.28
224,46,forklift,305.59,396.75,553.67,561.29
225,1,person,207.54,549.98,208.08,216.58
225,3,person,612.71,366.51,87.59,235.04
225,47,person,957.88,544.33,213.89,151.33
225,33,person,898.93,472.86,190.94,289.81
225,46,forklift,302.0,397.1,556.08,559.11
226,1,person,208.25,549.78,207.86,216.23
226,3,person,611.08,368.93,85.24,229.93
226,47,person,966.97,543.49,216.32,151.84
226,33,person,902.03,472.05,187.18,290.34
226,46,forklift,305.97,395.6,560.63,557.91
227,1,person,209.45,548.7,206.31,214.72
227,3,person,612.8,365.21,86.86,234.75
227,47,person,971.09,543.57,216.74,150.84
227,33,person,904.73,470.76,186.07,294.06
227,46,forklift,303.25,392.61,566.29,559.97
228,1,person,209.64,548.15,205.65,214.09
228,3,person,614.62,363.04,88.39,239.32
228,47,person,973.17,544.12,217.02,150.27
228,33,person,906.96,468.88,183.95,295.88
228,46,forklift,300.56,392.03,569.45,560.26
229,1,person,209.37,548.05,205.75,214.14
229,3,person,611.66,365.57,85.42,232.54
229,47,person,974.89,543.84,217.2,150.27
229,33,person,910.36,467.68,181.09,296.12
229,46,forklift,284.87,391.36,569.74,564.82
230,1,person,208.23,548.62,206.83,215.0
230,3,person,610.27,368.82,82.94,226.15
230,47,person,981.54,542.85,216.61,150.9
230,33,person,912.63,465.7,177.69,294.49
230,46,forklift,298.0,392.62,574.44,563.76
230,34,person,1131.15,446.74,95.91,266.68
231,1,person,208.13,548.75,207.46,215.57
231,3,person,609.99,366.38,84.74,232.51
231,47,person,988.45,541.56,215.85,152.45
231,33,person,914.03,457.85,172.13,287.33
231,46,forklift,304.49,393.91,579.81,565.49
231,34,person,1131.64,444.25,97.54,270.69
232,1,person,207.51,548.49,207.04,214.77
232,3,person,611.36,365.51,85.4,234.51
232,47,person,990.96,540.75,214.33,153.55
232,33,person,915.19,450.87,167.8,281.87
232,46,forklift,303.26,394.45,584.09,567.74
232,34,person,1131.51,443.9,97.21,268.86
233,1,person,207.89,548.05,206.76,214.42
233,3,person,609.07,368.64,81.71,224.1
233,47,person,987.95,539.19,215.88,156.41
233,33,person,914.63,447.9,168.07,283.7
233,46,forklift,302.51,393.83,587.24,569.23
234,1,person,207.18,548.81,207.66,215.41
234,3,person,608.99,370.55,81.02,222.18
234,33,person,915.22,446.15,168.21,285.77
234,46,forklift,303.93,395.25,588.28,568.09
235,1,person,206.54,549.14,208.32,215.93
235,3,person,611.45,367.45,84.67,232.56
235,33,person,916.01,445.19,168.89,288.2
235,46,forklift,302.7,394.98,587.95,566.08
235,47,person,976.66,536.97,220.42,160.17
236,1,person,206.85,549.09,208.14,215.33
236,3,person,614.34,364.28,87.19,238.64
236,33,person,915.44,440.98,167.82,287.73
236,46,forklift,286.42,393.31,572.85,568.13
236,47,person,969.68,533.91,223.78,164.35
237,1,person,207.65,548.5,207.7,214.8
237,3,person,613.18,362.28,87.98,241.52
237,33,person,914.29,439.96,167.73,290.07
237,46,forklift,280.59,391.08,561.18,570.56
237,47,person,969.0,531.21,228.93,171.34
237,34,person,1130.47,443.94,97.44,267.23
238,1,person,207.86,548.01,207.11,214.03
238,3,person,614.7,359.41,89.31,244.66
238,33,person,913.94,436.86,163.87,286.72
238,46,forklift,280.49,387.34,560.97,575.69
238,47,person,962.76,530.03,232.89,177.31
238,34,person,1129.82,444.36,98.74,268.7
239,1,person,208.18,548.4,207.48,214.26
239,3,person,612.24,361.12,88.07,241.81
239,33,person,914.42,436.28,158.91,280.87
239,46,forklift,289.53,391.9,579.06,569.64
239,47,person,956.55,528.22,233.67,181.65
239,34,person,1129.78,444.0,98.84,266.84
240,1,person,208.11,548.53,207.95,214.6
240,3,person,611.85,361.89,87.05,239.84
240,33,person,915.08,443.4,167.52,301.53
240,46,forklift,301.56,395.8,580.59,567.06
240,47,person,951.17,526.57,231.08,182.93
240,34,person,1129.99,443.61,98.78,264.94
241,1,person,207.55,549.04,208.62,215.24
241,3,person,612.96,361.54,86.86,240.13
241,33,person,914.12,446.83,165.56,302.4
241,46,forklift,302.29,395.84,580.96,564.92
241,47,person,949.8,526.03,227.6,183.36
241,34,person,1130.23,443.59,99.45,265.44
242,1,person,208.1,549.2,208.74,215.44
242,3,person,612.84,361.22,86.09,238.27
242,33,person,917.26,454.64,153.74,282.78
242,46,forklift,302.27,394.73,580.34,561.81
242,47,person,949.12,525.77,224.28,183.55
242,34,person,1130.26,443.03,99.95,265.63
243,1,person,207.78,549.68,209.78,216.54
243,3,person,614.84,361.9,86.85,240.7
243,33,person,918.43,461.54,149.33,276.33
243,46,forklift,308.55,395.4,583.26,560.61
243,47,person,949.35,526.11,220.91,183.37
243,34,person,1130.54,442.79,101.56,269.37
244,1,person,207.57,549.96,210.2,216.94
244,3,person,616.16,361.92,86.56,239.91
244,33,person,919.48,463.4,143.66,266.89
244,46,forklift,307.78,395.55,585.96,560.49
244,47,person,949.81,526.58,217.7,183.04
244,34,person,1131.0,441.94,103.1,273.5
245,1,person,208.39,549.92,209.72,216.48
245,3,person,617.46,362.33,87.02,240.59
245,33,person,917.19,459.38,149.21,279.85
245,46,forklift,307.06,396.37,586.01,557.8
245,47,person,949.43,526.57,215.48,183.33
245,34,person,1130.03,444.91,104.59,277.26
246,1,person,208.3,550.11,210.22,216.97
246,3,person,615.2,362.93,86.39,239.7
246,33,person,915.58,461.02,149.98,283.25
246,46,forklift,311.08,396.06,589.91,558.05
246,47,person,949.17,526.5,213.39,183.5
246,34,person,1129.63,445.93,105.18,278.61
247,1,person,207.94,550.3,210.71,217.38
247,3,person,615.27,362.66,86.57,240.37
247,33,person,915.81,459.72,148.49,282.2
247,46,forklift,310.08,394.98,592.33,557.86
247,47,person,949.3,526.72,211.44,183.61
247,34,person,1129.81,444.01,106.96,283.89
248,1,person,207.92,550.34,210.46,217.01
248,3,person,616.5,361.89,86.85,240.91
248,33,person,917.34,460.57,145.98,278.47
248,46,forklift,311.59,393.95,595.13,557.7
248,47,person,949.42,526.65,209.55,183.62
248,34,person,1130.7,442.18,105.17,279.33
249,1,person,208.01,550.24,210.61,217.0
249,3,person,616.32,362.08,87.15,242.25
249,33,person,918.73,460.81,138.2,262.91
249,46,forklift,309.88,395.26,597.7,558.3
249,47,person,950.22,526.66,208.04,183.94
249,34,person,1131.11,439.42,105.87,282.3
250,1,person,208.59,550.63,210.89,217.27
250,3,person,621.16,362.09,88.66,243.53
250,33,person,918.04,461.45,148.77,285.81
250,46,forklift,305.67,399.26,599.83,559.77
250,47,person,951.93,527.48,203.64,180.89
250,34,person,1132.28,427.83,112.44,303.76
251,1,person,209.69,550.95,211.37,218.14
251,3,person,622.26,362.98,88.9,243.45
251,33,person,928.27,460.1,160.11,306.93
251,46,forklift,305.88,399.39,600.88,559.71
251,47,person,955.48,518.99,219.62,198.74
251,34,person,1134.11,416.67,118.68,325.46
252,1,person,210.58,551.29,211.17,218.45
252,3,person,625.39,362.41,90.57,245.69
252,33,person,932.16,458.4,165.55,317.45
252,47,person,958.87,511.13,232.71,215.23
252,34,person,1136.17,422.45,113.22,311.17
253,1,person,212.07,551.22,210.27,218.2
253,3,person,624.9,363.03,90.88,245.6
253,33,person,930.44,453.67,163.25,317.26
253,47,person,961.62,517.28,217.26,202.78
253,34,person,1137.49,414.69,116.81,324.6
254,1,person,211.6,551.0,209.65,217.87
254,3,person,624.94,364.02,90.29,243.29
254,33,person,931.66,455.03,163.09,318.2
254,47,person,963.04,518.64,211.65,199.47
254,34,person,1138.91,431.07,105.89,292.0
255,1,person,212.0,550.73,209.25,217.85
255,3,person,627.16,362.33,90.6,242.15
255,33,person,931.27,456.24,159.32,314.5
255,47,person,962.66,516.23,214.47,204.08
255,34,person,1141.35,419.17,115.7,323.44
255,46,forklift,303.63,397.66,604.35,562.73
256,1,person,214.31,550.55,208.93,218.31
256,3,person,629.34,362.74,90.09,238.16
256,33,person,935.18,444.36,142.04,279.78
256,47,person,963.93,521.91,203.51,194.37
256,34,person,1145.49,411.13,121.39,346.0
256,46,forklift,296.55,396.34,593.09,558.38
257,1,person,216.46,550.28,208.6,219.14
257,3,person,627.66,371.31,83.36,217.43
257,33,person,933.55,439.47,143.71,280.86
257,47,person,964.79,524.42,197.9,188.96
257,34,person,1151.34,403.85,119.89,346.56
258,1,person,216.6,548.06,207.44,218.84
258,3,person,627.94,376.72,79.82,205.52
258,33,person,935.17,447.45,154.85,304.66
258,47,person,966.49,523.96,196.84,188.12
258,34,person,1153.66,398.02,120.96,354.23
259,1,person,214.21,544.94,205.79,217.31
259,3,person,628.59,375.66,80.68,205.07
259,33,person,937.96,448.36,160.19,317.67
259,47,person,967.67,522.53,197.59,188.76
259,34,person,1155.34,404.58,110.63,323.76
260,1,person,212.58,542.92,206.52,218.4
260,3,person,626.61,373.22,81.89,206.37
260,33,person,941.64,449.12,163.01,323.28
260,47,person,969.58,521.08,198.72,190.01
260,34,person,1156.66,408.96,101.95,295.95
261,1,person,213.04,541.14,207.07,219.8
261,3,person,627.83,369.61,84.71,211.14
261,33,person,946.07,448.2,166.37,328.49
261,47,person,971.46,520.01,199.14,190.69
261,34,person,1158.02,390.54,110.31,322.92
262,1,person,212.94,539.77,206.97,220.63
262,3,person,628.45,362.8,88.32,219.27
262,33,person,946.66,447.29,168.61,331.96
262,47,person,972.18,518.01,200.92,192.87
262,34,person,1157.9,383.43,118.03,349.36
262,46,forklift,284.09,394.64,568.17,581.23
263,1,person,211.16,538.13,205.2,219.33
263,3,person,629.47,355.43,93.01,230.01
263,33,person,941.65,441.51,167.19,331.92
263,47,person,971.54,515.15,205.11,197.58
263,34,person,1157.99,372.16,119.21,356.44
263,46,forklift,279.59,386.57,559.17,603.7
264,1,person,209.71,536.56,204.11,218.47
264,3,person,630.36,347.26,98.13,241.59
264,33,person,935.87,438.88,166.1,331.98
264,47,person,969.86,513.63,206.19,199.56
264,34,person,1156.72,365.4,119.84,362.36
264,46,forklift,277.33,371.54,554.66,612.82
265,1,person,207.96,534.0,204.75,219.3
265,3,person,628.67,341.81,98.87,243.15
265,33,person,935.1,427.84,156.24,313.51
265,47,person,967.35,512.82,202.58,196.88
265,34,person,1155.44,364.87,118.07,359.74
265,46,forklift,277.88,359.66,555.77,619.73
266,1,person,206.06,530.95,206.4,221.13
266,3,person,627.13,339.26,99.16,243.9
266,33,person,933.48,425.68,154.76,313.24
266,47,person,965.61,510.25,200.65,195.95
266,34,person,1154.49,365.3,117.2,360.1
266,46,forklift,274.31,354.4,548.63,624.36
267,1,person,204.02,528.41,205.87,220.47
267,3,person,625.61,337.4,99.44,244.67
267,33,person,930.72,428.61,160.13,326.36
267,47,person,965.0,508.74,199.13,195.28
267,46,forklift,271.72,353.33,543.44,620.84
268,1,person,202.24,526.91,205.77,220.03
268,3,person,621.42,337.87,97.82,242.5
268,33,person,931.9,427.22,159.89,328.06
268,47,person,964.66,507.65,198.63,195.42
268,46,forklift,272.46,350.94,544.93,628.74
269,1,person,201.0,525.77,206.11,220.17
269,3,person,622.08,336.05,98.71,245.75
269,33,person,931.71,425.53,158.56,327.01
269,47,person,965.33,506.2,198.62,196.24
269,46,forklift,273.27,350.09,546.54,622.65
270,1,person,200.8,525.58,206.06,220.08
270,3,person,622.89,335.19,99.49,248.43
270,33,person,929.2,424.06,157.75,325.47
270,47,person,965.7,505.07,197.34,195.78
270,46,forklift,274.3,350.38,548.61,632.8
271,1,person,200.68,524.94,204.76,218.73
271,3,person,615.7,337.39,95.09,240.41
271,33,person,925.83,427.8,156.93,325.43
271,47,person,963.72,502.68,195.8,194.87
271,46,forklift,291.79,350.95,572.37,624.39
272,1,person,199.77,523.91,203.56,216.85
272,3,person,613.04,337.13,94.82,239.05
272,33,person,923.23,429.05,155.08,323.28
272,47,person,956.65,500.96,192.88,191.47
273,1,person,199.78,522.8,202.03,214.74
273,3,person,610.32,334.28,96.35,242.79
273,33,person,917.51,421.47,151.43,316.21
273,47,person,950.69,500.19,189.36,187.33
274,1,person,199.79,521.93,201.28,213.56
274,3,person,606.37,337.71,93.44,236.16
274,33,person,909.05,420.66,153.6,319.84
274,47,person,945.64,497.53,189.61,187.28
275,1,person,201.09,522.57,200.11,211.95
275,3,person,607.33,334.59,96.82,245.19
275,33,person,905.83,421.93,153.84,319.81
275,47,person,942.6,497.22,189.88,187.13
276,1,person,202.71,524.22,199.98,211.5
276,3,person,607.3,335.54,96.41,244.48
276,33,person,909.79,421.13,152.24,318.17
276,47,person,943.64,499.48,189.65,186.58
277,1,person,203.93,526.43,200.91,212.33
277,3,person,607.87,337.44,94.56,240.82
277,33,person,913.84,419.63,148.93,313.38
277,47,person,946.06,501.83,189.45,186.19
277,54,person,1128.17,400.85,109.49,300.67
278,1,person,190.6,505.41,162.67,169.25
278,3,person,607.98,339.0,92.78,237.04
278,33,person,915.45,405.86,136.25,284.31
278,47,person,947.31,493.28,175.56,169.81
278,54,person,1128.57,402.1,110.65,304.11
279,1,person,184.56,497.57,147.35,150.88
279,3,person,606.46,342.93,89.55,229.48
279,33,person,913.45,395.74,127.56,260.68
279,47,person,948.43,490.17,171.21,163.26
279,54,person,1130.48,378.69,125.19,346.01
280,1,person,182.46,495.12,144.03,145.68
280,3,person,606.45,346.36,87.22,223.97
280,33,person,911.74,391.64,124.54,248.38
280,47,person,949.19,489.49,170.58,160.51
280,54,person,1130.94,371.44,128.84,358.46
281,1,person,182.57,494.39,144.16,144.35
281,3,person,606.85,346.23,86.55,223.21
281,33,person,918.45,390.45,122.77,243.34
281,47,person,949.86,489.42,171.44,159.46
281,54,person,1130.97,380.58,127.67,357.82
281,46,forklift,236.47,322.76,444.87,479.19
282,1,person,184.18,494.4,145.29,144.22
282,3,person,607.96,344.83,87.25,226.66
282,47,person,950.47,489.77,172.15,158.42
282,54,person,1132.14,371.96,125.11,353.56
283,1,person,184.96,494.75,146.14,143.79
283,3,person,611.59,342.86,88.73,230.31
283,47,person,952.12,490.07,170.83,155.38
283,54,person,1132.32,371.29,123.92,352.95
283,46,forklift,251.06,329.82,441.72,461.63
284,1,person,185.89,496.02,145.86,142.04
284,3,person,612.25,342.54,88.89,232.29
284,47,person,953.37,490.93,170.56,153.25
284,54,person,1133.33,373.11,123.86,356.2
284,46,forklift,256.89,332.83,451.94,460.4
285,3,person,618.9,341.23,90.95,234.66
285,46,forklift,248.8,335.18,457.85,461.58
286,3,person,619.91,342.68,90.66,233.38
286,46,forklift,257.85,338.35,469.49,465.59
287,3,person,619.45,345.53,89.4,229.96
287,46,forklift,262.22,338.14,476.74,465.85
287,54,person,1135.85,375.32,121.85,354.35
288,3,person,621.86,344.21,91.5,234.24
288,46,forklift,258.98,337.06,480.24,464.97
288,54,person,1136.53,377.41,119.36,350.62
288,1,person,186.19,497.54,145.94,140.58
289,3,person,622.15,345.33,91.51,234.11
289,46,forklift,269.8,336.07,486.34,463.07
289,54,person,1136.55,377.43,118.36,351.01
289,1,person,187.63,497.89,148.23,141.39
290,46,forklift,270.31,334.99,491.88,462.88
290,54,person,1136.09,380.14,116.56,348.15
290,1,person,187.21,498.16,149.14,141.33
291,54,person,1135.91,381.48,115.27,346.64
291,1,person,187.55,498.46,150.18,140.95
292,54,person,1135.63,417.07,98.51,289.63
292,1,person,189.89,499.14,151.62,140.67
292,46,forklift,269.02,331.08,500.79,467.25
293,54,person,1135.7,427.93,95.41,276.26
293,1,person,191.46,499.38,152.6,140.28
293,46,forklift,268.91,329.47,508.0,470.87
294,54,person,1135.23,437.89,91.12,258.19
294,1,person,191.85,499.36,153.71,140.29
294,46,forklift,268.26,330.13,510.53,470.42
295,54,person,1135.8,435.07,94.6,265.08
295,1,person,188.57,498.77,153.73,140.06
295,46,forklift,267.78,330.41,513.33,470.71
296,54,person,1136.34,435.28,95.88,265.7
296,1,person,187.58,498.74,153.45,139.53
297,54,person,1137.13,436.44,96.27,263.92
297,1,person,190.32,499.54,154.09,139.32
297,3,person,625.74,350.1,91.83,231.62
298,54,person,1137.33,432.56,100.52,274.32
298,1,person,191.35,500.15,154.25,138.91
298,3,person,622.27,353.86,90.04,227.11
299,54,person,1137.52,420.82,108.84,298.96
299,1,person,192.11,500.95,153.32,137.68
299,3,person,623.95,347.22,95.54,241.44
300,54,person,1137.7,414.84,111.96,310.11
300,1,person,192.53,501.53,152.4,136.54
301,54,person,1137.7,416.18,110.02,305.67
301,1,person,192.71,501.99,152.04,135.9
302,54,person,1137.63,415.38,108.98,303.47
302,1,person,192.32,502.02,152.44,136.07
303,54,person,1137.75,422.51,104.12,288.53
303,1,person,192.19,501.98,152.85,136.19
304,54,person,1137.95,414.93,108.34,301.56
304,1,person,191.43,501.8,153.38,136.55
305,54,person,1138.29,415.28,107.78,300.4
305,1,person,190.54,502.15,152.83,136.07
305,3,person,622.77,349.99,93.89,239.82
306,54,person,1138.68,423.15,102.21,282.64
306,1,person,190.13,502.79,151.78,135.05
306,3,person,624.62,348.99,94.83,242.61
307,54,person,1138.85,430.98,98.18,268.22
307,1,person,189.4,502.99,151.19,134.51
307,3,person,626.01,347.39,96.32,246.71
308,54,person,1138.98,427.53,101.78,277.04
308,1,person,189.3,503.07,151.24,134.45
308,3,person,627.15,345.46,97.23,248.97
309,54,person,1138.3,431.56,99.64,268.36
309,1,person,189.39,502.76,152.11,135.2
309,3,person,626.52,347.41,96.02,245.68
310,54,person,1137.81,417.2,110.24,298.9
310,1,person,189.28,502.34,152.87,135.92
310,3,person,627.13,345.47,97.74,249.95
311,54,person,1137.69,404.19,119.05,326.98
311,1,person,189.98,502.0,153.85,136.74
311,3,person,627.91,344.17,98.86,253.36
312,54,person,1138.74,418.56,108.76,297.59
312,1,person,189.07,501.92,153.53,136.49
312,3,person,625.32,353.25,91.88,236.14
313,54,person,1138.76,428.72,102.84,279.4
313,1,person,189.73,502.15,153.23,136.12
313,3,person,624.88,356.4,89.39,229.58
314,54,person,1138.79,432.63,100.87,272.44
314,1,person,188.86,502.58,149.6,133.02
314,3,person,626.18,358.0,88.95,227.07
315,54,person,1138.03,430.71,104.06,280.47
315,1,person,190.21,503.55,149.27,132.2
315,3,person,628.37,357.33,90.76,229.51
316,54,person,1137.45,434.32,103.23,276.38
316,1,person,190.66,503.87,149.37,131.75
316,3,person,627.77,358.19,90.79,228.47
317,54,person,1137.18,438.78,100.82,267.34
317,1,person,190.63,504.13,149.45,131.09
317,3,person,624.74,359.92,89.06,224.82
318,54,person,1136.51,441.63,100.53,263.85
318,1,person,190.89,504.32,149.84,130.86
318,3,person,627.61,358.7,90.87,227.39
319,54,person,1136.44,441.24,101.21,263.4
319,1,person,190.66,504.35,150.75,131.22
319,3,person,627.54,356.91,92.58,231.74
320,54,person,1136.11,441.16,102.0,263.25
320,1,person,190.4,504.37,151.12,131.15
320,3,person,628.72,354.81,94.57,235.98
321,54,person,1135.64,441.02,103.28,264.56
321,1,person,190.02,504.42,151.42,131.09
321,3,person,628.13,354.66,95.12,236.8
322,54,person,1135.68,440.79,104.0,264.76
322,1,person,189.33,504.41,151.44,130.83
322,3,person,627.45,355.48,94.54,235.2
323,54,person,1136.05,440.9,104.43,264.53
323,1,person,189.51,504.63,151.08,130.15
323,3,person,628.58,355.59,95.15,235.91
324,54,person,1136.4,440.74,104.98,264.83
324,1,person,188.85,505.15,149.87,128.8
324,3,person,628.41,359.13,93.17,229.25
325,54,person,1136.41,439.84,106.13,266.74
325,1,person,188.5,505.37,149.66,128.34
325,3,person,627.09,362.27,91.22,223.88
326,54,person,1136.34,439.37,107.28,268.87
326,1,person,189.27,505.72,149.51,127.88
326,3,person,627.85,360.73,92.78,226.5
327,54,person,1136.55,439.57,107.35,268.34
327,1,person,189.26,505.85,149.65,127.81
327,3,person,628.87,357.82,95.39,232.33
328,54,person,1136.48,440.0,107.64,268.42
328,1,person,189.48,505.88,149.87,127.77
328,3,person,628.9,358.02,95.64,232.15
329,54,person,1136.3,439.8,108.8,270.8
329,1,person,188.98,505.83,149.81,127.62
329,3,person,628.5,361.55,93.65,225.74
330,54,person,1136.0,435.05,112.79,281.46
330,1,person,188.91,505.89,149.8,127.47
330,3,person,627.66,361.78,93.95,225.64
331,54,person,1136.24,415.7,125.98,320.23
331,1,person,188.82,506.16,149.15,126.72
331,3,person,624.74,369.5,87.8,209.92
332,54,person,1136.29,402.08,133.48,346.82
332,1,person,187.96,505.89,147.97,125.94
332,3,person,624.47,368.91,87.77,209.8
333,54,person,1136.26,409.27,126.21,331.17
333,1,person,187.51,505.82,147.64,125.82
333,3,person,624.94,368.38,88.14,210.55
334,54,person,1135.56,402.62,129.74,346.07
334,1,person,187.47,506.31,147.78,125.78
334,3,person,623.92,370.15,86.91,207.18
335,54,person,1135.1,405.66,126.97,342.12
335,1,person,186.81,506.09,148.97,126.64
335,3,person,625.06,365.07,91.32,217.66
336,54,person,1135.12,425.45,113.14,302.39
336,1,person,186.48,506.09,149.08,126.67
336,3,person,625.84,360.13,95.33,228.06
337,54,person,1135.33,435.85,106.1,280.99
337,1,person,186.12,505.97,149.12,126.6
337,3,person,624.57,358.93,95.44,229.89
338,54,person,1135.21,436.53,106.21,279.77
338,1,person,185.97,505.85,149.25,126.58
338,3,person,624.09,358.52,95.29,230.69
339,54,person,1135.59,427.99,111.72,295.27
339,1,person,185.78,505.79,149.72,126.88
339,3,person,624.23,358.38,95.1,231.37
340,54,person,1136.02,423.43,114.17,303.11
340,1,person,185.59,506.14,149.23,126.31
340,3,person,624.51,357.74,94.82,232.1
341,54,person,1136.23,411.22,121.11,325.46
341,1,person,185.62,506.22,149.36,126.3
341,3,person,625.3,356.91,95.18,234.0
342,54,person,1136.09,417.76,115.63,311.12
342,1,person,185.49,506.19,149.45,126.35
342,3,person,624.99,358.02,93.71,231.03
343,54,person,1136.14,430.5,106.17,282.77
343,1,person,185.55,506.33,149.28,126.09
344,54,person,1136.27,435.33,102.61,270.89
344,1,person,185.81,506.78,148.75,125.39
344,3,person,624.01,358.63,92.38,229.08
345,54,person,1135.99,436.99,102.62,268.89
345,1,person,186.1,507.08,148.58,125.03
345,3,person,625.17,358.95,91.96,228.43
346,54,person,1136.17,438.17,102.69,267.05
346,1,person,186.52,507.01,149.0,125.37
346,3,person,627.33,356.57,94.6,234.4
347,54,person,1136.57,432.57,107.38,279.19
347,1,person,187.18,507.3,148.76,125.09
347,3,person,627.19,358.01,93.64,231.92
348,54,person,1136.71,422.19,114.73,300.58
348,1,person,185.16,506.43,149.99,126.09
348,3,person,626.13,361.23,91.1,225.16
349,54,person,1136.64,413.9,119.73,316.9
349,1,person,184.35,506.21,150.32,126.29
349,3,person,627.14,359.79,92.62,228.33
350,54,person,1136.73,409.62,120.74,322.7
350,1,person,184.15,506.06,150.68,126.55
350,3,person,626.92,359.27,92.96,229.08
351,54,person,1136.68,402.87,124.01,335.79
351,1,person,185.12,505.96,150.56,126.64
351,3,person,626.87,358.38,93.8,231.59
352,54,person,1136.42,399.94,124.01,339.71
352,1,person,185.64,505.82,150.93,127.14
352,3,person,627.46,358.01,94.21,232.29
352,64,person,864.75,430.95,252.67,284.27
353,54,person,1136.34,397.97,123.52,342.32
353,1,person,188.61,507.13,148.78,125.22
353,3,person,627.71,359.27,93.24,229.05
353,64,person,863.41,420.16,238.88,268.32
354,54,person,1136.41,400.46,120.32,336.12
354,1,person,190.0,507.57,148.1,124.55
354,3,person,626.33,358.63,93.43,230.48
355,54,person,1136.3,403.25,117.81,331.05
355,1,person,190.63,507.69,147.76,124.22
356,54,person,1136.26,404.12,116.71,329.99
356,1,person,190.91,507.65,147.72,124.11
357,54,person,1136.45,403.65,117.17,333.78
357,1,person,190.98,507.42,148.24,124.59
358,54,person,1136.78,400.67,118.15,339.63
358,1,person,190.54,507.33,148.4,124.85
359,54,person,1136.67,399.38,118.87,344.63
359,1,person,190.34,507.31,148.39,124.96
360,54,person,1136.56,397.58,119.24,348.76
360,1,person,189.88,507.35,148.33,124.92
361,54,person,1136.4,399.47,116.95,344.06
361,1,person,189.11,507.14,148.6,125.19
361,3,person,623.36,360.34,92.36,228.27
362,54,person,1136.16,399.27,115.71,342.53
362,1,person,189.04,506.96,148.73,125.43
362,3,person,623.89,359.65,93.23,231.17
363,54,person,1136.22,401.29,113.79,338.22
363,1,person,188.97,507.08,148.5,125.32
363,3,person,623.37,359.87,92.49,230.02
364,54,person,1136.33,402.28,112.94,337.1
364,1,person,189.41,507.12,148.75,125.54
364,3,person,624.15,359.19,92.76,231.7
365,54,person,1136.11,401.38,112.8,338.36
365,1,person,189.68,507.15,148.7,125.55
365,3,person,625.43,358.16,93.88,234.76
366,54,person,1135.52,397.62,113.88,343.9
366,1,person,188.84,506.87,148.88,125.9
367,54,person,1135.03,393.04,115.32,351.0
367,1,person,187.79,506.73,148.33,125.63
367,3,person,625.47,356.99,93.6,234.62
368,54,person,1134.89,392.16,115.23,353.2
368,1,person,188.42,506.57,148.51,125.89
368,3,person,625.01,356.28,93.23,234.81
369,54,person,1134.66,392.0,114.83,354.28
369,1,person,189.29,506.79,148.1,125.48
370,54,person,1133.65,391.26,114.24,354.78
370,1,person,188.98,506.83,147.87,125.36
371,54,person,1133.33,391.16,113.77,355.55
371,1,person,188.11,506.5,148.17,125.7
372,54,person,1133.2,390.79,113.14,355.76
372,1,person,186.81,506.08,148.83,126.44
373,54,person,1132.96,390.2,112.27,354.87
373,1,person,185.59,505.83,148.89,126.74
374,54,person,1132.6,390.16,111.69,354.57
374,1,person,184.93,505.83,148.65,126.58
375,54,person,1132.49,391.53,111.6,355.45
375,1,person,184.83,506.14,148.26,126.04
376,54,person,1132.28,392.21,111.82,357.18
376,1,person,185.03,506.42,147.85,125.66
377,54,person,1131.83,392.53,112.37,359.97
377,1,person,185.27,506.66,147.46,125.32
377,3,person,627.37,355.94,94.83,236.95
378,54,person,1131.8,392.63,112.7,362.12
378,1,person,185.74,506.76,147.24,125.22
378,3,person,627.54,356.25,95.13,236.34
379,54,person,1131.99,392.72,112.36,361.75
379,1,person,186.83,506.98,147.02,124.96
379,3,person,627.7,356.15,96.04,237.25
380,54,person,1132.62,393.42,111.96,361.09
380,1,person,187.44,507.15,147.01,124.85
380,3,person,627.38,355.89,96.84,238.95
381,54,person,1133.47,395.32,111.04,358.41
381,1,person,188.72,506.93,148.2,125.98
381,3,person,626.85,355.85,97.24,240.28
382,54,person,1134.48,395.46,110.31,356.4
382,1,person,188.95,507.1,148.06,125.91
382,65,person,899.96,418.46,130.97,277.5
383,54,person,1134.98,395.99,109.37,353.37
383,1,person,188.81,507.23,147.84,125.63
383,65,person,898.25,418.33,129.81,274.92
383,3,person,625.83,358.19,96.01,238.5
384,54,person,1135.0,396.19,108.7,351.11
384,1,person,188.96,507.19,148.05,125.73
384,65,person,895.21,418.49,128.56,272.49
384,3,person,624.15,361.91,92.59,230.82
385,54,person,1134.87,395.04,109.01,352.22
385,1,person,188.6,507.5,147.26,124.92
385,65,person,894.2,418.21,127.7,270.3
385,3,person,624.07,362.0,91.84,229.78
386,54,person,1134.61,394.77,108.59,350.79
386,1,person,187.77,507.64,147.09,124.56
386,65,person,891.46,388.1,103.36,214.18
387,54,person,1134.74,393.68,108.36,350.21
387,1,person,187.38,507.61,147.33,124.63
387,65,person,888.94,377.76,96.14,194.72
388,54,person,1135.0,394.52,108.37,350.06
388,1,person,186.57,507.6,147.2,124.58
388,65,person,883.81,376.88,97.87,192.3
388,3,person,626.06,358.21,93.8,234.95
389,54,person,1135.44,396.85,107.92,347.98
389,1,person,186.77,507.71,147.12,124.49
390,54,person,1135.8,397.56,108.73,350.38
390,1,person,186.47,507.73,147.05,124.55
390,3,person,624.93,358.7,93.32,234.84
391,54,person,1136.34,397.72,108.92,351.0
391,1,person,186.57,507.73,147.05,124.64
391,3,person,625.34,359.47,92.68,233.13
392,54,person,1136.56,397.19,109.48,352.89
392,1,person,186.48,507.84,146.81,124.45
392,3,person,625.66,359.98,92.1,231.3
393,54,person,1136.57,397.27,109.8,354.23
393,1,person,186.43,507.84,146.85,124.48
393,3,person,625.96,361.98,90.91,227.4
394,54,person,1136.69,398.42,109.58,353.68
394,1,person,186.29,507.85,146.88,124.47
394,3,person,625.55,361.77,91.2,228.9
395,54,person,1136.73,399.43,109.32,352.97
395,1,person,186.01,507.79,146.95,124.55
395,3,person,625.11,362.65,90.33,226.92
396,54,person,1136.82,399.74,109.42,353.51
396,1,person,184.59,507.5,147.01,124.58
396,3,person,625.35,365.2,88.58,221.13
397,54,person,1137.14,399.43,109.78,355.13
397,1,person,184.16,507.53,146.56,124.17
397,3,person,625.8,365.78,88.85,220.89
398,54,person,1137.28,400.19,109.31,353.88
398,1,person,183.97,507.55,146.52,124.08
398,3,person,624.46,368.92,86.97,215.2
399,54,person,1137.04,399.66,109.51,354.86
399,1,person,183.96,507.71,146.29,123.77
399,3,person,624.39,369.95,86.67,213.47
400,54,person,1136.69,399.76,109.57,355.08
400,1,person,184.01,507.92,146.15,123.45
401,54,person,1136.51,399.95,109.63,355.2
401,1,person,185.16,508.32,146.18,123.33
401,3,person,627.03,364.75,91.64,224.87
402,54,person,1136.7,400.16,109.51,354.74
402,1,person,185.48,508.42,146.08,123.26
402,3,person,627.1,362.35,93.1,228.63
403,54,person,1137.25,403.61,108.24,350.21
403,1,person,185.04,508.18,147.05,124.11
403,3,person,626.49,365.93,90.92,222.72
404,54,person,1137.42,406.34,106.97,345.35
404,1,person,185.41,508.12,147.15,124.25
404,3,person,625.87,365.09,91.16,223.97
405,54,person,1137.45,419.79,100.1,318.85
405,1,person,183.04,504.03,154.97,131.26
405,3,person,627.4,362.54,93.22,229.15
406,54,person,1137.6,431.08,95.16,297.71
406,1,person,182.03,501.2,160.31,136.54
406,3,person,627.98,364.29,92.2,226.09
407,54,person,1137.62,429.7,97.42,301.89
407,1,person,182.57,502.71,155.52,132.32
407,3,person,628.73,362.9,93.6,229.35
408,54,person,1138.24,433.58,95.94,293.94
408,1,person,182.87,505.96,149.6,126.83
408,3,person,629.13,365.59,93.58,228.54
409,54,person,1138.65,439.28,93.49,282.41
409,1,person,186.01,507.79,146.99,124.35
409,3,person,628.37,373.27,89.49,217.94
410,54,person,1138.61,440.6,93.76,279.78
410,1,person,184.97,508.41,146.4,123.42
410,3,person,629.03,372.0,90.03,218.72
411,54,person,1138.57,439.0,95.58,282.47
411,1,person,186.54,508.78,146.64,123.36
411,3,person,628.3,375.69,87.48,212.04
412,54,person,1138.51,441.24,95.2,278.23
412,1,person,185.25,508.93,146.49,122.93
412,3,person,629.48,370.96,90.66,219.42
413,54,person,1138.69,444.2,94.22,272.01
413,1,person,184.59,509.06,146.59,122.6
413,3,person,630.75,367.59,93.54,226.45
414,54,person,1138.82,437.57,98.87,284.5
414,1,person,184.57,509.26,146.63,122.16
414,3,person,631.05,367.17,94.72,229.71
415,54,person,1138.41,421.95,110.93,321.91
415,1,person,184.73,509.6,145.94,121.08
415,3,person,632.22,368.68,94.19,228.21
416,54,person,1139.07,416.44,114.64,335.11
416,1,person,185.23,509.82,144.85,119.63
416,3,person,632.11,373.9,91.13,219.84
417,1,person,185.69,510.13,144.36,118.81
417,3,person,633.18,376.39,89.23,214.45
418,1,person,185.97,510.06,144.5,118.55
418,3,person,633.79,377.33,88.56,212.54
418,54,person,1141.83,412.4,115.47,341.33
419,1,person,185.49,510.31,145.17,118.63
419,3,person,632.44,378.87,87.23,209.48
419,54,person,1142.17,412.46,113.9,339.54
420,1,person,184.82,510.5,145.73,118.62
420,3,person,631.39,380.11,86.6,207.09
420,54,person,1141.75,411.42,113.33,340.47
421,1,person,184.59,510.19,146.68,119.07
421,3,person,631.29,375.17,89.99,215.32
421,54,person,1140.79,414.17,111.19,334.99
422,1,person,184.24,510.12,147.81,119.62
422,3,person,631.29,375.74,89.36,212.82
422,54,person,1139.69,413.42,111.41,336.54
423,1,person,184.57,509.88,148.96,120.32
423,3,person,630.22,375.19,89.53,213.17
423,54,person,1139.63,407.39,112.8,343.41
424,1,person,184.82,509.94,149.47,120.46
424,3,person,629.9,375.58,89.66,213.53
424,54,person,1139.21,413.43,110.02,335.08
425,1,person,187.02,509.92,150.25,120.82
425,3,person,630.35,378.2,87.58,207.31
425,54,person,1138.77,433.16,99.2,296.5
426,1,person,185.6,509.65,150.58,120.9
426,3,person,630.44,377.59,88.33,209.05
426,54,person,1138.87,441.09,95.96,282.27
427,1,person,185.1,509.44,150.7,120.89
427,3,person,632.1,376.57,89.95,211.74
427,54,person,1138.68,428.89,104.26,306.54
428,1,person,184.98,509.31,150.6,120.65
428,3,person,632.59,375.78,90.96,213.42
428,54,person,1138.42,424.34,106.8,313.85
429,1,person,185.12,509.35,150.71,120.61
429,3,person,631.06,376.58,90.34,212.26
429,54,person,1139.28,434.3,99.2,288.06
430,1,person,185.08,509.38,151.25,120.85
430,3,person,631.69,374.16,92.21,216.31
430,54,person,1139.58,436.33,98.18,282.7
431,1,person,185.23,509.21,151.86,121.3
431,3,person,633.08,367.92,97.29,228.41
431,54,person,1139.08,420.07,109.4,317.48
432,1,person,184.73,508.83,151.9,121.4
432,3,person,633.86,365.65,99.54,233.34
432,54,person,1138.65,420.14,109.19,317.39
433,1,person,187.67,509.13,151.87,121.47
433,3,person,633.65,367.1,98.84,231.38
433,54,person,1138.99,430.46,102.79,296.32
434,1,person,188.97,509.23,151.73,121.44
434,3,person,631.11,370.79,96.42,226.51
434,54,person,1138.95,437.48,99.21,282.8
434,68,person,788.58,386.62,129.76,206.23
435,1,person,189.33,509.24,151.63,121.41
435,3,person,633.12,367.27,99.09,232.67
435,54,person,1138.44,437.48,100.1,283.12
435,68,person,788.25,387.31,129.07,205.57
436,1,person,186.62,508.65,152.7,122.26
436,3,person,631.94,370.13,96.02,224.79
436,54,person,1138.39,435.79,101.94,286.96
436,68,person,787.72,387.54,129.75,207.34
437,1,person,185.15,508.26,153.36,122.69
437,3,person,631.51,369.46,96.59,225.85
437,54,person,1138.12,431.78,104.97,295.14
437,68,person,784.68,387.77,129.06,207.57
438,1,person,184.88,507.95,154.46,123.49
438,3,person,631.06,369.82,96.75,226.11
438,54,person,1137.71,432.47,104.75,293.58
438,68,person,782.88,388.07,126.64,205.28
439,1,person,184.43,507.89,154.59,123.49
439,3,person,630.83,367.29,98.38,230.38
439,54,person,1137.41,422.4,111.27,313.95
439,68,person,781.58,387.89,125.22,204.88
440,1,person,184.73,507.91,154.79,123.67
440,3,person,630.48,368.85,97.0,226.81
440,54,person,1137.63,415.29,115.25,328.07
440,68,person,780.19,387.71,123.55,204.18
441,1,person,188.43,508.44,153.93,122.89
441,3,person,631.0,369.65,96.92,226.32
441,54,person,1137.06,422.82,110.79,314.69
441,68,person,779.01,387.83,121.92,203.93
442,1,person,189.87,508.58,153.58,122.69
442,3,person,630.67,370.04,96.25,224.42
442,54,person,1137.07,425.09,109.59,311.0
442,68,person,776.96,389.72,121.31,205.36
443,1,person,189.93,508.82,152.78,122.13
443,3,person,630.06,373.06,93.8,218.45
443,54,person,1137.36,416.21,114.59,327.86
443,68,person,775.41,389.19,118.76,203.26
444,1,person,187.62,508.2,152.83,122.39
444,3,person,628.89,375.97,91.96,214.38
444,54,person,1137.31,411.53,116.9,337.23
444,68,person,773.67,391.07,116.39,201.39
445,1,person,189.75,508.51,153.0,122.47
445,3,person,628.93,371.76,94.33,220.8
445,54,person,1137.48,414.79,114.04,330.16
445,68,person,772.93,391.81,114.64,200.57
446,1,person,189.67,508.7,152.81,122.47
446,3,person,628.66,377.56,90.5,210.59
446,54,person,1137.16,413.35,114.5,333.38
446,68,person,771.0,392.52,112.45,198.42
447,1,person,186.64,507.55,154.18,123.86
447,3,person,628.15,372.68,93.94,219.11
447,54,person,1137.07,411.54,114.93,336.58
447,68,person,770.27,393.5,110.52,196.91
448,1,person,185.22,507.19,154.24,124.06
448,3,person,627.93,371.77,94.32,219.87
448,54,person,1136.74,410.13,115.33,339.53
448,68,person,768.98,395.49,108.74,195.58
449,1,person,184.72,507.0,154.74,124.63
449,3,person,628.43,369.49,96.24,224.49
449,54,person,1136.65,407.75,116.28,344.4
449,68,person,768.42,395.52,108.04,196.1
450,1,person,185.57,507.7,151.81,122.45
450,3,person,628.36,370.51,95.42,222.71
450,54,person,1136.35,405.44,117.23,349.61
450,68,person,767.09,395.83,106.81,195.01
451,1,person,185.26,506.15,151.69,122.43
451,3,person,628.7,370.23,95.92,224.08
451,54,person,1136.09,403.66,117.55,352.88
451,68,person,767.06,395.64,105.37,193.28
452,1,person,185.0,505.63,151.65,122.36
452,3,person,628.36,371.1,95.26,222.78
452,54,person,1136.48,403.16,116.96,353.34
452,68,person,766.39,397.0,103.69,190.07
453,1,person,186.86,507.63,150.94,121.92
453,3,person,629.0,371.28,95.64,224.07
453,54,person,1136.85,404.22,115.52,350.9
453,68,person,763.97,396.06,103.08,188.45
454,1,person,188.84,508.63,150.33,121.48
454,3,person,628.28,374.48,93.94,220.54
454,54,person,1137.55,405.64,113.89,347.82
454,68,person,762.96,397.16,102.96,186.95
455,1,person,190.23,509.04,150.08,121.39
455,3,person,629.16,371.88,96.84,227.85
455,54,person,1138.03,409.05,111.55,341.81
455,68,person,762.59,399.03,101.39,182.29
456,1,person,189.3,508.94,149.45,121.26
456,3,person,629.05,372.25,96.19,226.57
456,54,person,1137.75,426.02,102.62,310.97
456,68,person,762.63,395.81,105.63,189.79
457,1,person,188.78,508.98,148.76,120.95
457,3,person,629.85,370.24,97.46,230.19
457,54,person,1138.65,432.11,98.73,296.49
457,68,person,763.14,395.81,106.39,191.27
458,1,person,188.87,509.02,148.09,120.77
458,3,person,630.35,369.67,97.46,230.64
458,54,person,1138.82,438.42,95.71,283.79
458,68,person,763.58,396.93,105.63,188.89
459,1,person,188.93,509.29,146.99,120.02
459,3,person,630.45,370.56,96.79,229.45
459,54,person,1138.94,443.9,93.63,273.25
459,68,person,765.25,399.92,103.6,184.09
460,1,person,189.08,509.6,145.62,118.91
460,3,person,631.0,376.59,92.48,218.69
460,54,person,1138.22,447.95,93.23,267.22
460,68,person,766.89,396.78,106.53,189.7
461,1,person,189.15,509.67,145.09,118.52
461,3,person,631.52,375.29,93.45,221.13
461,54,person,1137.88,449.81,93.89,264.7
461,68,person,768.71,397.57,108.42,194.21
462,1,person,188.84,509.84,144.8,118.25
462,3,person,631.91,374.0,94.49,223.87
462,54,person,1137.88,450.43,94.8,263.35
462,68,person,770.52,394.81,109.83,198.4
463,1,person,188.41,509.91,144.58,117.99
463,3,person,632.42,371.33,96.89,230.72
463,54,person,1137.64,450.68,95.73,262.43
463,68,person,770.81,392.98,110.32,200.5
464,1,person,189.24,510.11,144.68,118.04
464,3,person,632.35,369.07,98.39,235.35
464,54,person,1137.01,451.81,96.6,261.02
464,68,person,770.69,395.6,109.2,199.38
465,1,person,188.84,510.03,146.02,118.96
465,3,person,632.67,378.1,92.72,220.38
465,54,person,1137.0,453.35,97.61,260.31
465,68,person,770.08,393.91,108.41,198.93
466,1,person,188.26,510.11,146.05,118.88
466,3,person,632.12,375.61,94.06,224.23
466,54,person,1137.74,455.01,98.68,260.67
466,68,person,767.18,393.7,107.54,198.0
467,1,person,190.8,510.67,145.21,118.43
467,3,person,632.92,376.26,94.15,225.02
467,54,person,1138.08,455.1,99.82,261.58
467,68,person,764.94,393.02,108.17,200.06
468,1,person,190.42,510.53,144.91,118.28
468,3,person,633.98,376.82,94.08,224.69
468,54,person,1138.74,455.34,99.85,259.99
468,68,person,763.56,395.03,107.43,199.36
469,1,person,191.35,510.77,143.77,117.36
469,3,person,633.34,377.6,92.85,221.6
469,54,person,1139.53,455.97,99.95,259.01
469,68,person,763.86,400.33,105.6,195.96
470,3,person,632.36,385.67,87.84,208.47
470,54,person,1139.57,456.87,99.88,257.06
470,68,person,763.32,406.03,101.28,186.93
471,3,person,634.0,387.21,88.78,209.98
471,54,person,1140.73,459.09,98.14,250.71
471,68,person,761.23,409.33,99.25,181.61
472,3,person,633.55,390.44,85.7,202.44
472,54,person,1142.42,459.75,96.49,244.85
472,68,person,761.37,412.26,97.66,178.37
473,3,person,633.04,392.46,86.63,204.31
473,54,person,1143.91,460.04,100.88,256.93
473,68,person,760.62,412.89,98.2,179.0
474,3,person,633.32,392.8,88.68,209.18
474,54,person,1144.81,453.21,111.75,289.17
474,68,person,758.22,415.28,96.06,173.97
475,3,person,635.93,392.54,90.97,213.59
475,54,person,1144.66,443.46,120.87,318.61
476,3,person,637.67,391.62,94.01,220.26
476,54,person,1145.69,438.56,124.11,333.64
476,1,person,196.81,516.6,132.64,107.56
477,3,person,638.04,392.68,94.95,222.31
477,54,person,1147.42,444.44,118.67,322.21
477,1,person,197.36,517.6,130.82,105.34
477,68,person,755.05,420.87,95.9,171.88
478,3,person,638.09,397.46,92.59,215.88
478,54,person,1150.11,445.17,114.97,314.16
478,68,person,753.71,421.84,96.86,171.17
479,3,person,639.38,399.53,91.88,213.94
479,54,person,1153.62,431.35,120.03,332.68
479,68,person,756.03,424.69,100.04,172.8
480,3,person,642.13,401.85,91.38,211.68
480,54,person,1156.29,426.23,120.02,336.88
480,68,person,759.02,425.68,102.65,172.25
481,3,person,644.94,403.38,92.27,212.62
481,54,person,1160.48,442.74,106.35,297.82
481,68,person,758.28,426.74,102.67,169.88
482,3,person,648.53,398.91,98.03,225.83
482,54,person,1162.12,457.65,99.28,275.51
482,68,person,756.69,427.94,102.74,168.94
483,3,person,651.39,396.55,101.1,233.1
483,54,person,1164.03,466.33,100.75,279.22
483,68,person,757.62,428.21,102.39,165.8
484,3,person,650.73,400.51,100.01,232.66
484,54,person,1165.59,458.11,106.66,297.13
484,68,person,758.05,427.36,101.12,160.73
485,3,person,649.96,402.51,98.46,230.75
485,54,person,1167.25,450.35,111.87,314.6
485,68,person,758.2,427.2,99.77,155.06
486,3,person,651.33,402.45,98.45,231.97
486,54,person,1169.79,465.31,108.01,303.44
486,68,person,768.23,431.2,98.67,155.19
487,3,person,652.23,400.34,99.45,235.4
487,54,person,1172.77,460.28,112.81,320.7
487,68,person,762.04,431.3,97.38,149.11
488,3,person,652.89,399.74,99.74,237.07
488,54,person,1174.42,454.43,118.14,341.5
488,68,person,774.16,430.71,94.92,148.39
489,3,person,651.7,401.42,98.3,234.91
489,54,person,1177.21,443.57,119.68,352.93
489,68,person,777.62,432.35,91.56,145.5
490,54,person,1180.9,440.58,115.82,347.58
490,68,person,778.68,434.62,89.53,144.1
491,54,person,1184.97,439.88,112.64,342.85
491,68,person,774.4,436.16,86.46,137.23
491,3,person,652.62,402.73,98.35,235.89
492,54,person,1186.76,437.5,112.84,347.63
492,68,person,777.98,439.74,85.3,136.17
492,3,person,654.83,400.75,99.28,239.75
493,54,person,1187.89,433.85,114.23,355.69
493,68,person,782.05,440.22,82.27,131.43
493,3,person,656.48,400.21,100.69,244.04
494,54,person,1187.65,460.14,103.11,317.2
494,68,person,783.71,439.91,82.25,130.61
494,3,person,660.14,398.03,102.35,247.24
495,54,person,1187.59,470.35,99.6,303.48
495,68,person,784.31,440.56,81.77,130.05
495,3,person,660.69,399.68,100.78,242.05
496,54,person,1187.59,470.36,101.55,307.96
496,3,person,661.33,399.53,100.88,240.92
497,54,person,1187.68,477.88,98.72,295.68
497,3,person,663.11,397.33,103.57,245.09
498,54,person,1187.59,480.87,98.77,292.97
498,3,person,663.19,398.27,103.79,244.14
498,78,person,977.24,398.68,183.23,251.35
499,54,person,1187.46,478.85,100.46,295.91
499,3,person,660.63,401.4,100.22,234.76
499,78,person,975.45,399.89,179.46,246.06
500,54,person,1187.53,476.51,101.82,298.37
500,3,person,659.53,404.3,99.09,230.72
501,54,person,1188.17,463.81,107.82,317.4
502,54,person,1188.53,447.55,117.3,349.83
503,54,person,1188.77,455.96,111.47,332.02
504,54,person,1188.19,439.93,119.97,361.79
504,79,person,458.66,497.52,241.76,143.77
505,54,person,1187.95,431.29,121.05,369.5
505,79,person,459.12,495.72,247.75,147.54
506,54,person,1188.18,446.92,110.41,335.37
506,79,person,457.46,494.0,252.76,150.88
507,54,person,1188.31,430.63,118.67,365.51
507,79,person,454.22,491.31,259.59,155.67
508,54,person,1187.76,422.6,123.01,383.5
508,79,person,447.01,488.6,265.35,160.12
509,54,person,1187.33,419.06,123.21,387.98
509,79,person,440.95,485.66,272.46,165.64
510,54,person,1187.16,417.01,124.22,394.8
510,79,person,438.27,483.17,277.11,170.13
511,54,person,1187.83,414.84,123.85,396.97
511,79,person,437.78,480.43,281.97,175.16
512,54,person,1188.68,424.18,116.69,373.9
512,79,person,437.93,478.41,284.08,178.89
512,81,person,180.45,519.8,135.28,100.82
513,54,person,1189.24,423.66,115.22,369.99
513,79,person,437.11,476.76,284.2,181.3
513,81,person,180.31,519.48,136.8,101.95
514,54,person,1189.15,417.1,117.88,380.86
514,79,person,434.6,474.38,287.42,185.66
514,81,person,177.61,519.64,137.21,102.22
515,54,person,1189.1,421.75,114.6,370.64
515,79,person,431.42,472.49,290.36,190.13
515,81,person,179.2,518.98,140.34,104.57
516,54,person,1188.99,431.96,110.35,354.95
516,79,person,432.99,471.01,290.77,193.47
516,81,person,180.69,518.57,141.93,105.86
517,54,person,1188.88,440.14,106.73,339.75
517,79,person,437.28,468.81,292.84,199.03
517,81,person,179.43,518.06,143.7,107.22
518,54,person,1189.0,446.68,101.83,319.15
518,79,person,438.45,467.36,290.61,202.15
518,81,person,180.18,517.38,145.44,108.74
518,84,person,643.12,391.6,97.03,206.75
519,54,person,1188.93,448.0,101.14,313.18
519,79,person,438.07,465.53,290.19,206.57
519,81,person,182.66,516.7,145.81,109.39
519,84,person,641.16,389.59,97.07,206.76
520,54,person,1189.89,448.96,96.4,292.88
520,79,person,443.17,463.77,286.69,210.0
520,81,person,181.69,516.12,147.27,110.84
520,84,person,637.81,389.94,99.89,212.9
521,54,person,1190.48,450.41,94.52,282.0
521,79,person,439.69,461.41,285.31,214.74
521,81,person,181.81,515.41,147.15,111.06
521,84,person,637.01,389.39,98.34,210.03
522,54,person,1190.3,448.23,96.91,285.26
522,79,person,437.75,459.52,281.66,217.98
522,81,person,181.27,514.64,147.89,111.93
522,84,person,636.64,388.56,98.02,209.94
523,54,person,1190.37,428.16,109.95,325.72
523,79,person,437.36,457.8,277.37,220.86
523,81,person,181.57,514.23,148.17,112.49
523,84,person,636.45,386.2,97.32,209.04
524,54,person,1190.72,428.77,109.4,323.27
524,79,person,439.01,456.74,272.91,223.19
524,81,person,180.37,513.44,150.45,114.65
524,84,person,636.28,385.96,96.18,207.12
525,54,person,1190.83,411.57,119.71,357.94
525,79,person,436.96,454.5,271.33,228.07
525,81,person,180.28,512.77,150.78,115.27
525,84,person,637.68,382.12,98.51,213.36
526,54,person,1191.25,421.52,112.66,335.97
526,79,person,433.21,452.57,268.88,232.99
526,81,person,180.3,512.17,152.71,117.25
526,84,person,636.62,382.73,96.87,210.41
527,54,person,1191.38,418.04,113.63,340.3
527,79,person,435.66,451.83,265.42,237.63
527,81,person,180.82,511.6,152.54,117.6
527,84,person,636.44,381.56,97.52,212.79
528,54,person,1191.48,403.01,121.17,367.79
528,79,person,431.26,449.9,259.42,240.82
528,81,person,180.94,511.2,152.84,118.25
528,84,person,635.39,381.31,97.24,212.76
529,54,person,1190.95,393.91,124.92,384.19
529,81,person,180.71,511.12,152.44,118.31
529,84,person,635.52,381.45,96.51,212.6
529,87,person,1188.34,449.19,112.83,287.88
529,88,person,622.15,384.98,128.61,227.84
530,54,person,1190.8,393.6,123.9,384.86
530,81,person,180.56,511.1,152.36,118.63
530,84,person,636.82,381.26,96.29,212.59
531,54,person,1190.55,391.48,124.07,389.24
531,81,person,181.21,510.77,152.4,119.09
531,84,person,637.74,379.94,96.57,213.58
531,79,person,423.29,446.4,253.72,246.47
532,54,person,1190.38,389.36,124.09,393.36
532,81,person,181.55,510.47,152.44,119.5
532,84,person,638.06,378.72,96.27,213.68
532,79,person,420.13,445.55,245.11,248.12
533,54,person,1190.42,388.94,123.13,393.92
533,81,person,183.36,510.24,152.91,120.43
533,84,person,637.79,378.02,94.85,211.47
533,79,person,416.05,444.5,237.95,250.0
534,54,person,1190.37,390.76,120.9,389.18
534,81,person,184.63,509.94,153.5,121.29
534,84,person,636.93,377.82,94.12,210.5
534,79,person,410.9,443.63,232.18,252.32
535,54,person,1190.19,388.73,121.35,393.7
535,81,person,185.61,509.99,153.28,121.45
535,84,person,637.14,376.4,93.95,210.89
535,79,person,406.2,442.85,226.49,253.84
536,54,person,1189.9,385.87,121.98,399.02
536,81,person,186.39,509.75,153.74,122.02
536,84,person,636.88,376.08,94.39,212.93
536,79,person,404.72,441.86,221.6,255.94
537,54,person,1189.69,384.7,121.36,399.88
537,81,person,187.06,509.45,154.19,122.49
537,84,person,636.63,375.57,93.89,212.94
537,79,person,401.25,441.69,217.14,257.48
538,54,person,1189.96,385.5,120.29,398.67
538,81,person,187.31,509.41,154.15,122.62
538,84,person,637.74,375.25,92.65,211.85
539,54,person,1189.74,386.66,119.22,397.03
539,81,person,187.95,509.18,154.29,122.73
539,84,person,638.08,375.03,92.01,211.34
540,54,person,1189.05,384.6,119.88,401.32
540,81,person,187.4,508.69,154.61,123.23
540,84,person,637.81,375.51,91.33,210.92
540,87,person,1187.86,442.94,113.5,290.2
541,54,person,1188.78,384.2,119.5,401.52
541,81,person,185.51,508.09,155.23,124.06
541,84,person,637.98,372.73,91.34,212.55
542,54,person,1188.72,382.54,119.56,403.17
542,81,person,187.14,508.52,154.24,123.18
542,84,person,641.51,370.39,93.72,217.5
543,54,person,1189.09,383.79,118.1,399.21
543,81,person,185.02,507.82,155.39,124.36
543,84,person,642.02,368.12,94.91,220.36
544,81,person,184.25,507.19,155.41,124.46
544,84,person,640.04,368.54,93.21,217.72
544,87,person,1189.5,422.76,123.19,319.08
545,81,person,184.74,506.79,155.15,124.5
545,84,person,639.36,369.63,91.75,216.08
545,91,person,1011.14,350.96,91.01,258.18
545,87,person,1190.15,429.32,117.56,304.7
545,54,person,1191.97,379.45,110.41,373.39
546,81,person,185.46,506.93,155.12,124.65
546,84,person,643.86,366.56,94.11,221.9
546,91,person,1009.9,351.32,91.57,259.41
546,87,person,1191.23,436.32,114.31,295.04
547,81,person,185.47,506.78,154.93,124.58
547,91,person,1010.61,353.25,90.17,255.5
547,87,person,1193.04,439.13,112.63,291.07
548,81,person,187.18,507.17,154.83,124.54
548,91,person,1011.37,353.57,89.75,254.5
548,87,person,1193.87,432.38,106.27,273.06
548,92,person,901.82,377.61,65.09,149.43
549,81,person,186.57,506.96,155.17,125.08
549,91,person,1010.15,352.32,90.03,255.2
549,87,person,1193.05,437.36,109.71,282.23
549,92,person,902.37,379.34,65.31,149.92
549,84,person,646.76,364.58,93.73,220.09
550,81,person,187.35,507.37,154.76,124.53
550,91,person,1008.39,351.89,90.47,256.11
550,87,person,1192.96,431.98,111.82,288.54
550,84,person,649.8,360.37,97.91,228.89
551,81,person,187.17,506.71,154.9,124.75
551,91,person,1009.61,351.12,90.32,255.59
551,87,person,1192.73,428.42,114.03,295.47
551,84,person,651.04,358.02,99.83,232.1
552,81,person,186.38,506.13,154.71,124.52
552,87,person,1192.98,431.8,111.63,289.19
552,84,person,648.48,358.73,98.56,230.34
553,81,person,186.85,506.03,154.93,124.33
553,87,person,1193.81,419.6,120.43,316.37
553,84,person,647.04,362.9,94.52,220.55
554,81,person,187.64,505.72,155.62,124.74
554,87,person,1195.5,403.27,131.74,353.95
554,84,person,653.74,354.12,103.6,240.99
555,81,person,190.44,506.56,156.42,124.94
555,84,person,650.5,359.61,98.78,229.45
556,81,person,191.56,506.55,157.72,125.69
556,84,person,647.74,365.87,92.89,214.9
557,81,person,192.13,506.38,158.11,125.71
557,84,person,652.89,356.49,102.17,236.02
557,94,person,275.05,405.97,316.78,278.77
558,81,person,192.82,506.36,158.6,125.96
558,84,person,650.28,361.57,96.89,223.66
558,94,person,267.73,385.58,362.38,320.75
559,81,person,193.39,505.47,160.54,127.47
559,84,person,650.39,366.67,92.8,212.84
559,94,person,265.96,408.4,342.48,304.85
560,81,person,193.35,504.93,161.65,128.24
560,84,person,647.53,368.94,89.98,206.43
560,94,person,265.27,418.39,330.44,296.27
561,81,person,193.39,503.55,164.41,130.63
561,84,person,645.91,370.43,88.27,202.64
561,94,person,261.8,420.81,317.65,287.29
562,81,person,194.14,495.08,183.06,147.56
562,84,person,648.29,364.27,94.16,216.51
562,94,person,254.72,415.29,308.22,281.61
563,81,person,195.35,500.63,171.06,137.39
563,84,person,648.68,358.67,98.64,227.95
563,94,person,256.52,413.15,306.67,284.6
563,96,person,786.84,413.32,115.47,140.43
564,81,person,196.6,502.86,165.95,132.32
564,84,person,645.99,361.08,95.09,220.78
564,96,person,790.05,412.18,115.16,140.64
565,81,person,197.6,503.66,165.15,130.76
565,84,person,645.05,357.93,96.79,226.81
565,96,person,792.32,410.87,115.71,142.29
566,81,person,198.04,503.91,165.29,130.04
566,84,person,642.74,360.76,93.51,221.14
566,96,person,792.53,410.03,116.13,143.96
567,81,person,197.32,503.93,164.99,129.35
567,84,person,644.48,356.2,95.96,228.31
567,96,person,792.42,409.03,115.67,144.88
568,81,person,197.03,499.93,170.57,134.39
568,84,person,650.24,348.71,103.2,245.81
569,81,person,195.15,500.79,168.82,133.63
569,84,person,647.77,347.67,102.36,245.48
569,102,person,784.46,409.91,61.27,131.42
570,81,person,193.15,495.18,178.72,143.6
570,84,person,644.85,349.14,100.24,242.64
570,102,person,783.1,405.06,68.7,146.89
571,81,person,192.82,496.19,173.3,140.24
571,84,person,642.81,348.29,99.19,243.35
572,84,person,640.19,352.16,94.99,234.79
572,94,person,234.81,396.14,302.68,292.81
573,84,person,638.0,357.56,88.58,218.65
573,94,person,234.61,390.47,315.65,319.56
573,81,person,192.78,482.14,209.18,174.36
574,84,person,637.53,360.84,86.19,213.1
574,81,person,197.17,477.58,209.02,179.02
574,102,person,774.42,396.47,76.35,162.36
575,84,person,636.71,361.57,86.03,212.74
575,81,person,200.31,475.0,207.52,181.57
575,102,person,770.83,394.23,77.7,165.02
576,84,person,636.53,355.04,88.87,219.57
576,81,person,216.23,443.06,267.87,242.37
577,84,person,639.15,343.38,96.86,240.19
578,84,person,636.19,340.33,97.79,243.89
579,84,person,635.53,338.45,98.23,246.06
580,84,person,634.69,340.24,96.24,241.66
581,84,person,633.67,347.45,92.77,232.72
582,84,person,632.86,351.93,89.4,224.07
583,84,person,638.86,347.52,93.91,233.75
583,102,person,743.97,362.26,77.33,157.93
584,84,person,640.14,355.6,91.33,223.84
584,102,person,744.98,361.53,78.18,154.02
585,84,person,648.04,350.05,98.52,239.33
585,102,person,749.07,359.79,81.11,157.08
585,114,person,1192.76,435.98,108.66,281.4
586,84,person,658.57,343.76,104.77,252.22
586,114,person,1198.51,447.51,109.3,282.87
587,84,person,658.24,352.49,99.08,238.32
587,114,person,1207.52,405.1,137.23,356.59
588,84,person,660.35,359.41,96.35,232.27
588,114,person,1214.29,418.41,128.55,333.34
588,115,person,774.26,362.08,88.87,161.91
589,84,person,664.03,359.89,96.62,233.73
589,114,person,1217.42,421.51,125.16,335.22
589,115,person,777.74,363.56,88.78,162.08
590,84,person,669.52,362.95,95.07,228.89
590,114,person,1220.91,421.98,118.18,322.25
590,115,person,782.17,366.08,89.86,164.53
591,84,person,680.08,360.31,99.49,238.45
591,114,person,1224.09,432.45,111.82,303.02
591,115,person,785.39,369.43,90.38,166.03
592,84,person,689.53,353.25,104.21,249.14
592,114,person,1225.95,438.2,108.09,289.04
592,115,person,789.31,371.09,89.25,164.93
593,84,person,689.97,365.54,96.25,229.93
593,114,person,1220.9,404.66,118.2,358.75
593,115,person,792.52,375.16,88.26,164.54
594,84,person,696.59,368.3,97.65,233.11
594,114,person,1220.63,394.32,118.74,380.64
594,115,person,800.91,377.53,87.52,164.22
595,84,person,701.84,372.41,95.94,228.88
595,96,person,820.11,379.58,125.31,165.41
596,84,person,715.46,358.5,107.06,258.2
597,84,person,721.17,363.9,103.61,250.74
598,84,person,724.42,366.76,102.21,248.23
598,114,person,1223.83,393.72,112.34,390.21
599,84,person,725.1,366.08,102.18,249.24
600,84,person,724.7,368.88,100.55,244.83
601,84,person,722.48,368.98,99.84,243.03
601,121,person,271.05,342.14,320.64,450.62
601,115,person,823.85,378.64,90.99,169.92
602,84,person,720.02,368.34,100.38,244.17
602,121,person,263.3,342.1,320.49,450.0
602,115,person,825.14,379.47,91.0,169.63
603,84,person,712.0,376.0,95.52,231.9
603,121,person,250.91,343.64,317.58,444.79
603,115,person,823.43,381.51,92.73,172.75
604,84,person,706.01,383.73,91.62,222.08
604,115,person,822.49,386.97,92.78,171.89
605,84,person,702.84,379.54,94.18,229.73
605,115,person,821.14,390.06,92.64,171.05
606,84,person,701.38,376.45,95.36,234.29
606,115,person,821.6,397.92,97.39,181.94
607,84,person,700.18,377.38,95.42,236.37
607,115,person,818.56,393.82,92.11,172.38
608,84,person,699.78,378.59,94.66,237.1
608,115,person,825.85,401.41,94.85,183.28
609,84,person,698.71,389.11,89.22,222.77
610,84,person,698.75,389.34,91.25,228.22
611,84,person,698.13,389.72,92.72,231.82
611,115,person,817.04,410.42,98.07,192.45
612,84,person,696.64,393.18,91.16,227.94
612,115,person,814.72,411.71,97.9,194.7
613,84,person,694.89,392.25,91.75,230.37
613,115,person,813.16,411.7,97.89,197.3
614,84,person,696.37,388.7,94.22,237.91
614,115,person,811.6,412.41,96.56,195.93
615,84,person,697.19,385.17,95.93,243.02
615,115,person,811.41,412.36,95.73,195.7
616,84,person,696.17,384.35,96.39,243.48
616,115,person,810.7,411.17,95.33,195.17
617,84,person,694.79,381.44,97.74,245.67
617,115,person,811.07,409.63,94.78,194.25
618,84,person,693.89,375.75,100.34,251.61
618,115,person,811.42,408.65,95.63,195.63
619,84,person,689.83,377.35,100.19,251.23
619,115,person,810.07,407.63,96.32,197.66
620,84,person,683.77,379.25,98.12,247.03
620,115,person,809.24,409.09,95.43,196.51
621,84,person,680.45,382.04,96.46,242.69
621,115,person,808.44,410.28,95.44,196.68
621,125,person,241.24,449.32,242.86,244.53
622,84,person,674.49,383.33,94.72,239.69
623,84,person,672.19,379.93,96.38,245.34
623,115,person,807.64,413.87,93.08,191.96
624,84,person,668.92,384.81,92.69,236.38
624,115,person,809.45,416.17,91.11,187.38
625,84,person,668.17,380.32,95.04,243.19
625,115,person,812.02,414.58,92.11,188.48
626,84,person,667.69,373.37,99.3,256.32
626,115,person,813.65,414.2,92.05,185.82
626,125,person,185.57,447.69,235.71,244.1
627,84,person,665.74,369.4,100.96,262.47
627,115,person,813.64,415.03,90.99,182.1
627,125,person,179.56,446.13,230.71,245.89
628,84,person,664.45,368.11,99.33,258.2
628,115,person,814.35,411.7,91.58,180.98
628,125,person,174.05,445.84,225.17,247.64
629,84,person,663.34,366.42,98.43,254.62
629,115,person,814.7,404.82,96.7,190.12
629,125,person,172.22,444.56,220.66,250.77
630,84,person,661.14,363.12,99.61,256.58
630,115,person,815.43,401.25,97.91,190.89
630,125,person,172.78,442.64,217.65,255.72
631,84,person,660.88,360.61,100.31,256.59
631,115,person,814.92,397.9,100.23,194.5
631,125,person,188.16,440.54,219.09,260.35
632,84,person,659.63,357.6,102.8,262.15
632,115,person,813.74,397.49,100.79,195.17
632,125,person,194.95,438.24,221.43,265.77
632,127,person,172.09,513.96,134.53,114.53
633,84,person,659.3,359.0,101.84,256.47
633,115,person,813.44,395.65,101.77,196.31
633,125,person,198.11,437.6,222.05,268.91
633,127,person,168.57,515.29,131.8,112.22
634,115,person,813.01,395.7,102.93,198.87
634,127,person,162.83,516.0,130.48,111.12
635,115,person,815.95,390.03,108.76,210.27
635,127,person,159.22,514.43,133.7,114.0
635,128,person,209.01,385.89,173.95,158.81
636,115,person,820.31,383.16,116.29,224.56
636,125,person,212.9,435.72,222.54,270.89
637,115,person,818.69,379.2,118.16,229.0
637,127,person,159.18,515.46,129.57,110.49
637,128,person,227.73,393.07,198.1,181.21
638,115,person,813.99,379.26,115.96,227.33
638,127,person,157.43,517.69,125.16,106.43
638,128,person,239.06,394.66,206.42,188.93
638,84,person,655.03,355.13,104.1,261.45
639,127,person,156.53,518.29,123.84,105.02
639,128,person,248.44,398.34,216.47,198.09
639,84,person,652.35,356.21,103.66,260.42
640,127,person,156.3,520.14,119.53,100.64
640,128,person,255.81,403.16,226.55,207.64
640,84,person,651.76,355.36,103.93,260.59
641,127,person,155.36,520.05,121.15,101.03
641,128,person,264.37,404.82,230.33,212.51
641,84,person,651.11,357.35,102.37,255.78
641,115,person,806.49,382.1,110.27,218.73
642,127,person,153.78,519.59,121.62,100.3
643,127,person,156.88,520.24,119.77,98.08
643,125,person,211.53,427.81,243.42,277.14
643,115,person,800.09,381.31,107.65,217.02
644,127,person,158.13,520.89,118.09,96.24
644,115,person,800.15,380.1,106.81,218.42
645,127,person,159.02,520.95,117.74,95.66
645,115,person,800.96,381.23,104.93,217.44
645,84,person,653.87,353.8,104.8,262.0
646,127,person,160.46,521.33,119.01,95.99
646,115,person,798.59,380.53,101.24,211.36
646,84,person,654.31,353.9,104.9,261.78
647,127,person,161.2,521.47,120.2,96.0
647,115,person,796.67,380.78,97.51,205.45
647,84,person,653.97,353.68,104.35,259.26
648,127,person,164.5,522.09,121.88,96.32
648,115,person,792.23,382.87,100.41,212.07
649,127,person,165.95,522.29,123.59,96.84
649,115,person,791.61,386.51,105.05,224.34
649,84,person,653.22,355.54,103.28,255.16
650,127,person,166.0,522.34,123.55,96.37
650,115,person,792.03,386.3,107.64,233.15
651,127,person,166.06,522.07,124.3,96.69
651,115,person,792.58,388.82,105.98,232.8
651,142,person,892.82,378.4,127.94,149.46
651,84,person,652.89,355.77,103.48,254.42
652,127,person,165.02,521.32,126.09,97.78
652,115,person,792.05,390.83,104.84,233.08
652,142,person,892.17,376.86,129.83,151.59
653,127,person,164.2,521.31,127.79,98.79
653,115,person,791.46,393.39,101.97,229.5
653,142,person,891.85,377.49,129.46,150.98
654,127,person,162.95,521.46,127.98,98.28
654,115,person,791.33,395.29,100.28,229.2
654,142,person,895.45,378.19,134.14,157.09
654,146,person,971.45,392.58,119.23,234.11
654,147,person,989.98,386.3,94.83,226.48
654,84,person,649.79,356.79,103.66,253.98
655,127,person,162.86,521.45,128.84,98.45
655,115,person,791.85,394.79,99.0,229.86
655,146,person,973.06,395.84,118.36,231.93
655,84,person,650.16,353.94,105.91,259.09
656,127,person,163.73,521.35,129.63,98.86
656,115,person,799.2,395.03,98.46,226.0
656,146,person,971.62,397.25,121.53,237.46
656,84,person,652.06,352.45,107.57,262.07
656,147,person,985.42,389.67,99.4,237.56
657,127,person,164.21,521.51,129.71,98.69
657,115,person,801.74,395.71,98.02,222.8
657,146,person,969.21,398.79,124.37,241.89
657,84,person,653.69,352.75,107.54,260.72
657,147,person,988.33,388.29,98.22,235.52
657,142,person,901.99,372.83,136.75,162.66
658,127,person,164.86,521.65,129.67,98.51
658,115,person,799.14,396.24,97.05,220.79
658,146,person,970.56,399.07,127.69,247.68
658,84,person,653.73,353.33,107.8,260.61
658,142,person,907.75,373.58,133.69,163.11
658,128,person,368.0,427.19,281.71,283.68
659,127,person,165.02,521.48,130.19,98.77
659,115,person,801.75,394.53,97.23,219.77
659,146,person,974.33,396.86,127.52,248.41
659,84,person,654.25,352.68,106.82,257.35
659,142,person,912.56,374.48,129.21,162.82
660,127,person,164.58,521.63,129.84,98.09
660,115,person,802.15,395.03,98.08,220.73
660,146,person,975.57,395.95,127.65,249.9
660,84,person,654.26,353.2,107.04,256.41
660,128,person,374.72,427.98,261.87,287.58
661,127,person,163.68,521.37,130.56,97.99
661,115,person,800.35,392.65,100.12,225.6
661,84,person,653.64,353.31,107.31,256.09
661,153,person,381.23,377.35,132.71,188.28
661,128,person,383.98,427.49,247.79,289.77
662,127,person,162.89,521.13,131.53,98.22
662,115,person,799.85,393.12,99.25,222.88
662,84,person,652.41,354.24,106.76,253.98
662,153,person,388.72,373.57,130.02,184.15
662,147,person,976.64,385.91,99.95,238.9
662,142,person,904.84,373.14,120.8,157.5
663,127,person,162.46,520.85,132.19,98.27
663,115,person,800.15,392.85,99.32,222.29
663,84,person,652.43,353.03,107.48,255.46
663,153,person,391.89,372.4,128.7,181.8
663,147,person,975.85,386.01,100.06,237.56
663,142,person,902.78,373.84,114.94,154.81
664,127,person,161.79,520.44,134.23,99.51
664,115,person,802.99,392.54,100.54,222.76
664,153,person,397.92,372.29,129.45,181.93
664,147,person,976.27,384.26,101.46,239.96
664,142,person,897.84,375.11,108.9,150.59
665,127,person,161.64,520.02,136.02,100.65
665,115,person,802.11,391.84,101.7,224.17
665,153,person,403.84,370.33,127.96,179.1
665,147,person,975.18,381.92,102.43,241.25
665,142,person,894.55,377.44,104.83,147.3
666,127,person,161.24,520.02,136.47,100.8
666,115,person,797.36,392.91,100.31,222.05
666,153,person,413.49,368.77,127.56,177.49
666,147,person,974.22,376.0,98.36,231.45
666,142,person,889.97,375.08,107.03,151.9
667,127,person,161.24,519.96,136.4,100.58
667,115,person,795.28,393.2,99.26,220.34
667,153,person,419.0,367.66,125.84,174.69
667,142,person,882.58,360.8,123.51,179.07
667,84,person,651.41,349.08,107.94,257.53
668,127,person,161.12,519.9,136.95,100.9
668,115,person,794.12,390.89,100.54,225.06
668,153,person,430.58,367.12,126.96,174.98
668,84,person,651.5,348.72,109.05,260.71
668,147,person,969.11,365.92,91.87,212.82
669,127,person,161.11,520.05,136.94,100.85
669,115,person,793.86,391.32,99.05,223.04
669,153,person,433.58,366.99,128.55,176.33
669,84,person,650.48,351.48,107.88,257.42
669,147,person,967.99,362.37,90.45,206.29
670,127,person,160.71,519.91,137.51,101.34
670,115,person,794.84,389.76,99.8,225.86
670,153,person,440.61,366.37,129.11,175.72
670,84,person,651.0,348.67,109.42,261.43
670,147,person,966.01,364.86,93.68,212.12
671,127,person,160.68,519.58,138.22,101.98
671,115,person,809.79,388.63,105.14,230.03
671,153,person,449.35,367.02,129.38,175.36
671,84,person,650.46,348.3,108.64,259.77
672,127,person,161.09,518.85,139.74,103.14
672,115,person,814.41,388.35,107.71,228.86
672,153,person,455.83,366.87,129.17,175.22
672,84,person,650.34,349.1,109.15,261.15
672,147,person,963.12,365.69,95.92,216.29
673,127,person,161.37,518.69,139.57,103.0
673,115,person,812.76,389.31,108.64,226.74
673,153,person,462.11,367.41,129.72,176.64
673,84,person,651.01,340.95,113.8,273.99
674,127,person,161.34,518.62,138.59,102.29
674,115,person,814.85,389.99,110.87,226.73
674,153,person,472.79,370.11,129.0,176.47
674,84,person,650.36,338.96,115.21,278.52
675,127,person,161.19,519.07,136.65,100.76
675,115,person,812.06,390.96,111.77,226.38
675,153,person,477.37,371.65,128.92,177.06
675,84,person,651.71,346.87,109.59,263.98
676,127,person,161.04,519.92,135.31,99.72
676,115,person,816.23,390.11,114.62,228.48
676,153,person,487.54,372.14,129.23,177.53
676,84,person,651.61,353.9,104.22,248.84
677,127,person,159.75,519.83,134.9,99.28
677,115,person,817.92,389.88,116.59,229.77
677,153,person,496.26,373.27,131.96,182.12
677,84,person,652.32,354.39,104.02,247.27
678,127,person,158.04,519.8,135.46,99.26
678,115,person,820.01,381.92,124.85,246.3
678,153,person,507.47,370.9,130.81,181.38
678,84,person,652.47,352.22,106.26,253.28
679,127,person,159.0,519.8,135.17,98.96
679,115,person,821.36,377.87,128.33,253.57
679,153,person,516.84,369.84,130.18,181.41
679,84,person,651.46,352.76,106.73,256.07
680,127,person,158.36,519.26,135.42,99.23
680,115,person,822.36,373.23,131.61,260.91
680,153,person,522.46,369.29,128.62,180.26
680,84,person,651.48,350.7,107.05,257.2
681,127,person,157.22,518.79,137.46,100.29
681,115,person,822.2,368.46,135.05,268.73
681,153,person,525.18,367.84,128.42,180.47
681,84,person,650.92,350.68,107.92,259.59
682,127,person,159.81,518.9,139.14,101.62
682,115,person,826.11,373.72,131.72,258.55
682,153,person,536.05,366.97,129.47,180.48
682,84,person,651.48,345.62,104.86,250.56
683,127,person,159.87,518.65,140.7,102.85
683,115,person,822.43,386.99,120.39,232.1
683,153,person,544.85,365.66,130.24,179.92
683,84,person,652.09,339.85,101.75,241.64
684,127,person,159.06,518.31,141.25,103.69
684,115,person,818.8,391.12,116.66,221.73
684,153,person,565.08,365.53,135.61,180.99
684,84,person,651.91,333.18,102.3,240.88
685,127,person,158.84,518.43,140.44,103.55
685,115,person,820.58,388.43,115.77,214.86
685,153,person,576.53,365.52,139.21,180.89
685,84,person,657.02,328.14,102.46,237.38
685,147,person,956.27,405.32,125.17,287.97
686,127,person,157.63,518.12,139.56,103.49
686,115,person,824.13,380.6,125.04,228.27
686,153,person,579.68,364.25,142.16,181.99
686,84,person,656.69,326.69,103.89,240.65
686,147,person,958.06,407.47,124.15,291.33
687,127,person,156.54,517.94,139.08,103.67
687,115,person,821.33,384.61,122.74,220.75
687,153,person,575.84,364.51,141.78,181.14
687,147,person,955.77,407.72,124.29,292.69
688,127,person,152.93,517.88,137.28,102.77
688,115,person,819.57,387.95,120.38,213.29
688,153,person,592.91,364.22,145.97,180.83
688,147,person,959.08,406.85,122.16,292.81
689,127,person,144.79,517.18,136.74,102.88
689,115,person,820.12,372.08,136.18,243.06
689,153,person,604.02,363.27,148.72,179.16
689,147,person,962.43,406.21,120.48,292.47
690,127,person,140.76,516.66,138.11,104.17
690,115,person,835.37,360.1,145.19,264.34
690,153,person,613.92,362.84,151.55,178.21
690,147,person,961.72,405.95,119.89,292.84
691,127,person,136.25,516.49,138.33,104.9
691,115,person,834.7,355.65,150.79,276.99
691,153,person,621.66,360.5,157.76,182.8
691,147,person,962.32,405.97,119.69,293.05
691,142,person,855.3,347.27,167.48,273.85
692,127,person,131.89,517.01,138.44,105.71
692,115,person,833.85,352.05,151.53,279.38
692,153,person,622.66,358.29,160.21,186.09
692,147,person,959.53,405.43,120.41,291.59
692,142,person,854.62,343.62,151.82,267.44
693,127,person,133.2,517.47,139.1,106.38
693,115,person,839.55,343.27,145.15,267.21
693,153,person,626.36,356.37,164.45,192.69
693,147,person,956.35,404.74,122.56,292.25
693,142,person,857.02,330.98,134.64,243.96
694,127,person,134.17,517.16,138.05,106.54
694,153,person,625.5,355.59,164.58,194.89
694,147,person,956.17,403.94,123.86,292.39
694,142,person,859.21,324.81,125.7,231.6
695,127,person,134.65,517.05,136.62,106.37
695,153,person,636.29,357.32,165.17,196.3
695,147,person,954.44,402.88,125.05,291.06
695,142,person,861.24,320.59,122.44,229.25
696,127,person,134.29,517.22,135.11,106.11
696,153,person,645.85,361.97,164.62,196.34
696,147,person,955.47,402.18,124.84,287.75
696,142,person,861.15,337.94,132.01,257.3
697,127,person,133.25,517.39,135.01,105.94
697,153,person,652.38,362.91,161.44,194.63
697,147,person,958.77,403.63,124.74,286.53
697,142,person,862.57,341.01,131.82,264.63
698,127,person,130.77,517.41,132.7,104.54
698,153,person,659.81,362.48,165.72,203.27
698,147,person,961.29,401.15,123.18,281.38
699,127,person,132.0,517.71,130.58,103.74
699,153,person,666.47,359.49,174.93,217.36
699,147,person,964.11,401.56,124.27,283.81
699,142,person,862.0,357.65,122.87,249.44
700,127,person,133.19,518.64,129.51,103.18
700,153,person,669.43,361.54,173.94,218.84
700,142,person,861.53,360.5,124.03,254.39
701,127,person,139.66,518.84,128.24,102.89
701,153,person,674.3,361.86,174.39,220.51
701,142,person,866.34,366.03,127.07,266.67
702,127,person,143.59,518.81,127.11,102.63
702,153,person,677.9,364.43,172.33,218.41
702,142,person,877.72,374.78,118.09,252.73
703,127,person,147.78,518.83,126.28,102.21
703,153,person,681.89,362.99,172.69,218.89
703,142,person,883.44,385.31,110.6,239.07
704,127,person,150.28,519.2,126.08,102.1
704,153,person,684.36,363.37,169.14,213.89
704,142,person,891.66,387.2,107.04,234.53
705,127,person,152.24,519.46,125.99,101.98
705,153,person,687.52,358.68,177.58,225.38
705,142,person,897.98,385.49,106.03,236.05
706,127,person,153.02,519.93,125.27,101.27
706,153,person,688.93,355.52,183.55,234.5
706,142,person,899.54,383.41,106.2,239.79
707,127,person,152.97,520.89,123.72,99.95
707,142,person,902.35,374.71,113.67,260.84
708,127,person,152.38,521.35,122.6,99.01
708,142,person,904.72,381.77,109.57,250.76
709,127,person,152.0,521.53,122.36,98.82
709,142,person,908.95,375.14,116.3,267.26
710,127,person,152.14,521.29,123.31,99.44
710,142,person,910.98,381.19,111.56,254.53
711,127,person,151.17,521.39,123.6,99.48
711,165,person,763.31,373.59,123.67,184.44
712,127,person,148.66,521.06,124.07,99.76
712,165,person,762.42,376.29,124.16,185.25
712,142,person,914.53,381.77,114.54,256.53
713,127,person,145.59,520.6,124.55,100.23
713,165,person,767.89,377.52,124.5,185.98
713,167,person,651.86,355.27,98.85,243.32
714,127,person,142.92,520.58,124.6,100.24
714,165,person,779.97,376.21,123.32,184.01
715,127,person,142.98,520.87,125.19,100.41
715,165,person,794.59,374.24,119.88,178.14
716,127,person,141.81,521.12,125.49,100.31
716,165,person,803.33,377.31,123.4,183.25
716,167,person,646.91,358.91,94.96,233.63
717,127,person,140.78,520.97,126.4,100.84
717,165,person,810.72,374.95,122.11,180.73
717,167,person,649.64,356.56,97.64,239.93
718,127,person,140.2,520.55,127.34,101.37
718,165,person,814.29,375.74,124.37,183.65
718,167,person,645.8,363.07,91.34,223.22
719,127,person,140.38,520.35,128.57,101.84
719,165,person,820.83,373.58,123.0,180.78
720,127,person,139.65,520.19,129.02,101.88
720,165,person,828.03,371.92,124.86,183.13
721,127,person,141.83,520.29,129.71,101.79
721,165,person,837.47,371.77,130.06,190.38
721,167,person,645.21,366.19,89.02,216.11
722,127,person,142.43,520.36,129.64,101.42
722,165,person,848.82,372.58,132.36,192.43
723,127,person,142.08,520.6,127.92,100.16
723,165,person,852.0,374.72,133.58,192.82
724,127,person,144.68,520.53,127.22,99.64
724,165,person,863.66,376.7,134.96,192.83
725,127,person,147.18,520.7,127.57,99.76
726,127,person,148.87,520.69,127.92,100.04
727,127,person,150.38,520.75,127.73,99.97
728,127,person,151.59,521.62,127.35,99.51
729,127,person,153.16,522.44,126.66,98.8
730,127,person,152.44,522.42,127.11,98.79
731,127,person,152.74,522.57,127.0,98.36
732,127,person,154.45,522.9,125.84,97.23
733,127,person,153.54,522.97,126.65,97.24
734,127,person,154.37,523.08,127.39,97.22
735,127,person,156.16,523.1,126.81,96.68
736,127,person,156.2,523.26,126.47,96.38
736,165,person,963.35,396.53,153.92,227.11
737,127,person,157.39,522.69,127.73,97.23
737,165,person,975.71,397.95,150.32,225.52
737,142,person,975.92,380.96,92.79,193.16
738,142,person,993.87,378.41,97.83,185.22
739,142,person,1006.05,380.68,105.53,188.29
741,127,person,160.46,523.56,125.32,95.05
741,142,person,1017.29,380.95,108.06,186.85
742,174,person,932.93,384.31,117.21,275.37
742,127,person,161.01,523.85,125.29,94.9
742,142,person,1019.41,381.94,111.66,189.16
743,174,person,931.38,384.97,115.88,272.17
743,127,person,161.23,524.29,125.13,94.7
744,174,person,929.03,386.67,113.91,267.28
744,127,person,162.7,524.95,125.21,94.13
745,174,person,930.9,383.94,113.4,265.75
745,127,person,163.4,525.3,125.28,93.72
745,142,person,1029.0,385.18,118.21,201.54
746,174,person,929.86,382.35,112.71,263.39
746,142,person,1030.23,382.4,118.44,203.81
747,174,person,931.28,382.1,112.56,262.27
748,174,person,932.71,383.45,113.62,264.23
749,174,person,933.62,384.26,113.91,264.08
750,174,person,934.14,385.95,115.56,267.49
750,177,person,661.25,347.87,104.56,265.8
751,174,person,934.52,385.81,114.63,264.93
751,177,person,662.11,348.57,105.44,268.08
751,142,person,1040.97,419.37,155.58,272.12
752,174,person,933.09,386.68,113.87,263.83
752,177,person,662.57,349.45,105.52,268.25
752,142,person,1053.81,419.81,148.5,271.87
753,174,person,933.0,390.7,111.67,259.21
753,177,person,663.48,350.2,105.39,267.83
753,142,person,1061.14,417.46,142.5,269.54
753,127,person,167.36,527.15,123.97,92.02
754,174,person,933.23,391.95,111.38,259.25
754,177,person,663.94,352.25,105.15,267.38
754,142,person,1064.4,415.22,137.5,267.1
754,180,person,802.33,369.21,88.74,219.58
754,127,person,166.97,526.7,123.65,92.06
754,165,person,1143.09,418.15,190.49,290.02
755,174,person,932.73,393.65,112.04,262.7
755,177,person,664.28,354.81,104.38,265.07
755,142,person,1065.97,414.12,133.99,264.07
755,180,person,800.59,365.86,90.09,222.99
755,127,person,168.74,526.56,123.46,91.89
755,165,person,1147.21,423.12,186.07,283.08
756,174,person,933.37,395.74,111.01,261.53
756,177,person,665.07,355.69,104.11,264.21
756,142,person,1069.34,414.81,133.39,265.29
756,180,person,800.06,369.33,90.06,223.33
756,127,person,169.23,526.52,122.31,91.12
756,165,person,1144.53,422.81,188.39,283.45
757,174,person,934.95,394.84,111.55,264.78
757,177,person,665.42,355.88,104.17,264.37
757,142,person,1071.3,418.17,136.96,275.07
757,180,person,801.44,371.44,90.23,224.42
757,127,person,170.49,526.73,121.38,90.45
757,165,person,1145.2,424.02,188.05,281.77
758,174,person,937.51,395.79,111.83,266.34
758,177,person,666.96,353.7,105.7,268.6
758,142,person,1077.17,417.88,136.17,276.9
758,180,person,800.77,374.32,89.17,221.8
758,127,person,170.91,526.89,120.84,90.19
759,174,person,939.47,397.45,112.1,268.05
759,177,person,667.13,354.67,104.99,266.99
759,142,person,1065.94,417.68,139.68,277.72
759,180,person,800.41,373.45,89.89,223.66
759,127,person,171.33,527.54,120.22,89.44
760,174,person,940.77,401.14,109.75,262.13
760,177,person,666.64,356.42,103.44,263.19
760,142,person,1060.64,417.51,143.09,278.47
760,180,person,800.36,373.88,89.14,222.2
760,127,person,171.64,527.71,120.26,89.32
761,174,person,941.61,402.61,108.78,260.0
761,177,person,667.84,356.48,103.56,264.03
761,142,person,1058.13,416.95,148.81,282.67
761,180,person,802.52,373.3,89.78,224.84
761,127,person,172.24,527.68,120.57,89.42
762,174,person,942.24,398.19,112.44,270.06
762,177,person,668.89,354.84,104.55,267.11
762,142,person,1061.36,417.55,152.58,284.73
762,180,person,804.45,373.35,89.56,225.62
762,127,person,173.13,527.37,120.96,90.22
763,174,person,943.93,398.72,112.92,272.63
763,177,person,668.87,353.07,105.53,270.99
763,142,person,1070.61,418.6,154.31,286.95
763,180,person,803.22,374.14,88.79,223.7
763,127,person,173.29,527.24,120.03,90.22
764,174,person,944.41,398.85,112.5,272.72
764,177,person,668.9,354.06,104.71,269.91
764,142,person,1084.88,419.12,153.97,291.42
764,180,person,803.82,374.28,88.66,223.48
765,174,person,944.42,401.63,109.42,265.01
765,177,person,668.21,356.49,102.41,264.57
765,142,person,1092.12,418.77,152.26,292.92
765,180,person,804.48,374.88,87.3,220.06
766,174,person,944.11,400.84,109.55,265.21
766,177,person,668.05,356.91,101.88,263.76
766,142,person,1094.8,418.45,150.48,293.51
766,180,person,804.63,374.5,87.41,220.48
767,174,person,943.55,402.84,107.32,258.79
767,177,person,667.34,360.26,99.34,257.22
767,142,person,1096.88,418.09,149.04,293.3
767,180,person,805.27,374.83,86.44,218.99
767,127,person,179.74,527.61,120.18,90.31
768,174,person,944.08,405.17,104.55,250.37
768,177,person,667.96,357.79,101.22,262.97
768,142,person,1098.14,419.1,147.47,291.25
768,180,person,806.62,376.89,85.29,216.62
768,127,person,181.04,527.69,119.93,90.25
769,174,person,943.55,406.83,103.48,246.15
769,177,person,669.22,358.03,100.69,261.77
769,142,person,1099.58,417.97,148.78,294.41
769,180,person,809.95,380.7,82.8,210.95
769,127,person,182.6,527.62,119.85,90.01
770,174,person,944.26,402.99,110.38,263.2
770,177,person,670.11,357.54,100.84,262.43
770,142,person,1106.07,418.17,147.77,295.14
770,180,person,811.11,379.25,84.45,215.97
770,127,person,184.03,527.57,120.24,90.02
770,184,person,1028.62,398.23,88.9,233.29
771,174,person,945.23,402.09,111.46,266.32
771,177,person,671.03,357.41,100.8,262.49
771,142,person,1112.92,418.25,146.61,296.0
771,180,person,813.3,381.7,83.37,214.06
771,127,person,185.67,527.55,120.0,89.42
771,184,person,1025.75,396.14,99.36,261.04
772,174,person,945.52,401.71,111.03,266.45
772,177,person,669.9,359.77,99.33,259.74
772,142,person,1117.45,418.55,144.61,295.41
772,180,person,811.36,382.67,83.99,214.66
772,127,person,186.61,527.63,120.28,89.18
772,184,person,1025.56,398.06,103.56,272.58
773,174,person,946.32,401.55,112.18,270.53
773,177,person,670.2,357.15,101.09,265.93
773,142,person,1114.96,419.3,145.72,297.73
773,180,person,810.44,383.31,84.34,215.14
773,127,person,188.33,527.85,120.81,88.97
773,184,person,1024.53,397.55,104.73,276.68
774,174,person,946.04,402.32,111.35,269.01
774,177,person,670.48,356.23,101.44,267.38
774,142,person,1112.23,418.91,147.16,299.19
774,180,person,813.93,383.78,83.72,214.52
774,127,person,189.53,528.22,121.0,88.45
774,184,person,1024.12,397.51,104.22,276.67
775,174,person,945.92,402.55,112.21,271.28
775,177,person,670.44,355.92,101.33,268.19
775,142,person,1112.45,418.06,148.84,300.96
775,180,person,815.22,384.58,83.24,213.53
775,127,person,191.06,528.59,121.23,87.82
775,184,person,1024.46,395.79,101.48,271.07
776,174,person,946.47,401.87,112.35,271.65
776,177,person,672.5,354.85,102.48,271.47
776,142,person,1113.44,417.27,150.3,301.66
776,180,person,817.59,385.64,82.52,212.69
776,127,person,191.99,528.83,122.14,87.67
776,184,person,1024.6,396.68,101.18,272.63
777,174,person,948.78,397.06,113.24,275.46
777,177,person,672.8,357.24,100.73,266.83
777,142,person,1118.7,417.03,150.7,301.94
777,180,person,817.65,385.64,82.56,213.6
777,127,person,192.59,529.32,122.51,87.22
777,184,person,1025.26,398.31,101.28,275.75
778,174,person,949.8,396.12,114.18,279.71
778,177,person,673.17,358.43,99.92,264.55
778,142,person,1119.1,417.66,152.49,303.7
778,180,person,819.02,388.32,79.33,204.69
778,127,person,194.21,529.82,123.14,86.89
778,184,person,1025.78,400.38,102.15,281.24
779,174,person,949.25,396.1,114.31,281.68
779,177,person,673.3,361.5,98.13,259.19
779,142,person,1124.71,417.1,152.64,304.85
779,180,person,820.97,389.58,77.83,200.18
779,184,person,1025.28,400.81,102.1,284.27
780,174,person,950.85,395.55,112.33,279.65
780,177,person,672.02,364.62,96.13,253.76
780,142,person,1130.85,415.48,151.21,303.7
780,180,person,822.9,387.35,79.98,205.32
780,184,person,1025.11,400.88,100.92,284.22
781,174,person,953.9,395.13,110.27,279.13
781,177,person,674.43,363.01,97.03,255.6
781,142,person,1138.88,414.42,149.04,302.03
781,180,person,822.44,389.72,78.37,200.77
781,184,person,1024.68,401.36,99.32,282.82
782,174,person,955.6,394.89,107.96,277.97
782,177,person,675.15,362.77,96.76,255.09
782,142,person,1144.13,414.24,147.09,300.97
782,180,person,822.2,391.7,76.13,194.34
782,184,person,1025.15,401.94,97.81,281.95
783,174,person,956.55,395.31,106.01,277.58
783,177,person,676.08,362.35,97.31,256.36
783,142,person,1146.4,414.62,146.16,302.01
783,180,person,823.61,391.11,76.5,194.72
783,184,person,1026.16,401.25,96.45,281.04
784,174,person,957.5,395.92,104.38,277.65
784,177,person,678.56,362.19,98.35,258.39
784,142,person,1147.72,415.15,144.97,302.47
784,180,person,824.71,392.5,75.64,191.44
784,184,person,1026.27,401.72,95.5,280.82
785,174,person,958.25,396.48,102.58,277.4
785,177,person,679.32,366.07,95.99,250.03
785,142,person,1149.01,414.43,142.95,301.06
785,180,person,824.94,391.42,76.31,193.06
785,184,person,1026.99,401.5,94.23,278.87
786,174,person,958.87,397.02,101.11,277.39
786,177,person,679.85,367.05,95.9,249.05
786,142,person,1148.42,414.78,142.75,302.34
786,180,person,824.28,392.9,74.58,188.82
786,184,person,1027.62,402.39,94.2,279.56
787,174,person,959.31,399.74,98.76,274.36
787,177,person,680.16,375.25,90.62,230.45
787,142,person,1147.26,414.6,142.68,302.93
787,180,person,824.26,393.28,73.12,185.39
787,184,person,1029.09,403.5,93.98,279.45
788,174,person,959.2,398.77,97.99,275.43
788,177,person,682.43,370.13,94.95,240.67
788,142,person,1144.49,414.28,142.89,302.65
788,180,person,825.14,394.72,73.2,186.58
788,184,person,1027.68,404.07,94.6,277.56
789,174,person,959.25,399.31,96.7,274.76
789,177,person,684.71,365.03,99.18,251.38
789,142,person,1142.98,413.96,143.22,302.5
789,180,person,825.41,394.71,73.1,187.14
789,184,person,1028.06,404.55,94.72,277.31
790,174,person,959.57,400.16,95.31,272.74
790,177,person,685.96,363.97,99.76,251.93
790,142,person,1143.73,413.42,143.02,302.03
790,180,person,825.79,395.11,75.23,193.98
790,184,person,1026.26,405.33,95.81,276.16
791,174,person,959.74,401.24,93.9,270.61
791,142,person,1143.29,413.25,143.23,302.01
791,180,person,826.85,392.86,76.83,199.22
791,184,person,1026.5,404.91,96.18,276.13
792,174,person,958.82,402.41,92.94,268.92
792,142,person,1142.98,412.44,143.5,302.54
792,180,person,825.89,393.56,77.15,201.21
792,184,person,1026.15,404.85,96.76,277.02
792,188,person,1007.37,403.9,144.9,273.36
793,174,person,957.87,402.23,92.74,268.86
793,142,person,1143.12,411.86,143.47,302.98
793,180,person,826.47,392.16,77.5,202.86
793,184,person,1025.48,404.22,96.94,276.49
793,188,person,1001.89,403.39,144.76,272.74
794,174,person,956.92,403.31,92.91,269.02
794,142,person,1144.48,411.92,143.95,305.9
794,180,person,826.98,389.02,78.54,206.98
794,184,person,1026.2,404.7,97.08,276.21
794,188,person,996.51,404.71,145.0,272.2
795,174,person,955.84,406.19,92.15,265.53
795,142,person,1145.87,411.98,144.04,309.13
795,180,person,827.49,389.06,77.95,206.59
795,184,person,1026.09,405.56,97.31,275.72
795,188,person,983.62,407.36,141.97,265.89
796,174,person,955.58,405.5,93.62,268.86
796,142,person,1146.47,411.99,143.11,310.29
796,180,person,827.15,388.05,77.94,207.7
796,184,person,1026.05,406.34,97.78,275.9
796,188,person,976.41,407.25,142.62,267.27
797,174,person,955.09,403.67,95.38,273.17
797,142,person,1146.49,411.66,141.59,310.39
797,180,person,826.81,385.99,77.1,206.9
797,184,person,1024.52,406.72,98.39,276.14
797,188,person,973.21,405.8,144.14,270.58
798,174,person,954.54,403.57,96.15,274.57
798,142,person,1145.63,411.07,139.64,308.78
798,180,person,826.43,384.49,76.36,206.57
798,184,person,1023.35,406.25,99.64,278.72
798,188,person,974.19,405.54,145.41,272.78
798,177,person,688.86,355.13,106.21,270.75
799,174,person,953.76,403.58,96.58,275.64
799,142,person,1144.55,408.09,136.65,304.72
799,180,person,826.42,381.48,73.11,199.67
799,184,person,1022.48,406.15,100.15,279.28
799,188,person,989.87,406.21,146.89,274.89
799,177,person,689.84,353.57,107.07,275.05
800,174,person,953.25,404.14,96.8,276.15
800,142,person,1141.29,406.18,133.95,302.28
800,180,person,826.46,379.55,70.18,193.23
800,184,person,1022.45,406.1,100.73,280.53
800,177,person,690.19,353.54,106.81,276.31
801,174,person,953.05,404.63,97.39,277.49
801,142,person,1138.32,402.53,129.88,295.73
801,180,person,826.94,382.73,68.01,188.4
801,184,person,1023.3,406.81,100.13,278.46
801,177,person,692.32,355.24,105.87,272.85
801,188,person,993.3,407.29,147.87,274.65
802,174,person,953.4,404.35,97.41,277.41
802,142,person,1136.7,400.23,127.23,291.77
802,180,person,827.58,381.69,67.8,189.09
802,184,person,1023.2,408.61,99.22,273.85
803,174,person,954.56,403.77,98.05,278.75
803,142,person,1135.59,399.73,126.16,290.71
803,180,person,828.09,379.43,67.27,188.55
803,184,person,1023.6,408.61,99.97,274.21
803,177,person,692.1,359.87,102.74,264.99
803,188,person,994.81,408.78,148.97,274.07
804,174,person,954.55,404.3,98.18,279.21
804,142,person,1134.75,397.72,124.24,287.72
804,180,person,827.94,377.83,67.44,189.79
804,184,person,1025.66,407.92,100.18,274.35
804,177,person,690.08,363.47,100.23,258.35
805,174,person,954.09,404.52,98.23,279.43
805,142,person,1132.98,395.09,121.72,282.82
805,180,person,827.67,375.33,66.08,185.86
805,184,person,1025.3,407.8,100.4,274.07
805,177,person,689.59,364.69,99.12,255.26
806,174,person,953.87,404.26,97.86,277.94
806,142,person,1132.27,392.97,119.11,277.75
806,180,person,827.66,375.78,67.27,190.64
806,184,person,1024.09,407.21,100.87,273.76
806,177,person,691.17,360.79,101.4,261.72
807,174,person,954.47,404.5,98.15,278.54
807,142,person,1131.67,390.38,116.68,273.06
807,180,person,827.46,370.81,63.12,179.45
807,184,person,1024.62,407.62,101.27,272.92
807,177,person,690.99,360.81,101.54,262.24
808,174,person,954.36,404.86,98.17,278.14
808,142,person,1131.89,389.51,115.96,272.81
808,180,person,826.29,370.11,61.88,176.21
808,184,person,1025.72,408.94,101.36,270.22
808,177,person,691.61,362.17,101.25,261.65
809,174,person,954.31,405.71,98.07,277.65
809,142,person,1131.88,389.15,115.54,273.07
809,180,person,825.73,370.63,61.68,176.54
809,184,person,1027.16,409.91,101.15,267.86
809,177,person,691.91,362.12,100.61,259.84
810,174,person,954.27,406.65,98.03,277.07
810,142,person,1131.86,388.36,115.05,272.87
810,180,person,824.92,370.84,60.91,175.05
810,184,person,1029.11,412.06,99.17,262.19
810,177,person,692.76,362.16,100.97,260.8
810,188,person,987.51,409.02,151.78,274.86
811,174,person,953.6,407.56,98.23,277.41
811,142,person,1131.61,387.13,114.46,272.08
811,180,person,824.36,372.22,61.93,179.05
811,184,person,1029.48,413.41,99.04,261.66
811,177,person,692.73,362.52,101.03,260.51
811,189,person,825.72,389.44,72.79,220.36
811,188,person,987.95,409.48,154.44,275.39
812,174,person,953.55,406.85,98.42,278.16
812,142,person,1130.78,386.3,113.93,270.9
812,180,person,824.57,373.29,61.09,177.02
812,184,person,1028.81,414.5,99.3,262.37
812,177,person,693.46,363.14,101.29,260.11
812,189,person,826.8,391.99,72.91,220.75
812,188,person,983.3,408.01,156.12,279.7
813,174,person,955.03,406.98,98.6,277.69
813,142,person,1130.86,385.86,113.38,270.09
813,180,person,824.82,374.27,60.39,175.28
813,184,person,1029.52,414.35,99.17,262.53
813,177,person,693.74,364.02,101.53,259.62
813,189,person,827.25,394.04,72.43,219.33
813,188,person,996.62,411.22,153.04,274.41
814,174,person,957.2,407.73,99.35,277.71
814,142,person,1131.48,384.81,111.75,266.75
814,180,person,825.98,374.42,59.28,172.83
814,184,person,1031.51,414.07,98.46,261.88
814,177,person,694.26,365.13,101.96,259.43
814,189,person,827.55,392.52,70.54,214.01
814,188,person,992.34,409.63,157.51,279.97
815,174,person,956.75,409.11,99.69,277.63
815,142,person,1131.64,384.43,111.06,265.53
815,180,person,827.8,378.48,61.61,182.34
815,184,person,1032.95,413.82,97.74,261.16
815,177,person,694.08,364.17,102.05,259.02
815,188,person,990.22,409.0,159.6,281.77
816,174,person,957.1,409.75,100.06,277.17
816,142,person,1131.93,383.11,109.45,261.6
816,180,person,828.25,378.12,62.18,186.53
816,184,person,1034.2,413.77,96.98,260.51
816,177,person,694.47,365.68,102.69,260.51
816,188,person,988.28,408.44,160.63,282.65
817,174,person,957.85,410.7,101.31,278.69
817,142,person,1131.58,382.83,109.41,261.38
817,180,person,828.14,379.28,62.08,188.86
817,184,person,1034.56,414.61,96.64,261.24
817,177,person,694.55,366.12,103.22,261.47
817,188,person,1001.07,412.72,156.61,277.73
817,189,person,829.23,394.66,73.65,224.87
818,174,person,957.82,410.98,101.89,277.99
818,142,person,1130.72,382.92,109.77,261.84
818,180,person,828.04,381.1,61.63,189.95
818,184,person,1034.2,414.42,95.8,259.73
818,177,person,694.49,366.55,104.21,263.94
818,188,person,998.63,414.24,156.56,275.58
818,190,person,260.15,607.43,227.78,218.82
818,189,person,829.95,395.5,73.39,225.37
819,174,person,957.72,411.0,102.61,277.85
819,142,person,1129.44,383.2,110.49,262.72
819,180,person,828.07,380.43,60.37,187.77
819,184,person,1034.29,413.98,95.58,259.93
819,177,person,694.52,366.71,104.96,265.86
819,188,person,999.26,414.4,156.98,275.41
819,190,person,260.29,607.38,227.89,218.91
819,189,person,830.06,396.1,73.08,225.07
820,174,person,957.54,411.48,103.13,277.32
820,142,person,1128.93,383.12,111.28,263.69
820,180,person,827.9,380.57,58.61,183.44
820,184,person,1034.75,413.56,94.88,258.52
820,177,person,694.19,367.18,104.41,264.57
820,188,person,997.04,414.56,158.47,275.38
820,190,person,259.61,607.47,227.7,218.75
820,189,person,830.23,397.41,72.16,223.03
821,174,person,957.58,411.84,103.64,276.87
821,142,person,1129.01,383.04,111.72,264.12
821,180,person,828.59,378.82,56.93,179.6
821,184,person,1035.04,413.45,94.26,256.96
821,177,person,693.95,367.48,103.78,262.73
821,188,person,995.06,414.72,160.21,275.04
821,190,person,258.22,607.39,227.5,218.7
821,189,person,829.92,397.59,71.73,222.42
822,174,person,957.37,412.35,104.44,277.21
822,142,person,1129.56,383.43,111.77,264.14
822,180,person,828.8,378.24,56.43,179.1
822,184,person,1036.34,412.49,93.72,255.74
822,177,person,693.94,367.92,104.79,265.13
822,188,person,1011.56,413.54,155.17,271.49
822,190,person,256.74,607.42,226.9,218.34
822,189,person,830.88,397.4,71.47,222.35
823,174,person,957.51,412.61,105.09,277.11
823,142,person,1129.98,383.72,111.89,264.5
823,180,person,829.12,377.54,55.38,175.79
823,184,person,1037.57,411.11,91.69,250.4
823,177,person,695.04,367.21,104.61,264.74
823,188,person,1019.34,412.68,153.52,274.18
823,190,person,257.11,607.39,226.4,218.01
823,189,person,832.3,397.14,70.89,220.4
824,174,person,958.47,412.26,105.91,277.04
824,142,person,1129.96,384.53,112.39,265.85
824,180,person,829.45,377.91,56.25,179.52
824,184,person,1038.48,410.54,91.31,249.77
824,177,person,696.17,367.12,104.29,263.78
824,188,person,1004.81,412.52,155.05,273.06
824,190,person,256.73,607.41,225.23,217.21
824,189,person,831.06,395.71,70.45,219.81
825,174,person,958.97,412.41,106.7,277.36
825,142,person,1130.54,384.49,112.15,265.89
825,180,person,830.24,377.44,57.3,184.52
825,184,person,1039.74,412.41,91.56,251.12
825,177,person,697.63,368.37,103.54,261.79
825,188,person,1000.96,412.9,156.71,272.97
825,190,person,259.25,607.6,224.97,216.95
825,189,person,831.6,394.88,70.51,221.49
826,174,person,959.51,412.35,107.44,277.75
826,142,person,1131.34,383.99,111.64,265.8
826,180,person,831.18,377.06,57.22,184.98
826,184,person,1040.2,412.56,92.03,253.42
826,177,person,698.39,368.49,103.45,261.61
826,188,person,1007.04,412.76,155.61,272.28
826,190,person,260.56,607.51,225.0,216.99
827,174,person,959.57,412.53,108.12,278.34
827,142,person,1131.58,384.25,111.39,266.33
827,180,person,832.18,377.24,56.97,183.98
827,184,person,1040.07,413.01,93.0,257.25
827,177,person,698.36,368.39,103.12,260.59
827,190,person,260.42,607.64,224.53,216.65
828,174,person,959.8,412.9,108.65,278.58
828,142,person,1131.17,384.41,111.84,268.16
828,180,person,832.79,377.69,57.32,185.11
828,184,person,1039.78,412.96,92.8,258.11
828,177,person,697.79,369.27,103.47,261.93
828,190,person,260.93,607.72,224.18,216.29
829,174,person,959.88,413.18,108.86,278.08
829,142,person,1131.24,384.51,112.14,269.92
829,180,person,833.75,377.78,57.05,183.2
829,184,person,1039.83,412.14,92.79,259.84
829,177,person,698.16,369.55,103.61,262.95
829,190,person,261.78,607.72,224.38,216.36
830,174,person,960.49,414.07,108.95,277.44
830,142,person,1132.42,383.77,111.45,270.26
830,180,person,835.58,378.4,56.91,180.75
830,184,person,1040.38,411.65,92.8,261.47
830,177,person,698.04,370.54,102.13,259.88
830,190,person,262.25,607.61,224.29,216.24
830,188,person,1006.01,413.67,156.5,273.83
831,174,person,960.9,414.57,108.98,276.75
831,142,person,1133.18,382.51,110.32,270.01
831,180,person,836.51,378.84,57.57,179.59
831,184,person,1040.59,410.65,91.64,259.35
831,177,person,698.08,371.47,102.06,260.34
831,190,person,262.5,607.56,224.63,216.55
831,188,person,1002.75,413.59,156.71,272.9
832,174,person,961.55,414.39,109.15,276.85
832,142,person,1133.92,381.92,109.07,269.7
832,180,person,837.64,378.75,57.74,177.89
832,184,person,1039.99,410.01,91.68,259.85
832,177,person,699.32,371.94,102.38,262.08
832,190,person,262.41,607.63,224.8,216.76
832,188,person,1002.07,413.43,157.89,273.43
833,174,person,962.43,414.44,109.5,277.35
833,142,person,1134.21,383.14,108.08,270.22
833,180,person,837.05,379.21,57.85,177.26
833,184,person,1040.12,410.61,92.18,261.36
833,177,person,700.03,371.88,102.34,262.55
833,190,person,262.15,607.91,224.11,216.18
833,188,person,998.6,413.98,160.95,275.11
834,174,person,963.32,414.27,109.54,277.51
834,142,person,1134.27,382.79,107.93,272.36
834,180,person,837.14,379.29,58.53,177.59
834,184,person,1038.39,412.4,94.47,267.04
834,177,person,699.18,372.23,101.9,262.68
834,190,person,262.56,607.96,223.66,215.79
834,188,person,999.48,414.93,163.83,277.4
835,174,person,964.25,414.44,109.59,277.65
835,142,person,1134.58,384.13,106.99,272.77
835,180,person,837.74,378.99,59.3,178.85
835,184,person,1038.03,412.46,95.79,269.95
835,177,person,700.75,371.29,102.54,265.33
835,190,person,263.41,608.22,223.33,215.51
835,188,person,998.65,415.15,166.54,278.8
836,174,person,965.42,415.07,109.9,278.67
836,142,person,1135.03,384.68,105.66,272.03
836,180,person,838.56,379.86,59.59,178.81
836,184,person,1038.01,413.83,96.75,271.51
836,177,person,702.48,370.77,102.27,265.21
836,190,person,264.56,608.69,222.53,214.52
836,188,person,999.36,416.1,168.97,280.51
837,174,person,967.15,415.44,109.94,278.56
837,142,person,1134.85,384.9,104.57,271.43
837,180,person,839.09,381.93,60.07,179.39
837,184,person,1038.42,414.24,97.19,271.35
837,177,person,703.32,369.81,103.95,270.62
837,190,person,265.64,609.12,221.89,213.58
837,188,person,1000.48,416.31,170.91,281.59
838,174,person,968.8,415.81,110.21,279.31
838,142,person,1134.61,384.81,103.83,271.47
838,180,person,839.89,383.03,59.87,177.63
838,184,person,1038.84,414.04,97.44,270.94
838,177,person,703.98,370.23,103.61,270.5
838,190,person,266.58,609.34,222.07,213.38
838,188,person,1001.31,416.59,172.34,282.37
839,174,person,969.94,415.95,110.32,279.49
839,142,person,1134.47,384.77,103.24,271.56
839,180,person,839.34,384.0,60.08,177.18
839,184,person,1039.73,413.5,97.62,271.1
839,177,person,704.47,370.24,103.91,271.71
839,190,person,267.01,609.77,221.68,212.61
839,188,person,1001.43,416.45,173.29,282.87
840,174,person,970.72,416.26,109.92,278.87
840,142,person,1134.63,385.14,102.57,271.24
840,184,person,1040.14,413.43,97.21,269.46
840,177,person,703.77,371.62,103.1,270.83
840,190,person,267.57,609.92,221.88,212.31
840,188,person,1001.65,416.51,172.98,282.14
840,189,person,839.97,399.94,64.21,200.26
841,174,person,971.24,416.18,109.83,279.18
841,142,person,1134.35,385.45,102.15,271.0
841,184,person,1040.67,413.11,95.92,264.87
841,177,person,704.08,369.27,104.41,275.42
841,190,person,267.92,609.86,222.22,212.25
841,188,person,999.82,416.12,172.42,282.05
841,189,person,841.1,399.49,66.62,207.47
842,174,person,971.52,416.75,109.57,279.1
842,142,person,1134.26,385.98,101.83,271.01
842,184,person,1040.95,415.32,96.12,264.84
842,177,person,705.38,368.71,105.0,277.0
842,190,person,268.34,609.77,222.73,212.5
842,188,person,1000.32,416.71,172.14,281.96
842,189,person,841.31,392.8,65.76,202.67
843,174,person,971.84,417.15,109.15,278.86
843,142,person,1134.37,385.96,101.37,270.5
843,184,person,1041.58,418.41,95.43,262.51
843,177,person,704.03,366.28,106.18,282.81
843,190,person,268.97,609.27,224.17,213.9
843,188,person,1001.12,417.38,171.47,281.36
843,189,person,841.71,396.95,65.14,200.11
844,174,person,971.95,417.71,108.48,277.65
844,142,person,1134.69,385.72,100.86,269.99
844,184,person,1042.05,419.82,93.93,257.51
844,177,person,705.51,370.5,103.37,275.58
844,190,person,269.11,609.16,224.34,214.06
844,188,person,1000.41,418.16,170.0,279.64
844,189,person,840.95,401.56,65.53,201.07
845,174,person,972.18,417.92,107.61,276.06
845,142,person,1134.97,385.92,100.48,269.82
845,184,person,1041.44,421.08,95.0,259.3
845,177,person,706.24,368.76,104.31,279.0
845,190,person,269.13,609.26,223.87,213.71
845,188,person,1003.04,418.95,169.45,278.21
845,189,person,840.33,406.7,64.99,199.14
846,174,person,972.6,418.46,106.81,274.46
846,142,person,1135.08,386.46,100.13,269.78
846,184,person,1041.63,420.79,95.29,259.07
846,177,person,706.57,371.98,102.46,274.42
846,190,person,268.7,609.25,223.38,213.57
846,188,person,1004.11,419.46,168.36,276.1
846,189,person,841.64,410.31,63.38,193.43
847,174,person,973.07,419.02,106.44,274.03
847,142,person,1135.2,386.66,99.88,269.98
847,184,person,1042.7,420.03,94.85,257.08
847,177,person,707.03,370.21,103.08,277.17
847,190,person,268.8,609.43,222.74,213.25
847,188,person,1003.85,419.85,167.63,274.96
847,189,person,843.42,408.7,64.36,196.66
848,174,person,973.47,419.69,106.36,274.25
848,142,person,1134.66,384.16,98.64,266.15
848,184,person,1043.39,419.32,95.3,257.77
848,177,person,707.6,370.91,102.64,277.38
848,190,person,270.16,609.58,222.88,213.37
848,188,person,1001.61,420.28,166.83,274.76
848,189,person,843.52,411.28,63.46,193.21
849,174,person,973.21,419.88,106.19,274.16
849,142,person,1134.47,383.19,98.1,264.33
849,184,person,1042.72,420.4,95.9,256.51
849,177,person,707.6,372.26,101.41,275.05
849,190,person,270.11,609.57,222.63,213.28
849,188,person,1003.33,420.71,166.84,274.47
849,189,person,844.67,410.01,63.41,193.38
850,174,person,973.06,420.04,106.05,274.4
850,142,person,1134.32,382.79,98.02,263.86
850,184,person,1043.01,421.75,96.44,257.46
850,177,person,708.28,371.78,101.32,276.07
850,190,person,270.89,609.54,222.83,213.42
850,188,person,1005.04,421.19,167.17,274.3
850,189,person,844.5,410.83,63.12,192.61
851,174,person,972.95,420.13,105.59,273.76
851,142,person,1133.95,382.7,98.11,263.82
851,184,person,1042.77,422.57,96.46,256.78
851,177,person,707.94,373.22,99.84,272.38
851,190,person,271.3,609.38,223.22,213.75
851,188,person,1005.98,421.68,167.03,273.16
851,189,person,843.76,410.8,63.07,192.04
852,174,person,972.78,420.1,105.22,273.48
852,142,person,1133.59,382.46,98.37,264.26
852,184,person,1042.12,424.05,95.99,254.81
852,177,person,707.28,374.29,99.73,273.26
852,190,person,271.16,609.05,223.68,214.18
852,188,person,1006.65,422.2,167.17,272.46
852,189,person,843.51,411.34,63.53,193.35
853,174,person,972.5,419.98,104.79,273.24
853,142,person,1134.48,384.47,99.24,267.89
853,184,person,1042.12,424.41,96.01,254.58
853,177,person,707.57,375.59,98.39,270.24
853,190,person,271.08,609.01,223.84,214.2
853,188,person,1006.99,422.43,167.78,272.63
853,189,person,843.75,410.71,64.21,195.43
854,174,person,971.45,419.72,104.74,273.77
854,142,person,1134.65,385.22,99.35,269.43
854,184,person,1041.15,424.14,96.45,255.38
854,177,person,707.96,374.43,98.03,269.84
854,190,person,270.22,609.2,223.55,213.78
854,188,person,1006.19,422.62,168.81,273.61
854,189,person,844.32,409.4,66.02,201.17
855,174,person,970.31,419.47,104.57,274.08
855,142,person,1134.44,385.36,99.21,270.19
855,184,person,1040.61,423.5,96.55,256.29
855,177,person,707.23,375.06,96.9,266.57
855,190,person,269.72,609.16,223.76,213.66
855,188,person,1004.81,422.51,169.46,274.32
855,189,person,844.27,412.94,65.18,197.68
856,174,person,969.33,419.09,104.19,273.58
856,142,person,1133.73,385.33,99.1,270.47
856,184,person,1037.23,423.9,99.65,263.34
856,177,person,705.76,376.21,95.55,262.21
856,190,person,270.08,608.75,224.95,214.56
856,188,person,1003.2,422.0,169.41,274.0
856,189,person,843.79,413.44,64.97,196.22
857,174,person,968.53,418.97,104.01,273.76
857,142,person,1133.35,385.0,98.95,270.38
857,184,person,1035.79,423.93,101.52,267.16
857,177,person,705.08,373.92,97.19,266.17
857,190,person,270.16,608.31,226.19,215.51
857,188,person,1002.45,421.92,169.92,274.6
857,189,person,843.05,411.57,65.5,196.97
858,174,person,967.91,418.86,103.79,273.84
858,142,person,1133.36,384.8,99.06,270.33
858,184,person,1035.14,424.29,102.37,268.39
858,177,person,703.32,374.88,95.92,261.8
858,190,person,269.69,607.96,226.77,215.95
858,188,person,1001.89,421.97,170.14,274.77
858,189,person,842.61,413.95,64.05,191.15
859,174,person,966.73,419.16,102.78,272.26
859,142,person,1133.17,383.64,99.8,270.79
859,184,person,1035.77,425.26,101.84,266.85
859,177,person,702.4,376.9,94.78,258.23
859,190,person,269.4,607.75,226.74,215.75
859,188,person,1001.64,423.01,169.28,272.95
859,189,person,842.17,415.5,62.91,185.93
860,174,person,966.01,419.29,101.95,270.7
860,142,person,1133.42,383.5,100.66,271.45
860,184,person,1037.57,424.48,98.27,258.54
860,177,person,703.34,376.29,95.56,259.64
860,190,person,269.16,607.57,227.11,216.02
860,188,person,1000.91,423.24,168.6,271.34
860,189,person,841.36,401.49,59.4,173.53
861,174,person,965.31,419.48,101.37,269.95
861,142,person,1134.05,383.62,101.31,271.24
861,184,person,1038.21,423.76,96.51,255.1
861,177,person,703.83,375.62,96.1,261.18
861,190,person,269.29,607.4,227.44,216.29
861,188,person,1000.15,423.3,168.62,270.99
861,189,person,841.08,391.44,59.52,172.98
862,174,person,964.82,419.56,101.19,270.03
862,142,person,1135.01,384.21,102.11,271.21
862,184,person,1038.26,423.96,95.24,252.56
862,177,person,704.36,374.43,97.57,265.28
862,190,person,269.33,607.57,227.64,216.35
862,188,person,999.49,423.25,168.93,271.21
862,189,person,841.25,397.6,65.9,192.35
863,174,person,963.91,420.05,100.76,269.82
863,142,person,1135.38,384.79,102.8,271.08
863,184,person,1038.59,425.13,94.82,252.33
863,177,person,702.29,377.58,95.35,258.97
863,190,person,269.47,607.78,227.85,216.44
863,188,person,1000.15,424.18,169.19,271.41
863,189,person,840.18,401.66,67.89,198.57
864,174,person,963.12,420.89,99.99,268.4
864,142,person,1135.55,385.25,103.66,271.47
864,184,person,1038.2,425.56,94.65,252.8
864,177,person,703.4,378.79,95.31,257.96
864,190,person,269.78,607.4,228.58,217.19
864,188,person,999.77,425.01,168.49,269.91
864,189,person,839.54,401.79,67.34,196.87
865,174,person,961.92,421.09,99.47,268.12
865,142,person,1135.77,385.75,104.44,271.72
865,184,person,1037.28,425.46,94.11,252.02
865,177,person,701.64,378.33,95.48,258.1
865,190,person,268.9,607.43,228.04,216.65
865,188,person,1000.97,425.42,167.23,268.42
865,189,person,839.9,403.5,69.34,203.84
866,174,person,960.42,420.69,99.27,268.67
866,142,person,1135.99,385.57,105.04,271.57
866,184,person,1036.23,425.11,93.82,251.2
866,177,person,700.81,380.01,95.14,256.22
866,190,person,268.08,607.3,227.92,216.42
866,188,person,999.25,425.31,167.02,267.7
866,189,person,838.86,404.46,70.21,206.27
867,174,person,959.41,420.03,99.26,269.24
867,142,person,1135.36,384.8,105.09,270.17
867,184,person,1031.26,425.61,97.51,258.64
867,177,person,699.6,377.09,96.93,261.46
867,190,person,267.32,607.01,228.8,216.91
867,188,person,996.6,425.0,167.35,267.57
867,189,person,838.46,400.87,70.71,208.12
868,174,person,959.02,419.45,99.31,269.18
868,142,person,1134.48,384.89,105.02,268.46
868,184,person,1026.66,425.23,99.82,260.35
868,177,person,696.64,383.49,92.04,247.09
868,190,person,266.22,606.53,230.18,217.92
868,188,person,994.83,424.29,167.43,266.71
868,189,person,838.07,396.05,68.7,201.73
869,174,person,958.99,418.95,99.5,269.2
869,142,person,1133.72,385.02,105.34,267.86
869,184,person,1024.61,424.69,101.42,261.01
869,177,person,697.8,378.82,95.86,256.91
869,190,person,264.45,606.78,230.64,217.79
869,188,person,993.49,423.71,167.76,266.48
869,189,person,836.89,398.82,68.74,201.01
870,174,person,959.22,418.74,99.8,269.24
870,142,person,1133.33,385.6,106.31,269.01
870,184,person,1021.61,424.34,103.72,262.46
870,177,person,697.82,377.49,97.67,261.29
870,190,person,263.05,606.72,231.26,218.14
870,188,person,992.89,423.38,168.41,266.84
870,189,person,836.68,400.07,71.34,209.58
871,174,person,959.37,418.76,100.02,268.87
871,142,person,1132.5,386.0,107.06,269.79
871,184,person,1020.8,424.48,105.01,262.11
871,177,person,697.31,377.74,97.32,260.36
871,190,person,261.97,606.61,231.82,218.45
871,188,person,992.27,423.54,168.45,266.36
871,189,person,836.39,400.63,72.64,213.91
872,174,person,959.25,418.87,100.24,268.31
872,142,person,1130.79,385.81,107.77,269.74
872,184,person,1019.73,424.32,106.45,262.87
872,177,person,696.87,377.31,97.71,261.09
872,190,person,261.05,606.59,232.39,218.78
872,188,person,991.27,423.65,168.63,266.2
872,189,person,835.81,402.86,70.49,207.5
873,174,person,958.39,419.84,100.1,266.51
873,142,person,1128.82,386.06,108.42,269.09
873,184,person,1019.06,423.58,107.6,263.74
873,177,person,695.8,378.69,96.76,257.41
873,190,person,260.54,606.46,233.15,219.33
873,188,person,990.28,424.66,168.87,265.78
873,189,person,834.72,404.07,69.95,205.61
874,174,person,956.78,423.18,99.74,263.56
874,142,person,1127.18,386.52,108.98,268.42
874,184,person,1020.5,423.01,106.11,259.44
874,177,person,695.87,376.74,98.39,261.26
874,190,person,260.13,606.4,233.2,219.13
874,188,person,993.23,425.46,167.49,263.96
874,189,person,834.49,404.02,69.75,204.77
875,174,person,955.0,423.29,100.79,265.21
875,142,person,1125.79,386.68,109.42,267.72
875,184,person,1020.27,420.49,107.77,263.85
875,177,person,695.1,374.83,98.3,260.59
875,190,person,259.17,606.17,233.16,218.85
875,188,person,984.78,423.3,168.72,267.27
875,189,person,834.57,400.02,68.86,202.05
876,174,person,953.16,421.22,101.57,267.2
876,142,person,1124.67,387.03,110.4,268.68
876,184,person,1019.43,420.16,108.58,265.96
876,177,person,694.12,370.24,101.16,268.7
876,190,person,257.99,606.03,233.28,218.71
876,188,person,981.65,422.61,169.34,268.89
876,189,person,833.25,398.13,67.72,197.66
877,174,person,951.92,421.37,101.44,265.89
877,142,person,1123.27,387.23,111.32,270.08
877,184,person,1018.91,421.9,107.67,262.63
877,177,person,693.55,368.37,102.87,274.07
877,190,person,256.63,605.9,233.37,218.57
877,188,person,979.75,424.66,167.15,264.68
877,189,person,832.0,397.85,70.06,205.18
878,174,person,951.29,422.42,101.73,265.18
878,142,person,1121.29,387.32,111.65,270.68
878,184,person,1019.31,422.46,106.43,259.9
878,177,person,692.93,371.28,100.52,267.76
878,190,person,255.66,605.71,234.16,219.09
878,188,person,975.5,425.01,165.91,263.62
878,189,person,830.18,395.26,68.41,199.39
879,174,person,950.41,423.53,100.98,261.7
879,142,person,1120.01,387.08,111.85,271.01
879,184,person,1019.3,420.64,106.37,260.29
879,177,person,691.75,372.39,99.59,265.46
879,190,person,254.91,605.18,235.41,220.01
879,188,person,968.08,431.49,158.63,252.31
879,189,person,828.88,394.51,67.72,196.11
880,174,person,948.66,423.15,101.51,262.93
880,142,person,1118.98,386.81,112.18,271.62
880,184,person,1017.77,420.83,106.78,261.14
880,177,person,691.2,372.95,98.41,262.38
880,190,person,254.55,605.09,236.36,220.65
880,188,person,963.96,433.77,156.28,249.27
880,189,person,828.24,394.97,67.85,196.05
881,174,person,947.14,425.33,99.83,257.92
881,142,person,1118.39,386.56,112.12,271.67
881,184,person,1018.63,419.93,106.9,262.52
881,177,person,690.84,373.4,97.4,259.48
881,190,person,254.13,605.45,236.9,220.88
881,188,person,959.9,434.9,153.27,246.27
881,189,person,827.35,397.81,67.4,193.72
882,174,person,946.63,425.49,99.66,257.4
882,142,person,1118.44,386.12,112.01,271.66
882,184,person,1018.85,419.13,107.03,264.12
882,177,person,690.97,373.31,97.82,260.19
882,190,person,253.81,605.55,237.26,220.86
882,188,person,956.73,435.09,151.12,245.45
882,189,person,827.2,397.67,68.48,196.01
883,174,person,946.08,423.52,101.29,261.99
883,142,person,1117.54,385.72,111.68,271.84
883,184,person,1018.82,418.26,107.04,265.48
883,177,person,691.2,372.93,98.21,261.48
883,190,person,253.48,605.6,237.97,221.2
883,188,person,956.3,434.58,150.67,246.71
883,189,person,826.53,402.17,68.95,197.28
884,174,person,945.79,422.69,102.0,264.11
884,142,person,1117.79,385.55,111.5,272.46
884,184,person,1018.82,417.44,106.88,266.12
884,177,person,691.22,373.72,97.83,260.37
884,190,person,253.36,605.76,238.39,221.31
884,188,person,955.22,434.26,149.92,247.55
884,189,person,826.07,404.15,68.36,194.79
885,174,person,945.14,421.13,102.89,267.33
885,142,person,1118.02,385.5,111.16,272.45
885,184,person,1018.46,417.08,106.81,266.9
885,177,person,690.71,373.24,97.29,258.49
885,190,person,252.83,605.91,238.56,221.25
885,188,person,956.45,433.78,149.97,248.66
885,189,person,826.24,402.92,67.46,191.75
886,174,person,944.51,426.05,100.07,258.69
886,142,person,1117.35,384.99,110.4,271.59
886,184,person,1018.27,416.33,106.3,266.68
886,177,person,690.51,372.77,97.82,259.54
886,190,person,252.54,605.94,238.73,221.15
886,188,person,956.02,434.44,148.62,247.39
886,189,person,825.1,404.15,66.51,186.78
887,174,person,944.45,425.64,101.05,260.21
887,142,person,1116.32,384.54,109.71,271.12
887,184,person,1017.94,415.34,105.34,265.6
887,177,person,690.49,373.43,97.62,258.37
887,190,person,252.38,605.88,238.81,221.13
887,188,person,967.26,425.18,157.79,262.17
887,189,person,824.45,404.94,67.74,189.13
888,174,person,944.79,426.91,100.97,257.85
888,142,person,1115.51,384.28,109.2,270.89
888,184,person,1017.73,415.47,104.64,265.38
888,177,person,689.34,373.83,97.46,257.73
888,190,person,252.48,606.01,239.04,221.32
888,188,person,965.85,422.82,158.58,265.11
888,189,person,824.55,405.22,72.16,201.84
889,174,person,944.07,428.43,100.49,254.65
889,142,person,1114.48,383.96,109.06,271.69
889,184,person,1017.48,415.07,103.59,264.21
889,177,person,689.62,372.37,98.96,261.25
889,190,person,252.54,605.97,239.49,221.73
889,188,person,968.42,422.17,159.09,265.63
889,189,person,823.93,406.59,73.29,204.16
890,174,person,943.48,430.27,99.71,250.65
890,142,person,1113.87,383.5,108.38,271.21
890,184,person,1017.0,414.8,102.88,263.95
890,177,person,688.72,371.53,99.43,262.54
890,190,person,252.44,605.64,240.16,222.35
890,188,person,970.77,422.02,159.73,265.64
891,174,person,943.35,430.56,99.68,248.76
891,142,person,1113.53,383.51,107.82,270.79
891,184,person,1016.94,414.01,102.04,263.14
891,177,person,688.7,371.87,100.01,263.85
891,190,person,252.31,605.42,240.66,222.87
891,188,person,973.6,421.87,160.64,265.38
892,174,person,943.44,430.53,100.12,248.37
892,142,person,1113.15,383.68,107.15,269.96
892,184,person,1016.94,413.45,100.95,261.91
892,177,person,688.37,372.76,99.53,262.39
892,190,person,252.39,605.45,241.17,223.57
892,188,person,972.23,422.18,160.18,264.06
893,174,person,943.08,430.47,100.72,248.66
893,142,person,1112.93,383.86,106.54,269.16
893,184,person,1016.67,413.38,100.34,261.95
893,177,person,687.64,372.38,99.57,263.13
893,190,person,252.76,605.75,241.07,223.75
893,188,person,973.11,421.86,161.28,264.62
894,174,person,942.75,431.92,100.34,246.42
894,142,person,1112.92,383.85,106.04,268.47
894,184,person,1016.72,413.37,100.23,263.29
894,177,person,687.34,374.29,97.89,258.44
894,190,person,252.86,605.94,240.64,223.56
894,188,person,974.19,421.72,162.53,265.22
895,174,person,943.14,431.85,100.64,245.93
895,142,person,1112.67,383.9,105.59,267.81
895,184,person,1016.89,413.35,99.83,264.07
895,177,person,686.27,375.08,96.89,256.01
895,190,person,252.53,606.24,239.81,222.92
895,188,person,973.64,421.71,162.92,265.1
896,174,person,943.09,428.71,103.44,252.16
896,142,person,1111.94,383.92,105.58,268.29
896,184,person,1016.14,413.54,99.53,264.28
896,177,person,686.82,375.07,97.7,258.21
896,190,person,252.13,606.29,239.45,222.75
896,188,person,974.49,421.07,164.99,267.03
896,189,person,819.69,401.16,66.08,182.79
897,174,person,943.04,423.13,107.57,262.4
897,142,person,1110.22,384.08,105.72,269.02
897,184,person,1015.25,412.76,98.56,262.14
897,177,person,682.3,377.32,96.9,255.19
897,190,person,249.97,606.15,238.42,222.02
897,188,person,973.36,419.79,165.83,267.29
897,189,person,818.21,398.31,64.16,176.58
898,174,person,941.77,420.85,108.5,265.08
898,142,person,1108.73,383.77,105.54,268.6
898,184,person,1013.85,412.35,99.06,263.95
898,177,person,678.68,379.29,95.95,251.43
898,190,person,246.59,605.85,237.7,221.99
898,188,person,973.9,418.66,167.5,268.38
898,189,person,815.73,397.04,59.01,160.77
899,174,person,940.27,418.77,110.16,270.38
899,142,person,1107.2,382.67,105.94,269.49
899,184,person,1012.04,410.3,98.66,263.18
899,177,person,678.68,375.58,97.17,254.71
899,190,person,242.86,605.21,236.56,222.04
899,188,person,973.67,417.09,170.53,272.1
899,189,person,814.85,407.17,65.68,178.27
900,174,person,939.03,417.46,110.18,272.32
900,142,person,1105.75,381.88,105.93,269.14
900,184,person,1011.27,410.74,98.07,262.97
900,177,person,678.39,372.61,97.98,257.13
900,190,person,241.69,605.1,235.94,222.42
900,188,person,973.69,416.27,172.17,273.91
900,189,person,811.26,403.92,62.38,170.71
901,174,person,938.54,417.2,109.65,273.12
901,142,person,1104.95,381.68,106.05,269.44
901,184,person,1010.97,411.1,97.73,262.33
901,177,person,677.76,371.31,98.59,259.24
901,190,person,241.71,605.39,234.91,222.11
901,188,person,974.9,416.23,172.47,274.27
901,189,person,809.64,403.92,63.56,176.15
902,174,person,938.18,418.25,107.88,270.44
902,142,person,1104.43,383.92,106.05,271.26
902,184,person,1011.88,411.3,96.47,260.3
902,177,person,677.03,372.51,98.41,259.48
902,190,person,242.72,605.59,234.23,221.82
902,188,person,976.23,417.06,171.56,272.67
902,189,person,809.17,395.71,59.5,164.93
903,174,person,938.09,418.13,107.45,270.91
903,142,person,1103.89,384.74,105.55,271.95
903,184,person,1012.44,411.24,95.98,260.2
903,177,person,677.57,372.86,98.56,260.46
903,190,person,242.88,605.71,233.78,221.74
903,188,person,975.55,417.45,172.6,273.81
903,189,person,809.54,391.98,58.31,161.23
904,174,person,937.42,418.49,106.65,270.65
904,142,person,1103.09,384.77,104.87,272.28
904,184,person,1012.32,412.39,96.05,261.43
904,177,person,678.48,372.9,98.19,259.34
904,190,person,243.01,605.83,233.24,221.52
904,188,person,977.98,418.28,172.92,275.07
904,189,person,809.89,392.1,57.12,157.06
905,174,person,937.03,418.86,105.68,269.69
905,142,person,1102.59,384.73,104.2,272.49
905,184,person,1012.42,413.14,96.0,262.15
905,177,person,678.53,373.87,98.27,259.38
905,190,person,242.84,606.13,232.6,221.21
905,188,person,977.87,418.78,173.09,275.28
905,189,person,810.05,394.49,57.78,158.57
906,174,person,936.68,419.12,105.31,270.16
906,142,person,1102.43,384.64,103.48,272.45
906,184,person,1012.47,414.09,96.05,263.11
906,177,person,677.73,373.27,97.96,258.81
906,190,person,242.08,606.32,231.62,220.63
906,188,person,977.52,419.09,173.38,275.55
906,189,person,809.92,399.66,59.48,164.1
907,174,person,936.06,419.39,105.22,271.44
907,142,person,1102.21,384.32,102.81,272.78
907,184,person,1011.86,415.66,96.61,265.05
907,177,person,677.26,372.76,98.02,259.59
907,190,person,241.55,606.37,231.1,220.43
907,188,person,981.16,419.79,173.09,276.71
907,189,person,808.84,400.56,61.7,172.24
908,174,person,935.54,419.0,105.01,271.92
908,142,person,1101.74,383.8,102.13,273.44
908,184,person,1011.57,415.91,96.24,264.1
908,177,person,677.97,370.55,98.61,261.19
908,190,person,241.26,606.21,230.37,219.97
908,188,person,979.96,419.61,172.46,275.92
908,189,person,808.42,391.92,60.54,169.59
909,174,person,934.72,418.69,104.62,272.14
909,142,person,1101.2,383.37,101.12,273.25
909,184,person,1011.52,415.58,95.67,262.49
909,177,person,676.8,370.92,98.78,262.0
909,190,person,241.24,606.11,230.05,219.81
909,188,person,984.27,419.14,168.96,273.17
909,189,person,807.52,387.23,62.66,177.13
910,174,person,934.31,418.71,104.15,271.82
910,142,person,1100.55,382.96,100.2,272.87
910,184,person,1011.52,414.45,94.83,259.59
910,177,person,675.86,371.49,98.83,262.09
910,190,person,240.57,605.87,229.84,219.85
910,188,person,977.97,419.44,170.41,273.87
910,189,person,806.14,389.32,60.22,170.7
911,174,person,934.53,418.11,104.44,273.3
911,142,person,1100.29,382.54,99.9,274.04
911,184,person,1011.94,413.39,94.2,257.24
911,177,person,673.04,369.74,99.4,264.76
911,190,person,239.74,605.74,229.61,220.0
911,188,person,975.06,419.01,172.0,274.82
911,189,person,807.96,386.51,65.33,185.76
912,174,person,934.87,418.13,104.2,273.4
912,142,person,1099.97,382.69,99.37,274.27
912,184,person,1012.41,413.77,94.53,257.8
912,177,person,673.73,369.18,99.08,264.51
912,190,person,239.36,605.78,229.09,219.8
912,188,person,974.43,419.15,173.25,275.28
912,189,person,809.07,382.59,66.59,189.39
913,174,person,935.45,418.13,104.24,273.88
913,142,person,1100.1,382.76,99.13,275.04
913,184,person,1012.89,414.47,94.77,257.39
913,177,person,674.53,369.77,99.12,265.01
913,190,person,239.18,605.95,228.6,219.64
913,188,person,974.35,419.2,174.36,275.4
913,189,person,810.39,379.5,67.67,192.15
914,174,person,935.12,418.22,104.04,273.24
914,142,person,1100.29,382.67,98.56,274.77
914,184,person,1011.54,419.13,98.75,264.62
914,177,person,674.45,368.92,99.38,266.25
914,190,person,238.71,605.92,228.2,219.66
914,188,person,974.06,419.48,174.73,273.96
914,189,person,810.06,378.67,66.75,189.1
915,174,person,934.12,417.45,104.09,273.11
915,142,person,1100.2,382.43,98.33,275.58
915,184,person,1010.33,419.76,101.58,268.71
915,177,person,674.25,367.05,99.36,266.46
915,190,person,238.46,605.76,227.71,219.44
915,188,person,973.38,418.62,176.11,274.15
915,189,person,809.73,378.81,66.3,187.18
916,174,person,933.5,416.98,104.06,273.05
916,142,person,1100.49,382.69,98.06,276.15
916,184,person,1010.89,421.14,102.49,268.18
916,177,person,673.65,366.4,100.71,271.03
916,190,person,238.22,605.79,227.43,219.52
916,188,person,973.29,418.21,177.47,274.54
916,189,person,808.87,386.47,71.0,200.95
917,174,person,933.56,417.02,104.12,273.12
917,142,person,1100.64,382.78,97.79,276.48
917,184,person,1012.91,419.1,97.87,254.55
917,177,person,672.72,367.37,100.56,271.43
917,190,person,238.63,606.02,227.09,219.38
917,188,person,973.12,418.57,178.32,274.33
917,189,person,808.8,380.65,67.57,190.63
918,174,person,933.73,417.32,104.01,272.7
918,142,person,1100.72,382.74,97.28,276.09
918,184,person,1014.15,419.86,95.0,244.96
918,177,person,672.5,369.35,99.31,268.47
918,190,person,238.77,606.15,226.86,219.46
918,188,person,960.5,423.06,170.69,264.53
918,189,person,808.51,378.65,66.06,186.09
919,174,person,933.85,417.53,103.78,272.17
919,142,person,1101.06,383.03,96.91,275.85
919,184,person,1014.67,421.57,94.86,242.21
919,177,person,673.46,370.85,97.31,262.89
919,190,person,238.73,606.19,226.43,219.39
919,188,person,970.18,421.58,174.67,269.14
919,189,person,808.46,378.35,64.65,181.32
920,174,person,933.69,417.73,103.53,271.31
920,142,person,1101.17,383.21,96.88,276.26
920,184,person,1015.64,419.2,97.59,247.5
920,177,person,674.41,371.88,97.41,263.02
920,190,person,239.11,606.38,225.93,219.05
920,188,person,975.16,420.82,177.01,270.97
920,189,person,808.34,377.37,64.52,180.49
921,174,person,932.94,417.83,103.59,271.3
921,142,person,1101.21,383.37,96.49,275.42
921,184,person,1016.72,418.15,98.88,250.07
921,177,person,674.19,371.97,96.37,259.52
921,190,person,239.82,606.56,225.77,218.77
921,188,person,978.37,420.6,178.73,272.81
921,189,person,808.67,375.94,64.61,179.9
922,174,person,932.39,417.96,104.16,272.49
922,142,person,1100.92,383.33,96.39,275.0
922,184,person,1016.78,417.51,99.42,250.41
922,177,person,674.86,369.88,96.68,259.92
922,190,person,239.86,606.7,225.49,218.29
922,188,person,979.21,420.26,180.73,274.58
922,189,person,809.27,376.21,64.91,179.79
923,174,person,932.05,417.99,104.53,273.22
923,142,person,1100.95,383.07,96.55,275.18
923,184,person,1016.77,417.62,99.52,249.44
923,177,person,675.16,369.72,97.78,262.69
923,190,person,239.91,606.92,225.25,217.8
923,188,person,980.22,420.4,181.9,275.24
923,189,person,810.07,376.31,65.33,179.31
924,174,person,931.91,418.02,104.59,273.14
924,142,person,1100.95,383.3,96.67,275.08
924,184,person,1016.1,417.73,99.04,247.33
924,177,person,674.64,370.65,97.89,263.23
924,190,person,238.74,607.41,224.48,216.8
924,188,person,978.09,419.89,183.66,276.08
924,189,person,810.45,377.16,65.8,179.13
925,174,person,932.22,418.28,104.96,273.7
925,142,person,1101.24,383.45,97.0,275.67
925,184,person,1016.3,417.37,98.85,246.39
925,177,person,674.27,372.29,96.84,260.12
925,190,person,238.23,607.58,224.45,216.57
925,189,person,811.27,377.8,66.43,179.07
926,174,person,932.75,418.59,105.27,274.2
926,142,person,1101.11,383.22,97.28,275.81
926,184,person,1015.75,419.21,101.46,252.0
926,177,person,674.92,372.86,97.01,260.16
926,190,person,237.83,607.87,224.23,216.25
926,189,person,812.06,378.43,67.16,179.5
926,188,person,955.14,422.92,176.64,270.32
927,174,person,932.66,418.75,105.51,274.54
927,142,person,1100.67,383.52,97.69,275.8
927,184,person,1016.19,420.83,102.54,253.72
927,177,person,675.49,374.65,97.43,261.05
927,190,person,237.97,607.92,224.46,216.47
927,189,person,813.22,378.12,68.16,180.75
928,174,person,932.77,419.28,105.7,274.81
928,142,person,1099.85,383.31,98.36,276.01
928,184,person,1016.12,418.78,100.94,250.25
928,177,person,675.14,376.13,96.68,259.9
928,190,person,237.89,608.01,224.22,216.35
928,189,person,814.47,378.72,68.12,179.24
929,174,person,932.94,419.52,105.72,274.63
929,142,person,1099.73,382.93,98.73,275.57
929,184,person,1018.67,420.43,102.97,254.13
929,177,person,675.21,375.2,98.03,263.85
929,190,person,237.97,608.1,224.16,216.39
929,189,person,814.97,378.8,68.69,179.64
930,174,person,932.77,419.72,105.79,274.52
930,142,person,1099.45,382.55,99.3,275.58
930,184,person,1020.04,420.81,103.33,254.46
930,177,person,675.48,374.44,98.11,265.05
930,190,person,237.96,608.21,224.1,216.59
930,189,person,815.02,378.78,70.51,183.84
931,174,person,932.66,419.77,105.83,274.15
931,142,person,1097.31,382.41,100.61,276.14
931,184,person,1017.2,420.57,102.8,252.77
931,177,person,676.06,375.15,97.58,263.87
931,190,person,238.03,608.47,223.65,216.38
931,189,person,814.56,380.11,70.66,184.14
932,174,person,932.69,419.96,105.99,274.1
932,142,person,1095.72,382.76,101.94,276.44
932,184,person,1015.59,420.02,100.88,246.53
932,177,person,676.26,375.25,97.38,263.75
932,190,person,238.14,608.59,223.19,216.18
932,189,person,815.72,390.73,76.0,200.04
933,174,person,932.59,420.09,106.26,273.98
933,142,person,1094.7,382.55,104.47,279.73
933,184,person,1014.24,421.73,100.49,244.85
933,177,person,676.22,376.13,96.41,261.78
933,190,person,238.34,608.6,222.91,216.1
933,189,person,817.05,400.56,75.95,200.42
934,174,person,932.64,419.9,106.58,274.17
934,142,person,1094.32,383.32,106.69,282.61
934,184,person,1012.89,423.74,100.22,243.94
934,177,person,676.89,376.71,96.15,261.11
934,190,person,238.72,608.8,222.7,215.91
934,189,person,817.09,404.7,77.59,203.65
935,174,person,932.5,420.19,106.85,274.38
935,142,person,1094.12,383.86,108.18,283.9
935,184,person,1012.7,425.24,101.38,247.6
935,177,person,677.25,375.63,96.53,262.73
935,190,person,239.18,608.83,222.66,215.74
935,189,person,817.73,402.5,80.81,212.88
936,174,person,932.67,420.41,107.07,274.49
936,142,person,1094.04,384.06,109.53,285.08
936,184,person,1013.07,424.47,101.73,249.47
936,177,person,676.36,374.35,97.88,267.2
936,190,person,238.97,609.0,222.51,215.49
936,189,person,818.99,401.14,81.39,215.59
937,174,person,932.74,420.79,107.34,274.93
937,142,person,1094.05,384.5,110.53,285.83
937,184,person,1012.75,427.34,102.83,253.15
937,177,person,675.83,373.86,98.08,268.63
937,190,person,238.67,609.29,222.24,215.12
937,189,person,819.41,402.55,80.58,213.89
938,174,person,932.56,420.63,107.37,275.01
938,142,person,1093.99,385.05,110.95,285.5
938,184,person,1013.15,428.25,101.45,250.52
938,177,person,675.51,372.71,98.33,271.3
938,190,person,238.38,609.38,222.12,214.95
938,189,person,819.78,402.72,80.69,213.82
939,174,person,931.86,420.27,107.11,274.41
939,142,person,1093.58,385.48,111.44,285.68
939,184,person,1014.21,427.86,100.85,250.45
939,177,person,675.92,375.98,96.4,266.02
939,190,person,238.03,609.39,221.95,214.81
939,189,person,820.22,405.08,78.96,207.35
940,174,person,932.01,420.5,107.36,275.44
940,142,person,1093.22,385.4,111.47,284.99
940,184,person,1014.97,426.58,98.62,246.14
940,177,person,675.75,376.53,95.87,264.55
940,190,person,237.79,609.4,221.83,214.7
940,189,person,821.32,403.51,80.35,208.9
941,174,person,932.2,420.73,107.35,276.34
941,142,person,1092.3,385.45,111.71,285.01
941,184,person,1015.56,424.41,97.61,245.09
941,177,person,675.16,376.42,95.7,265.15
941,190,person,237.82,609.39,221.93,214.72
941,189,person,823.27,402.7,83.1,213.27
942,174,person,931.23,422.59,106.8,275.46
942,142,person,1091.76,385.42,111.66,284.35
942,184,person,1015.01,423.87,97.02,244.63
942,177,person,674.66,373.12,97.08,270.36
942,190,person,237.72,609.41,222.06,214.74
942,189,person,824.13,402.45,84.38,213.87
943,174,person,930.46,423.93,106.83,275.98
943,142,person,1091.32,384.97,111.38,283.27
943,184,person,1014.3,426.46,97.09,246.5
943,177,person,675.12,375.93,95.01,264.99
943,190,person,237.66,609.4,222.2,214.73
944,174,person,929.81,427.86,108.88,282.52
944,142,person,1091.42,384.18,110.53,280.96
944,184,person,1012.78,429.85,94.7,242.16
944,177,person,675.27,376.87,94.67,264.36
944,190,person,237.68,609.33,222.38,214.8
945,174,person,928.33,430.79,109.99,287.65
945,142,person,1091.61,383.24,109.91,279.37
945,184,person,1010.99,432.61,94.13,241.48
945,177,person,675.4,377.35,95.2,265.93
945,190,person,237.26,609.16,222.37,214.87
946,174,person,927.64,432.68,110.53,291.45
946,142,person,1092.51,383.03,108.66,276.9
946,184,person,1010.82,430.39,89.12,230.09
946,177,person,675.28,377.32,95.83,268.25
946,190,person,237.16,609.02,222.26,214.89
947,174,person,927.44,431.14,108.62,287.59
947,142,person,1092.84,382.64,108.08,276.29
947,184,person,1009.97,426.09,88.56,230.46
947,177,person,675.05,376.29,96.56,271.17
947,190,person,237.51,608.85,222.49,215.25
948,174,person,927.59,430.45,107.11,284.35
948,142,person,1092.37,382.84,107.51,275.36
948,184,person,1008.21,424.33,88.01,230.27
948,177,person,674.27,377.99,95.23,267.68
948,190,person,237.75,608.9,222.45,215.27
948,195,person,1002.95,438.45,112.91,264.31
949,174,person,927.85,430.23,106.57,283.3
949,142,person,1091.62,383.23,106.8,274.43
949,184,person,1004.06,426.45,88.58,234.17
949,177,person,673.53,378.82,93.93,263.83
949,190,person,238.04,608.88,222.71,215.54
949,195,person,998.51,440.8,112.69,263.99
950,174,person,927.01,429.27,105.66,283.43
950,142,person,1091.93,383.94,106.18,274.27
950,184,person,998.25,432.89,91.87,244.56
950,177,person,673.03,378.11,93.49,262.76
950,190,person,238.21,608.95,222.52,215.3
950,195,person,971.59,441.34,116.42,270.35
951,174,person,923.68,434.71,103.98,282.71
951,142,person,1093.76,384.21,105.0,273.07
951,184,person,998.68,437.22,94.47,251.59
951,177,person,673.86,378.77,93.4,262.33
951,190,person,238.47,608.97,222.33,215.13
951,195,person,951.68,445.81,118.96,273.48
952,174,person,921.6,441.72,99.31,272.41
952,142,person,1095.12,384.41,104.15,272.82
952,184,person,999.48,438.07,94.69,251.07
952,177,person,674.6,378.54,93.93,263.76
952,190,person,237.9,608.95,221.81,214.92
952,195,person,952.64,449.28,123.25,277.05
953,174,person,920.58,445.07,96.0,265.01
953,142,person,1096.47,384.48,103.27,272.84
953,184,person,999.26,438.96,94.78,249.28
953,177,person,675.43,378.75,93.74,263.17
953,190,person,237.83,608.94,221.14,214.58
953,195,person,951.92,452.49,126.9,278.45
954,174,person,920.07,445.16,96.16,267.44
954,142,person,1097.38,384.44,102.18,272.42
954,184,person,999.04,439.29,95.12,248.99
954,177,person,675.44,379.46,93.1,261.42
954,190,person,237.87,609.23,220.23,213.9
954,195,person,951.26,453.63,130.88,280.48
954,197,person,980.49,446.57,135.37,268.89
955,174,person,919.3,447.44,93.43,261.51
955,142,person,1098.15,384.29,101.18,272.35
955,184,person,997.1,438.68,93.49,242.78
955,177,person,675.69,379.53,92.85,260.86
955,190,person,238.07,609.29,220.0,213.84
955,195,person,951.85,455.18,133.04,278.52
956,174,person,916.9,452.33,94.15,266.66
956,142,person,1098.69,384.39,100.15,272.0
956,184,person,991.93,442.55,94.57,248.59
956,177,person,674.88,379.53,92.58,260.57
956,190,person,237.99,609.26,219.64,213.58
956,195,person,949.67,456.11,135.93,278.27
956,197,person,976.17,448.94,132.61,264.24
957,174,person,912.89,458.63,89.87,257.72
957,142,person,1099.13,384.5,99.25,271.9
957,184,person,988.56,442.8,94.06,247.55
957,177,person,675.14,379.28,92.56,259.8
957,190,person,237.8,609.1,220.0,214.05
957,195,person,947.42,458.25,137.35,274.15
957,197,person,972.81,451.15,131.31,261.81
958,174,person,910.27,458.97,88.17,256.87
958,142,person,1099.17,383.92,98.15,270.74
958,184,person,984.18,445.83,96.65,253.93
958,177,person,673.98,379.29,92.54,259.87
958,190,person,237.7,609.05,220.01,214.22
958,195,person,948.39,457.55,140.7,275.57
959,174,person,908.86,459.21,86.35,255.7
959,142,person,1099.41,383.28,97.52,270.75
959,184,person,982.84,447.14,98.02,256.59
959,177,person,674.25,379.49,92.54,260.26
959,190,person,238.4,609.27,219.73,213.99
959,195,person,950.17,456.14,141.96,274.04
960,174,person,906.91,460.31,86.6,261.36
960,142,person,1099.39,382.71,97.09,270.66
960,177,person,674.99,379.25,92.05,259.17
960,190,person,238.87,609.42,219.77,214.02
960,195,person,948.6,454.5,146.25,280.6
961,174,person,907.64,461.2,85.52,261.81
961,142,person,1100.03,382.14,96.86,271.04
961,177,person,673.16,380.0,91.97,259.89
961,190,person,239.09,609.55,219.7,213.89
961,195,person,948.6,453.46,147.88,282.13
962,142,person,1100.02,381.81,96.23,269.9
962,177,person,673.86,379.69,91.83,259.88
962,190,person,238.99,609.56,219.74,213.94
962,195,person,946.65,448.33,151.44,288.42
963,142,person,1099.54,382.33,96.07,270.0
963,177,person,673.49,379.48,92.02,260.32
963,190,person,238.87,609.44,219.62,213.78
963,195,person,945.22,447.3,153.97,294.2
964,142,person,1098.99,382.88,95.77,269.62
964,177,person,673.59,379.7,92.12,260.76
964,190,person,238.62,609.45,219.35,213.54
964,195,person,940.15,445.07,151.51,292.02
965,142,person,1098.86,383.94,95.98,269.94
965,177,person,673.48,379.87,92.26,261.58
965,190,person,238.5,609.29,219.58,213.75
965,195,person,939.8,446.64,151.45,293.02
966,142,person,1098.79,384.36,96.12,269.83
966,177,person,673.4,379.82,92.21,261.86
966,190,person,238.22,609.17,219.79,214.0
966,195,person,939.62,443.58,152.92,297.57
967,142,person,1099.25,384.45,96.42,269.85
967,177,person,671.99,378.74,93.14,265.18
967,190,person,238.42,609.14,219.86,214.05
967,195,person,940.27,443.57,150.53,294.36
968,142,person,1100.01,384.79,96.95,270.2
968,177,person,673.31,379.46,92.72,264.03
968,190,person,238.54,609.21,219.72,213.89
968,195,person,940.8,452.44,145.04,284.39
969,142,person,1102.16,385.0,97.04,270.24
969,177,person,673.95,379.63,92.38,262.52
969,190,person,238.59,609.26,219.7,213.9
969,195,person,939.79,451.63,150.97,300.39
970,142,person,1103.5,385.54,96.76,269.2
970,177,person,674.07,380.27,92.73,263.05
970,190,person,238.6,609.33,219.55,213.73
970,195,person,938.91,457.73,151.87,304.67
971,142,person,1104.23,385.91,96.44,268.05
971,177,person,673.69,380.73,92.75,262.97
971,190,person,238.9,609.45,219.53,213.59
971,195,person,938.06,460.79,153.68,311.65
972,142,person,1104.6,386.06,96.29,267.38
972,177,person,674.11,381.13,92.89,262.88
972,190,person,238.93,609.41,219.72,213.72
972,195,person,938.55,461.76,154.51,317.36
973,142,person,1104.77,386.22,96.16,266.32
973,177,person,673.62,380.57,92.23,260.8
973,190,person,238.89,609.36,219.99,213.95
973,195,person,935.67,466.22,151.14,313.53
974,142,person,1105.52,386.69,96.12,265.21
974,177,person,673.81,380.7,92.48,260.5
974,190,person,238.86,609.17,220.4,214.41
974,195,person,931.18,469.53,148.06,307.31
975,142,person,1105.34,384.1,96.1,262.86
975,177,person,673.31,380.78,92.43,259.58
975,190,person,238.29,609.15,220.1,214.29
975,195,person,925.32,475.45,151.55,313.68
975,200,person,901.21,456.31,187.7,330.64
976,142,person,1105.52,383.09,96.4,261.46
976,177,person,671.36,382.74,92.77,260.31
976,190,person,237.46,609.25,219.67,214.03
976,195,person,928.94,472.79,148.02,308.9
976,200,person,896.91,457.96,191.46,336.92
977,142,person,1105.64,382.78,96.96,260.69
977,177,person,671.41,381.94,93.15,261.53
977,190,person,237.22,609.6,218.71,213.12
977,195,person,930.45,471.77,146.02,307.82
977,200,person,894.93,457.62,186.64,327.51
978,142,person,1106.7,383.85,97.78,260.22
978,177,person,670.44,384.22,92.81,261.36
978,190,person,237.09,610.13,217.07,211.43
978,200,person,893.82,457.63,175.35,305.48
979,142,person,1107.72,386.11,98.67,260.25
979,177,person,669.35,386.48,91.67,258.88
979,190,person,236.93,610.62,215.43,209.75
979,200,person,902.89,468.23,178.32,310.72
979,184,person,935.0,444.16,94.77,230.13
979,195,person,931.27,480.51,144.67,309.02
980,142,person,1108.98,389.12,100.59,262.93
980,177,person,669.67,388.64,90.66,256.15
980,190,person,236.69,611.06,213.76,207.97
980,184,person,939.12,443.16,97.26,226.38
980,195,person,930.31,482.93,143.69,309.84
981,142,person,1109.3,392.99,102.46,265.15
981,177,person,669.4,390.93,90.33,255.74
981,190,person,236.08,612.39,211.69,205.63
981,195,person,927.61,483.53,142.64,308.14
982,142,person,1110.39,394.12,103.69,265.44
982,177,person,669.72,390.35,91.96,259.17
982,190,person,235.27,612.74,211.53,205.09
982,195,person,929.32,484.66,142.18,309.05
983,142,person,1111.01,394.4,104.8,265.1
983,177,person,668.97,390.33,93.19,261.85
983,190,person,232.06,612.43,212.33,205.65
983,195,person,927.01,483.89,141.08,306.0
984,142,person,1111.73,394.57,106.58,265.43
984,177,person,669.63,389.73,94.9,264.61
984,190,person,226.92,613.01,213.14,206.16
984,195,person,927.44,487.67,143.92,312.97
984,200,person,901.99,491.19,188.92,328.74
985,142,person,1112.4,394.16,107.9,264.6
985,177,person,666.04,389.57,94.73,264.32
985,190,person,220.46,614.0,212.98,205.7
985,195,person,928.48,489.62,144.82,316.26
986,142,person,1113.85,394.06,109.4,264.57
986,177,person,664.17,389.3,95.59,266.74
986,190,person,212.67,615.25,211.45,203.88
986,200,person,913.98,496.31,190.24,336.66
987,142,person,1116.13,396.11,111.1,266.09
987,177,person,662.01,391.25,95.64,265.69
987,190,person,207.48,617.12,210.6,202.62
987,195,person,924.69,489.54,146.02,317.68
988,142,person,1118.43,399.4,113.89,271.25
988,177,person,660.22,393.92,94.65,261.47
988,190,person,203.28,618.13,208.97,200.52
988,195,person,922.49,491.67,149.76,323.91
989,142,person,1120.24,402.81,116.61,277.41
989,177,person,661.39,389.25,101.54,280.87
989,190,person,199.23,618.99,207.53,198.6
989,195,person,923.82,489.46,154.61,334.3
990,142,person,1122.78,404.75,118.85,283.16
990,177,person,661.39,392.46,99.64,274.57
990,190,person,194.54,618.95,208.85,199.25
990,195,person,923.77,493.25,161.25,349.67
991,142,person,1124.24,405.83,120.2,287.2
991,177,person,661.64,394.06,99.19,272.02
991,190,person,190.28,618.33,209.95,199.88
991,195,person,922.21,493.71,165.57,359.3
992,142,person,1124.93,405.46,120.27,287.53
992,177,person,662.01,393.22,99.7,271.34
992,190,person,186.83,617.4,212.39,202.01
992,195,person,921.15,498.29,164.71,356.97
993,142,person,1124.21,404.42,119.15,284.96
993,177,person,661.41,391.45,100.67,271.76
993,190,person,186.27,616.91,214.62,203.78
993,195,person,917.79,502.72,164.29,353.88
994,142,person,1123.37,403.76,118.2,282.58
994,177,person,660.4,390.14,101.1,272.7
994,190,person,186.03,616.71,215.84,204.78
994,195,person,916.37,506.14,164.57,351.84
995,142,person,1122.83,404.24,117.71,281.51
995,177,person,661.54,391.06,101.69,272.75
995,190,person,186.95,617.36,213.6,202.35
995,195,person,915.82,506.43,166.54,353.44
996,142,person,1123.84,405.47,117.63,280.41
996,177,person,662.0,397.54,100.7,268.84
996,190,person,191.1,618.3,212.59,200.93
996,195,person,917.84,510.71,164.81,346.68
997,142,person,1125.36,406.85,117.41,280.73
997,177,person,664.84,393.39,103.23,276.05
997,190,person,196.07,619.11,211.1,199.11
997,195,person,913.63,503.59,177.7,373.51
998,142,person,1123.47,408.4,117.84,281.22
998,177,person,666.39,394.75,102.69,274.84
998,190,person,199.67,619.11,210.28,198.06
998,195,person,917.3,506.67,172.94,362.54
999,142,person,1123.65,409.51,117.56,281.57
999,177,person,666.74,397.37,100.88,270.91
999,190,person,203.48,619.12,210.05,197.43
999,195,person,919.0,512.85,166.78,348.11
999,205,person,1169.46,466.7,170.96,290.49
1000,142,person,1119.21,410.72,118.82,280.64
1000,177,person,666.22,405.47,94.24,251.53
1000,190,person,205.81,618.88,210.64,197.75
1000,195,person,919.24,515.63,164.68,342.53
1000,205,person,1169.21,469.57,170.03,288.99
1001,142,person,1109.11,412.96,121.12,277.89
1001,177,person,667.38,400.99,97.01,260.2
1001,190,person,208.03,618.85,211.04,198.1
1001,195,person,918.57,516.66,162.71,337.9
1001,205,person,1168.27,470.95,168.53,286.65
1002,142,person,1102.05,413.65,120.72,268.77
1002,177,person,667.61,401.31,97.21,261.48
1002,190,person,210.08,618.76,211.68,198.8
1002,195,person,916.66,524.18,154.57,320.09
1002,205,person,1167.84,471.87,167.46,285.35
1003,142,person,1097.54,415.68,121.58,265.21
1003,177,person,667.28,399.5,97.65,264.1
1003,190,person,211.87,618.79,213.03,200.33
1003,195,person,915.49,528.25,149.02,308.31
1003,205,person,1166.8,471.61,168.45,287.84
1004,142,person,1094.29,416.1,122.38,262.12
1004,177,person,667.2,398.92,97.89,266.43
1004,190,person,213.25,618.77,213.91,201.46
1004,195,person,915.78,528.67,147.34,305.03
1004,205,person,1165.5,471.38,166.91,285.97
1005,142,person,1094.16,418.02,124.59,261.2
1005,177,person,666.83,399.88,97.03,265.33
1005,190,person,214.47,618.9,213.78,201.52
1005,195,person,914.95,532.79,142.21,293.23
1005,205,person,1159.82,460.66,181.57,312.79
1005,209,person,1131.12,448.54,204.02,326.64
1006,142,person,1096.36,419.49,127.94,262.31
1006,177,person,665.73,401.9,95.73,262.78
1006,190,person,214.8,619.03,213.32,201.11
1006,195,person,913.34,520.09,151.62,315.59
1006,205,person,1156.87,465.04,178.67,308.68
1006,209,person,1123.16,448.46,204.19,327.39
1006,200,person,894.92,487.75,208.76,378.94
1007,142,person,1095.21,420.84,130.81,264.54
1007,177,person,664.89,402.68,94.85,261.4
1007,190,person,214.86,619.16,212.98,200.81
1007,195,person,911.67,526.34,145.22,302.14
1007,205,person,1157.85,470.08,174.01,301.31
1007,200,person,894.43,488.2,205.35,384.51
1008,142,person,1094.43,419.88,131.51,262.04
1008,177,person,664.66,403.92,94.0,259.77
1008,190,person,215.06,618.73,213.34,201.16
1008,205,person,1158.45,471.65,173.35,301.58
1008,200,person,896.86,489.45,199.5,383.93
1009,142,person,1094.25,421.83,135.13,267.08
1009,177,person,666.71,401.81,94.79,262.6
1009,190,person,215.08,619.27,213.01,200.84
1009,205,person,1158.08,472.95,171.84,300.12
1009,195,person,909.06,514.73,157.58,331.42
1010,142,person,1094.9,417.11,132.45,257.15
1010,177,person,667.56,400.9,94.59,262.33
1010,190,person,215.1,619.47,212.98,200.81
1010,205,person,1156.04,472.75,172.46,303.01
1010,200,person,893.92,492.06,192.36,376.26
1011,142,person,1095.13,416.5,133.76,255.86
1011,177,person,668.17,400.08,95.05,263.31
1011,190,person,214.71,619.64,213.04,200.71
1011,205,person,1153.67,472.25,171.72,303.42
1011,200,person,896.13,494.73,186.15,368.91
1012,142,person,1095.29,417.97,137.98,260.07
1012,177,person,666.56,400.11,95.82,265.8
1012,190,person,214.34,619.63,213.12,200.53
1012,205,person,1150.81,471.24,169.33,301.67
1012,200,person,895.87,495.77,182.65,365.82
1013,177,person,666.67,399.57,95.44,264.88
1013,190,person,214.3,619.73,213.33,200.53
1013,205,person,1149.46,465.22,161.21,291.32
1013,200,person,894.75,495.93,180.81,366.65
1013,209,person,1108.46,433.33,180.35,289.15
1014,177,person,665.43,400.58,94.77,263.76
1014,190,person,214.31,619.85,213.25,200.31
1014,205,person,1147.13,457.14,169.59,310.02
1014,200,person,896.3,497.14,180.02,368.79
1014,209,person,1113.89,437.63,184.98,297.02
1014,142,person,1094.85,410.56,133.47,244.62
1015,177,person,666.58,401.38,94.4,262.83
1015,190,person,214.36,619.88,212.72,199.66
1015,205,person,1146.0,454.09,171.25,316.67
1015,200,person,897.35,495.86,179.71,371.42
1015,209,person,1115.72,439.38,187.49,300.33
1015,142,person,1095.8,407.0,132.16,235.83
1016,177,person,667.58,400.82,94.84,263.34
1016,190,person,214.39,620.05,211.84,198.74
1016,205,person,1145.17,453.09,171.52,320.75
1016,209,person,1117.51,440.98,187.85,300.74
1016,142,person,1098.84,409.99,137.47,237.75
1016,195,person,888.82,512.41,159.46,340.39
1017,177,person,667.39,401.3,95.09,264.26
1017,190,person,214.49,620.3,211.26,198.12
1017,205,person,1145.42,451.52,170.02,320.47
1017,209,person,1109.58,433.6,179.11,285.71
1017,195,person,889.7,538.96,138.85,290.06
1017,200,person,898.09,512.51,168.04,346.29
1018,177,person,668.2,401.86,95.55,266.37
1018,190,person,214.51,620.48,210.47,197.32
1018,205,person,1144.7,452.99,170.51,324.1
1018,209,person,1104.35,418.84,160.3,252.48
1018,195,person,887.56,551.22,130.99,267.94
1018,200,person,897.81,502.81,176.02,365.95
1019,177,person,667.15,401.2,95.39,266.56
1019,190,person,214.23,620.56,210.02,196.91
1019,205,person,1144.14,452.88,169.34,323.79
1019,209,person,1106.61,417.3,160.14,247.96
1019,195,person,886.93,555.82,128.93,258.83
1019,200,person,896.29,521.75,163.51,336.46
1020,177,person,668.17,401.62,95.3,266.7
1020,190,person,213.64,620.7,209.32,196.33
1020,205,person,1126.24,451.7,172.18,322.96
1020,195,person,884.43,557.08,128.95,255.07
1021,177,person,666.59,402.3,94.31,264.19
1021,190,person,213.18,620.8,208.74,195.82
1021,205,person,1119.13,452.91,175.91,324.57
1021,195,person,883.6,558.43,130.09,253.93
1022,177,person,667.64,402.58,93.68,262.51
1022,190,person,212.53,620.89,208.88,195.96
1022,205,person,1120.69,465.28,190.77,350.8
1022,195,person,881.71,559.31,130.69,252.11
1023,177,person,668.33,402.61,93.51,261.61
1023,190,person,212.11,621.05,208.85,195.89
1023,205,person,1120.92,468.13,194.4,355.87
1023,195,person,880.13,557.15,134.51,257.04
1023,200,person,893.25,499.58,181.95,377.83
1024,177,person,668.84,402.87,93.77,261.76
1024,190,person,211.9,620.91,208.37,195.26
1024,205,person,1128.33,461.57,184.61,338.0
1024,200,person,888.66,496.55,183.99,380.66
1025,177,person,668.81,403.31,94.23,263.07
1025,190,person,212.06,620.89,208.16,194.78
1025,205,person,1127.86,458.14,180.49,328.92
1025,200,person,884.61,494.55,188.49,387.79
1026,177,person,668.95,403.65,94.4,263.5
1026,190,person,212.48,620.97,207.92,194.36
1026,205,person,1133.69,458.09,178.28,326.71
1026,200,person,879.71,494.72,193.82,395.52
1027,177,person,667.4,403.36,94.17,263.02
1027,190,person,213.3,620.85,207.42,193.7
1027,205,person,1139.57,460.15,177.87,329.17
1027,200,person,876.85,495.14,197.62,399.03
1028,177,person,668.28,404.31,94.64,264.64
1028,190,person,213.71,620.73,207.15,193.28
1028,205,person,1144.24,461.22,176.08,330.47
1028,200,person,878.24,492.84,195.29,391.83
1029,177,person,668.71,404.31,94.48,264.54
1029,190,person,213.71,620.68,207.32,193.37
1029,205,person,1144.62,461.25,174.86,331.9
1029,212,person,933.45,440.16,101.22,282.75
1030,177,person,668.8,404.13,93.92,263.42
1030,190,person,213.62,620.54,207.73,193.65
1030,205,person,1143.31,459.99,171.84,329.51
1030,212,person,933.76,441.78,101.61,284.03
1031,177,person,668.83,404.5,94.04,264.13
1031,190,person,213.29,620.69,207.6,193.44
1031,205,person,1139.6,460.57,169.74,328.72
1031,212,person,935.09,443.32,100.64,281.81
1032,177,person,668.56,404.43,94.21,264.81
1032,190,person,213.15,620.82,207.58,193.39
1032,205,person,1139.21,461.15,168.13,328.76
1032,212,person,935.74,444.95,99.83,279.92
1033,177,person,668.46,404.24,94.48,266.19
1033,190,person,213.18,620.94,207.69,193.49
1033,205,person,1139.02,460.76,166.2,327.81
1033,212,person,936.07,445.34,99.55,279.58
1034,177,person,668.81,404.24,94.66,267.03
1034,190,person,213.83,621.05,207.78,193.64
1034,205,person,1138.18,461.53,163.53,324.52
1034,212,person,936.14,446.25,98.44,277.09
1035,177,person,668.3,404.63,94.02,264.88
1035,190,person,213.95,621.18,207.31,193.28
1035,205,person,1138.4,463.8,160.07,319.49
1035,212,person,936.39,447.44,97.58,275.09
1035,195,person,814.52,552.8,151.16,283.53
1036,177,person,668.84,404.86,94.25,265.85
1036,190,person,214.2,621.24,206.78,192.86
1036,205,person,1139.28,468.56,155.13,310.91
1036,212,person,936.8,447.75,96.96,273.34
1036,195,person,812.09,546.56,157.67,295.52
1037,177,person,669.26,405.31,94.35,266.07
1037,190,person,214.35,621.51,206.31,192.55
1037,205,person,1140.22,470.36,152.68,307.33
1037,212,person,937.92,447.81,96.99,273.61
1037,195,person,804.77,550.56,156.43,289.04
1038,177,person,669.36,405.37,94.65,266.94
1038,190,person,214.55,621.65,205.77,191.98
1038,205,person,1141.9,473.9,146.65,295.73
1038,212,person,938.83,447.52,97.33,274.51
1039,177,person,669.9,406.33,94.29,265.28
1039,190,person,214.64,621.69,205.56,191.73
1039,205,person,1142.87,477.42,144.41,291.13
1039,212,person,938.94,447.42,97.56,274.67
1039,195,person,798.28,556.33,153.83,282.34
1040,177,person,670.27,406.25,94.15,264.18
1040,190,person,214.65,621.67,205.71,191.85
1040,205,person,1143.4,481.21,142.0,285.75
1040,212,person,939.91,446.63,98.0,276.06
1040,195,person,797.48,554.22,155.98,289.06
1041,177,person,668.25,404.59,95.39,268.28
1041,190,person,214.68,621.69,205.49,191.57
1041,205,person,1143.55,483.79,141.01,283.74
1041,212,person,940.58,446.48,98.05,275.49
1041,195,person,790.49,552.2,156.8,293.0
1042,177,person,667.57,404.6,95.61,269.19
1042,190,person,214.91,621.69,205.35,191.32
1042,205,person,1143.39,485.01,140.31,282.74
1042,212,person,941.27,445.82,97.71,273.13
1042,195,person,786.54,552.07,154.88,295.0
1042,215,person,1191.23,371.57,85.43,151.26
1043,177,person,668.8,406.49,94.97,267.32
1043,190,person,215.22,621.81,205.16,190.91
1043,205,person,1142.54,485.55,139.61,281.67
1043,212,person,941.23,446.0,98.22,272.88
1043,195,person,783.42,552.48,151.99,295.46
1043,215,person,1192.15,371.41,84.28,149.49
1044,177,person,666.35,409.77,92.76,261.46
1044,190,person,215.38,621.82,205.41,190.89
1044,205,person,1141.34,484.95,139.4,280.6
1044,212,person,941.23,445.63,99.14,273.25
1044,195,person,780.95,550.89,150.16,298.22
1044,215,person,1193.04,370.18,84.88,151.07
1045,177,person,666.49,408.84,93.67,264.28
1045,190,person,215.54,621.92,205.55,190.76
1045,205,person,1140.94,484.75,139.38,279.96
1045,212,person,941.03,445.85,100.31,274.51
1045,195,person,779.99,550.19,148.08,299.91
1045,215,person,1193.34,369.67,85.44,152.84
1046,177,person,667.1,407.76,94.69,267.5
1046,190,person,215.42,622.16,205.43,190.39
1046,205,person,1141.19,484.03,138.88,278.07
1046,212,person,940.72,446.79,102.68,278.06
1046,195,person,778.62,550.08,146.08,300.9
1046,215,person,1192.97,366.44,85.97,155.12
1047,177,person,666.44,407.32,95.2,269.43
1047,190,person,215.49,622.3,205.6,190.32
1047,205,person,1139.83,483.85,139.4,277.98
1047,212,person,939.4,448.12,105.86,280.58
1047,195,person,777.28,551.07,144.52,302.62
1047,215,person,1193.89,366.19,86.98,158.88
1048,177,person,666.44,407.8,95.08,269.07
1048,190,person,215.57,622.48,205.47,189.96
1048,205,person,1137.08,484.1,140.93,278.64
1048,212,person,937.61,451.39,108.2,277.25
1048,195,person,776.16,551.02,143.35,304.08
1048,215,person,1194.57,365.94,86.04,159.26
1049,177,person,667.16,407.0,95.94,271.46
1049,190,person,216.06,622.68,205.33,189.55
1049,205,person,1136.46,484.76,142.66,280.02
1049,212,person,936.88,452.06,111.61,277.29
1049,195,person,775.23,550.92,141.93,304.85
1049,215,person,1194.87,367.02,84.84,159.19
1050,177,person,669.19,408.57,95.17,269.14
1050,190,person,216.64,622.78,205.52,189.54
1050,205,person,1137.02,485.44,144.07,280.99
1050,212,person,940.34,451.4,116.23,281.7
1050,195,person,772.45,552.79,139.31,301.55
1050,215,person,1196.12,363.46,85.78,162.98
1051,177,person,670.11,409.38,94.62,267.28
1051,190,person,216.65,622.89,205.75,189.57
1051,205,person,1138.3,485.81,145.25,282.23
1051,212,person,941.89,451.47,119.36,281.88
1051,195,person,769.9,554.23,138.25,300.58
1052,177,person,670.72,410.4,95.31,268.19
1052,190,person,216.72,622.92,205.9,189.47
1052,205,person,1137.8,485.63,145.18,281.05
1052,212,person,943.59,453.61,120.22,277.67
1052,195,person,769.1,552.8,136.35,297.3
1053,177,person,670.67,410.51,95.34,267.66
1053,190,person,216.72,622.94,206.14,189.47
1053,205,person,1139.1,485.52,145.16,280.24
1053,212,person,946.3,453.43,123.57,277.47
1053,195,person,768.44,553.08,135.57,296.39
1054,177,person,670.69,410.87,94.64,264.72
1054,190,person,216.71,622.87,206.19,189.31
1054,205,person,1139.43,485.05,144.96,279.19
1054,212,person,947.35,455.54,124.84,271.74
1054,195,person,766.79,553.27,135.17,295.28
1055,177,person,670.07,411.3,94.22,262.73
1055,190,person,216.36,622.95,206.21,189.15
1055,205,person,1138.69,484.88,144.84,278.39
1055,212,person,951.42,450.16,128.22,274.47
1055,195,person,766.0,553.67,134.62,293.44
1056,177,person,669.53,410.65,94.23,261.83
1056,190,person,215.79,622.91,206.04,188.84
1056,205,person,1137.75,484.59,144.72,277.29
1056,212,person,953.0,449.01,129.73,273.51
1056,195,person,764.85,553.52,134.68,293.97
1057,177,person,666.74,413.78,92.93,258.25
1057,190,person,215.25,622.89,206.18,188.81
1057,205,person,1137.43,483.81,144.16,275.45
1057,212,person,960.74,449.66,127.35,268.39
1057,195,person,763.6,553.69,134.39,292.88
1058,177,person,667.01,412.57,93.91,260.48
1058,190,person,214.92,622.65,206.45,188.86
1058,205,person,1136.71,483.7,144.6,275.46
1058,212,person,965.41,451.32,123.47,260.53
1058,195,person,762.36,552.81,134.94,293.73
1059,177,person,665.38,413.1,94.02,261.55
1059,190,person,213.8,622.46,206.69,188.97
1059,205,person,1136.01,483.32,144.79,274.84
1059,212,person,967.63,452.4,121.51,256.66
1059,195,person,761.32,552.52,135.92,295.72
1060,177,person,665.01,413.96,93.27,258.64
1060,190,person,213.16,622.42,206.92,189.07
1060,205,person,1135.21,482.51,144.9,273.93
1060,212,person,968.35,450.87,119.41,252.2
1060,195,person,760.27,552.14,135.97,295.68
1061,177,person,664.93,411.36,94.6,261.96
1061,190,person,212.3,622.36,207.0,189.14
1061,205,person,1134.55,481.16,145.13,273.33
1061,212,person,968.23,449.64,118.36,249.78
1061,195,person,760.37,552.34,135.77,295.02
1062,177,person,665.82,409.55,96.17,265.19
1062,190,person,210.79,622.24,206.86,189.02
1062,205,person,1133.98,480.29,145.31,272.7
1062,212,person,968.07,448.22,116.97,246.37
1062,195,person,760.6,552.44,135.65,294.55
1063,177,person,666.03,409.42,96.79,265.82
1063,190,person,209.98,622.31,206.71,188.93
1063,205,person,1132.95,480.08,145.95,273.08
1063,212,person,967.92,446.41,115.7,243.08
1063,195,person,760.66,552.32,135.76,294.5
1064,177,person,666.18,409.31,97.48,266.32
1064,190,person,209.67,622.29,206.67,188.95
1064,205,person,1132.67,480.18,146.62,273.83
1064,212,person,967.21,445.7,115.35,241.21
1064,195,person,759.76,552.23,135.81,294.45
1065,177,person,666.42,409.19,97.92,266.73
1065,190,person,209.85,622.34,206.59,188.88
1065,205,person,1134.05,480.12,146.31,273.3
1065,212,person,968.72,443.63,114.02,238.16
1065,195,person,761.11,552.59,135.93,294.35
1066,177,person,666.69,409.74,98.42,267.08
1066,190,person,211.19,622.47,206.51,188.47
1066,205,person,1137.25,480.08,145.43,272.66
1066,212,person,968.88,442.45,113.5,236.31
1066,195,person,762.79,552.96,136.06,293.46
1067,177,person,667.19,410.94,98.25,266.33
1067,190,person,212.04,622.6,206.9,188.61
1067,205,person,1139.03,480.83,145.14,273.39
1067,212,person,969.09,441.46,112.56,233.62
1067,195,person,762.95,555.54,136.71,294.82
1068,177,person,666.06,412.73,97.0,263.01
1068,190,person,212.94,622.56,207.21,188.6
1068,205,person,1140.15,480.49,143.9,272.05
1068,212,person,970.02,442.01,112.58,233.53
1068,195,person,764.33,554.34,136.71,294.01
1069,177,person,667.26,410.4,98.48,267.05
1069,190,person,213.59,622.6,207.29,188.44
1069,205,person,1140.27,481.48,144.15,273.7
1069,212,person,970.47,442.92,112.79,234.3
1069,195,person,765.87,554.44,136.85,293.5
1070,177,person,668.24,411.41,98.58,266.85
1070,190,person,214.28,622.78,207.3,188.25
1070,205,person,1140.56,481.13,143.16,272.72
1070,212,person,971.14,443.28,112.93,235.2
1070,195,person,766.92,555.15,136.95,293.07
1071,177,person,667.38,412.22,98.26,266.38
1071,190,person,214.4,622.85,207.39,188.21
1071,205,person,1140.5,481.62,142.91,273.0
1071,212,person,970.86,443.24,113.2,236.27
1071,195,person,767.53,555.25,137.35,293.43
1072,177,person,666.99,410.83,99.0,269.27
1072,190,person,214.46,622.9,207.75,188.42
1072,205,person,1138.21,482.48,143.82,274.51
1072,212,person,970.42,441.85,114.26,239.2
1072,195,person,767.76,556.44,138.07,295.18
1073,177,person,667.02,411.29,98.79,268.59
1073,190,person,214.55,622.9,208.03,188.62
1073,205,person,1134.53,484.39,145.86,278.16
1073,212,person,969.74,439.14,116.51,245.34
1073,195,person,767.43,555.46,137.46,293.43
1074,177,person,668.59,410.66,98.51,267.35
1074,190,person,213.55,622.84,207.74,188.64
1074,205,person,1133.53,484.37,145.62,277.7
1074,212,person,970.23,438.33,115.43,244.71
1074,195,person,767.46,555.06,136.82,291.79
1075,177,person,667.19,413.19,97.36,263.78
1075,190,person,213.28,623.0,207.41,188.59
1075,205,person,1133.98,484.87,145.82,278.49
1075,212,person,969.86,438.8,113.77,242.28
1075,195,person,767.4,555.19,136.89,291.67
1076,177,person,666.29,418.69,93.83,252.58
1076,190,person,213.26,623.14,206.93,188.35
1076,205,person,1133.99,485.11,145.92,278.7
1076,212,person,969.8,438.06,112.72,241.2
1076,195,person,767.38,555.21,136.98,291.87
1077,177,person,666.14,415.7,96.26,259.25
1077,190,person,213.16,623.16,206.58,188.19
1077,205,person,1134.34,485.1,146.03,278.71
1077,212,person,969.37,437.0,111.4,239.0
1077,195,person,767.54,555.6,137.01,291.86
1078,177,person,668.45,411.71,99.08,266.71
1078,190,person,213.15,623.21,206.5,188.3
1078,205,person,1133.3,486.21,147.28,280.89
1078,212,person,968.61,433.67,110.65,238.41
1078,195,person,767.52,555.48,137.13,292.71
1079,177,person,669.05,409.94,98.94,265.93
1079,190,person,213.0,623.18,206.47,188.28
1079,205,person,1132.7,486.44,147.55,281.14
1079,212,person,968.02,432.62,109.05,235.43
1079,195,person,766.42,555.18,136.95,293.32
1080,177,person,665.72,419.6,92.39,246.55
1080,190,person,212.94,623.13,206.57,188.34
1080,205,person,1130.54,486.16,147.73,280.55
1080,212,person,966.73,428.97,109.04,236.13
1080,195,person,765.33,555.05,136.77,293.46
1081,177,person,668.9,411.34,99.56,265.76
1081,190,person,212.81,623.14,206.56,188.31
1081,205,person,1129.17,485.57,147.51,279.32
1081,212,person,965.57,426.2,108.87,236.26
1081,195,person,764.69,555.66,136.1,292.84
1082,177,person,668.85,409.53,100.51,268.29
1082,190,person,212.64,623.15,206.62,188.4
1082,205,person,1128.23,485.86,148.17,279.84
1082,212,person,965.89,423.54,109.1,237.94
1082,195,person,764.69,555.89,135.13,291.94
1083,177,person,667.38,410.99,99.77,266.56
1083,190,person,212.64,623.15,206.63,188.44
1083,205,person,1127.87,486.34,148.9,280.66
1083,212,person,966.25,422.1,108.68,238.4
1083,195,person,764.35,555.99,134.34,291.28
1084,177,person,666.09,413.42,97.91,261.68
1084,190,person,212.51,623.2,206.6,188.52
1084,205,person,1127.91,486.75,149.49,281.41
1084,212,person,966.59,421.85,107.22,236.19
1084,195,person,764.83,555.88,134.11,291.52
1085,177,person,667.76,411.02,99.93,267.08
1085,190,person,212.39,623.27,206.53,188.6
1085,205,person,1127.95,486.39,149.37,280.62
1085,212,person,966.98,423.51,105.44,232.76
1085,195,person,765.84,556.54,133.88,291.28
1086,177,person,669.03,411.04,100.05,267.28
1086,190,person,212.5,623.37,206.39,188.63
1086,205,person,1127.72,485.85,149.19,279.58
1086,212,person,967.39,424.69,104.4,231.04
1086,195,person,766.18,556.73,133.92,291.49
1087,177,person,667.74,412.52,98.94,264.74
1087,190,person,212.53,623.4,206.34,188.82
1087,205,person,1128.26,485.54,149.16,279.08
1087,212,person,967.02,422.97,105.63,233.82
1087,195,person,767.04,556.14,134.71,292.97
1088,177,person,668.36,412.32,98.7,264.03
1088,190,person,212.69,623.47,206.08,188.83
1088,205,person,1128.2,485.37,149.18,278.73
1088,212,person,968.03,422.58,105.42,234.43
1088,195,person,767.24,556.37,134.91,293.16
1089,177,person,666.86,413.72,97.78,262.28
1089,190,person,212.73,623.45,205.78,188.75
1089,205,person,1127.68,486.01,149.99,279.97
1089,212,person,968.91,422.79,104.31,232.66
1089,195,person,767.18,556.24,135.41,293.8
1090,177,person,668.21,412.87,98.0,262.65
1090,190,person,212.77,623.46,205.69,188.84
1090,205,person,1127.35,485.98,150.1,279.88
1090,212,person,970.35,422.27,103.32,231.14
1090,195,person,767.28,557.9,136.23,295.11
1091,177,person,668.31,414.21,97.89,261.85
1091,190,person,212.95,623.51,205.66,188.95
1091,205,person,1127.66,485.77,149.95,279.48
1091,212,person,971.89,419.33,100.11,223.59
1091,195,person,767.04,558.36,136.67,295.99
1092,177,person,668.01,414.85,97.37,259.9
1092,190,person,212.9,623.45,205.52,188.91
1092,205,person,1127.6,485.84,150.19,280.07
1092,212,person,973.52,416.99,96.87,215.5
1092,195,person,766.81,556.47,136.57,295.17
1093,177,person,666.78,417.35,95.73,255.34
1093,190,person,213.09,623.34,205.36,188.9
1093,205,person,1127.42,486.41,150.74,281.91
1093,195,person,766.57,555.34,137.16,296.01
1093,225,person,1193.31,372.14,66.52,132.34
1094,177,person,667.19,416.25,96.53,257.52
1094,190,person,213.43,623.27,205.09,188.78
1094,205,person,1128.52,484.64,149.12,279.29
1094,195,person,766.57,555.15,137.39,295.97
1094,225,person,1192.68,371.93,67.85,134.96
1095,177,person,667.42,415.77,96.84,258.51
1095,190,person,213.9,623.29,204.94,188.71
1095,205,person,1129.52,483.84,148.23,278.09
1095,195,person,766.95,554.89,137.48,295.7
1095,225,person,1192.69,371.99,68.4,135.98
1096,177,person,666.46,418.84,95.04,253.31
1096,190,person,213.82,623.36,204.9,188.76
1096,205,person,1130.2,483.53,147.62,277.63
1096,195,person,766.66,555.05,137.31,294.77
1096,225,person,1192.24,372.16,67.9,134.83
1097,177,person,666.76,418.87,96.04,254.98
1097,190,person,213.19,623.38,204.7,188.66
1097,205,person,1130.52,483.7,147.53,278.24
1097,195,person,767.19,555.0,137.54,295.55
1097,225,person,1192.0,372.07,67.98,134.88
1098,177,person,667.04,415.75,98.16,260.48
1098,190,person,212.54,623.39,204.73,188.8
1098,205,person,1128.81,482.07,145.16,274.93
1098,195,person,766.41,556.52,136.52,293.22
1098,225,person,1191.54,372.09,67.9,134.47
1099,177,person,667.38,413.97,99.54,263.94
1099,190,person,212.21,623.29,204.66,188.81
1099,205,person,1127.3,481.26,143.48,273.16
1099,195,person,766.73,555.88,136.89,294.49
1099,225,person,1191.33,371.8,68.14,134.65
1100,177,person,667.01,413.69,99.61,264.29
1100,190,person,212.11,623.26,204.62,188.83
1100,205,person,1127.94,481.38,143.02,273.09
1100,195,person,766.78,555.62,137.09,295.55
1100,225,person,1191.24,371.83,68.18,134.38
1101,177,person,666.69,415.39,98.45,261.03
1101,190,person,211.9,623.22,204.64,188.97
1101,205,person,1127.86,480.92,142.36,272.56
1101,195,person,767.31,554.9,137.32,296.68
1101,225,person,1190.96,371.97,68.17,133.9
1102,177,person,667.6,411.79,101.06,267.72
1102,190,person,211.81,623.1,204.38,188.77
1102,205,person,1127.45,480.63,141.75,272.17
1102,195,person,767.96,554.34,136.59,297.28
1102,225,person,1190.82,372.27,68.45,134.06
1103,177,person,667.01,418.14,97.13,255.84
1103,190,person,211.83,623.01,204.27,188.68
1103,205,person,1127.53,480.78,141.48,272.62
1103,195,person,769.0,553.5,136.04,298.59
1103,225,person,1190.83,372.58,68.32,133.32
1104,190,person,211.91,623.07,204.18,188.65
1104,205,person,1128.52,481.64,142.31,274.68
1104,195,person,769.95,556.36,134.77,299.05
1104,225,person,1191.38,373.25,67.9,131.93
1105,190,person,212.39,623.28,203.99,188.5
1105,205,person,1129.49,481.6,142.36,274.37
1105,195,person,770.43,557.79,133.26,298.64
1105,225,person,1191.9,374.12,67.7,130.99
1105,177,person,664.97,429.63,89.41,232.45
1106,190,person,212.46,623.28,204.03,188.58
1106,205,person,1130.42,481.79,142.6,273.88
1106,195,person,771.24,558.64,132.33,299.06
1106,225,person,1192.38,373.88,67.57,130.21
1106,177,person,669.72,417.18,99.24,257.59
1107,190,person,213.51,623.21,204.12,188.67
1107,205,person,1130.82,481.71,142.66,273.08
1107,195,person,770.69,558.79,130.88,298.15
1107,225,person,1192.45,373.83,67.6,129.65
1107,177,person,670.07,418.96,98.67,254.25
1108,190,person,213.9,623.18,204.2,188.76
1108,205,person,1131.42,481.27,142.5,271.81
1108,195,person,769.72,558.5,128.95,295.12
1108,225,person,1192.92,374.34,68.61,131.3
1109,190,person,213.91,623.16,204.11,188.69
1109,205,person,1131.76,481.76,143.46,272.83
1109,195,person,770.11,558.07,128.18,295.31
1109,225,person,1193.21,374.72,69.22,132.27
1110,190,person,213.85,623.15,204.25,188.81
1110,205,person,1131.85,481.07,143.29,271.38
1110,195,person,768.41,556.6,127.88,295.94
1110,225,person,1193.4,374.46,69.23,132.01
1111,190,person,213.33,623.17,204.3,188.94
1111,205,person,1131.71,480.66,143.57,270.82
1111,195,person,767.78,556.01,127.56,296.48
1111,225,person,1193.56,373.59,69.88,133.29
1111,177,person,672.89,416.69,110.4,283.76
1112,190,person,212.7,623.04,204.14,188.92
1112,205,person,1131.15,479.7,143.76,269.88
1112,195,person,764.89,555.55,126.4,294.8
1112,225,person,1193.03,372.46,69.54,132.36
1112,177,person,671.34,418.77,105.59,268.57
1113,190,person,212.6,622.74,204.08,188.92
1113,205,person,1130.75,479.67,144.69,270.97
1113,195,person,764.4,556.12,125.02,294.64
1113,225,person,1192.22,371.84,69.81,132.57
1113,177,person,672.8,413.65,108.95,276.17
1114,190,person,212.57,622.58,204.16,189.09
1114,205,person,1130.71,479.78,145.46,272.02
1114,195,person,762.8,555.19,123.96,294.02
1114,225,person,1191.87,371.91,70.38,133.51
1114,177,person,674.32,411.28,111.13,280.36
1115,190,person,212.65,622.59,204.07,189.21
1115,205,person,1130.81,479.52,145.76,271.6
1115,195,person,762.98,555.92,122.36,292.0
1115,225,person,1192.1,372.14,70.78,134.22
1115,177,person,675.68,417.42,105.32,261.11
1116,190,person,213.54,622.67,204.09,189.28
1116,205,person,1130.95,479.75,146.43,272.03
1116,195,person,764.02,556.19,121.59,292.28
1116,225,person,1192.44,372.38,71.28,135.49
1116,177,person,675.63,411.93,110.54,273.52
1117,190,person,214.58,622.65,204.14,189.36
1117,205,person,1131.54,480.17,147.17,272.83
1117,195,person,763.2,556.84,121.65,291.35
1117,225,person,1192.84,372.7,71.72,136.81
1117,177,person,674.77,410.5,111.6,275.28
1118,190,person,215.34,622.81,204.17,189.41
1118,205,person,1132.43,480.72,147.86,273.72
1118,195,person,764.87,558.36,121.79,292.66
1118,225,person,1193.32,372.61,71.62,137.17
1118,177,person,675.8,413.67,113.76,280.83
1119,190,person,215.69,622.86,204.29,189.57
1119,205,person,1132.93,481.01,148.39,274.46
1119,195,person,761.3,557.77,121.01,290.97
1119,225,person,1193.75,372.76,71.46,137.43
1119,177,person,673.15,412.48,111.96,276.19
1120,190,person,215.93,622.88,204.35,189.7
1120,205,person,1133.2,480.4,147.92,273.27
1120,195,person,763.86,557.78,121.29,292.29
1120,225,person,1193.71,372.29,71.04,136.91
1120,177,person,671.85,410.64,111.59,275.77
1121,190,person,216.19,622.87,204.5,189.84
1121,205,person,1133.34,479.88,147.46,272.22
1121,195,person,766.45,557.36,121.61,294.77
1121,225,person,1193.39,371.55,70.93,137.0
1121,177,person,670.34,411.22,110.79,275.29
1122,190,person,216.48,622.88,204.58,189.92
1122,205,person,1132.95,480.01,147.71,272.39
1122,195,person,768.99,557.24,120.69,293.97
1122,225,person,1193.05,371.84,70.59,136.5
1122,177,person,669.77,409.43,111.63,279.2
1123,190,person,216.48,622.84,204.55,189.92
1123,205,person,1133.37,480.14,148.0,273.12
1123,195,person,769.26,556.92,119.26,291.3
1123,225,person,1192.82,371.79,70.29,135.97
1123,177,person,672.3,409.7,111.87,281.15
1124,190,person,216.58,622.88,204.34,189.69
1124,205,person,1133.93,480.21,148.03,273.73
1124,195,person,769.42,557.01,118.77,290.69
1124,225,person,1192.84,371.63,70.25,135.96
1124,177,person,674.6,412.63,109.96,276.65
1125,190,person,217.05,623.1,204.06,189.33
1125,205,person,1134.36,480.68,148.09,274.4
1125,195,person,769.11,557.14,118.47,290.96
1125,225,person,1192.99,372.06,70.15,135.72
1125,177,person,675.89,415.23,109.1,273.17
1126,190,person,217.23,623.18,203.93,189.14
1126,205,person,1134.52,479.41,147.61,274.44
1126,195,person,768.38,557.09,118.13,290.79
1126,225,person,1193.19,372.63,70.38,136.16
1126,177,person,675.47,415.38,108.72,272.5
1127,190,person,217.31,623.02,203.9,189.08
1127,205,person,1134.67,478.69,147.12,274.28
1127,195,person,767.74,557.14,117.61,290.2
1127,225,person,1193.28,372.42,69.96,135.23
1127,177,person,676.29,415.1,109.02,273.11
1127,229,person,977.15,429.35,96.95,177.26
1128,190,person,217.29,622.95,204.09,189.25
1128,205,person,1135.05,478.33,146.77,274.59
1128,195,person,768.05,558.85,117.34,289.59
1128,225,person,1193.72,372.39,69.69,134.58
1128,177,person,673.76,416.46,107.61,269.35
1128,229,person,977.04,430.24,97.12,177.55
1129,190,person,217.45,623.03,204.05,189.17
1129,205,person,1135.13,478.19,146.31,274.36
1129,195,person,767.36,558.66,117.62,290.18
1129,225,person,1193.76,372.42,69.72,134.47
1129,177,person,674.18,417.4,106.56,266.24
1129,229,person,977.86,431.08,96.03,175.6
1130,190,person,217.85,623.12,204.07,189.1
1130,205,person,1135.22,478.12,145.86,274.12
1130,195,person,767.66,557.68,118.45,292.33
1130,225,person,1193.77,372.14,69.51,133.82
1130,177,person,674.9,416.83,107.32,267.74
1130,229,person,979.24,431.49,95.82,175.53
1131,190,person,218.31,623.07,204.01,189.0
1131,205,person,1135.55,478.21,145.6,274.4
1131,195,person,767.94,557.15,118.84,292.84
1131,225,person,1193.88,371.96,69.61,133.79
1131,177,person,672.87,419.12,105.11,261.13
1132,190,person,218.72,623.21,203.98,188.92
1132,205,person,1135.59,478.46,145.59,275.11
1132,195,person,768.2,556.91,119.53,294.15
1132,225,person,1193.98,372.38,69.79,133.91
1132,177,person,674.31,416.12,106.92,266.45
1133,190,person,218.57,623.55,203.08,188.13
1133,205,person,1135.33,478.41,145.27,275.04
1133,195,person,767.03,558.34,120.69,296.59
1133,225,person,1193.84,372.35,69.91,133.9
1133,177,person,673.95,415.86,106.51,264.95
1134,190,person,218.97,623.21,203.62,188.6
1134,205,person,1135.19,477.99,144.85,274.77
1134,195,person,766.54,558.48,121.15,297.46
1134,225,person,1193.67,372.33,69.91,133.64
1134,177,person,674.44,414.76,107.27,268.07
1135,190,person,218.82,623.02,203.95,188.91
1135,205,person,1135.2,477.79,144.65,274.89
1135,195,person,765.77,559.86,120.85,295.99
1135,225,person,1193.73,372.32,69.83,133.22
1135,177,person,674.75,414.98,107.17,268.48
1136,190,person,218.93,623.09,203.71,188.61
1136,205,person,1135.07,479.96,145.64,276.4
1136,195,person,765.14,558.5,120.17,293.39
1136,225,person,1194.11,372.1,69.69,132.57
1136,177,person,674.73,414.52,108.06,271.75
1137,190,person,218.94,623.27,203.51,188.36
1137,205,person,1135.32,480.91,146.3,277.36
1137,195,person,763.99,560.82,121.01,295.24
1137,225,person,1194.59,371.96,69.4,131.59
1137,177,person,675.49,415.33,107.47,270.95
1138,190,person,219.11,623.46,203.42,188.19
1138,205,person,1135.46,481.31,146.59,277.74
1138,195,person,763.73,562.56,120.76,294.76
1138,225,person,1194.84,371.64,68.97,130.28
1138,177,person,675.91,415.42,107.0,271.13
1139,190,person,219.07,623.41,203.56,188.24
1139,205,person,1135.53,481.34,146.64,277.72
1139,195,person,764.3,562.92,120.7,294.76
1139,225,person,1195.01,371.46,68.96,129.81
1139,177,person,675.91,415.65,106.9,272.2
1140,190,person,219.06,623.34,203.64,188.24
1140,205,person,1135.69,480.91,146.24,276.79
1140,195,person,765.12,561.52,121.54,296.91
1140,225,person,1194.86,371.38,69.09,129.57
1140,177,person,675.61,414.12,107.65,275.59
1141,190,person,219.07,623.23,203.91,188.4
1141,205,person,1135.53,481.24,146.41,277.34
1141,195,person,765.48,557.13,122.86,300.12
1141,225,person,1194.55,371.37,69.6,130.17
1141,177,person,675.37,415.0,106.56,273.97
1142,190,person,219.11,623.12,204.09,188.47
1142,205,person,1135.4,481.25,146.32,277.39
1142,195,person,765.03,554.72,124.09,303.44
1142,225,person,1194.28,371.25,69.76,130.11
1142,177,person,675.47,415.53,105.5,272.29
1143,190,person,219.48,623.25,204.09,188.36
1143,205,person,1135.43,481.27,146.45,277.76
1143,195,person,765.02,553.38,125.94,307.81
1143,225,person,1194.57,371.11,69.43,129.18
1143,177,person,673.21,417.26,103.92,268.59
1144,190,person,219.33,623.47,203.39,187.71
1144,205,person,1135.55,481.01,146.61,278.06
1144,195,person,765.01,561.96,120.43,291.35
1144,225,person,1195.56,372.23,70.19,130.26
1144,177,person,675.87,417.85,106.02,274.66
1145,190,person,219.58,623.51,203.11,187.46
1145,205,person,1135.73,481.55,147.33,279.53
1145,195,person,765.43,564.69,119.81,287.12
1145,225,person,1196.56,373.16,70.77,130.99
1145,177,person,677.13,416.79,105.61,274.34
1146,190,person,219.95,623.49,202.91,187.3
1146,205,person,1136.0,482.09,147.68,280.45
1146,195,person,766.08,565.23,120.99,287.11
1146,225,person,1196.98,373.5,71.04,131.04
1146,177,person,677.01,415.66,105.0,273.31
1147,190,person,220.3,623.39,203.01,187.44
1147,205,person,1136.15,482.16,147.67,280.68
1147,195,person,766.68,562.99,122.26,288.06
1147,225,person,1197.13,373.53,71.29,131.18
1147,177,person,676.83,415.29,104.03,271.3
1148,190,person,220.7,623.37,202.92,187.43
1148,205,person,1136.8,482.23,147.52,280.92
1148,195,person,766.36,563.95,121.72,284.47
1148,225,person,1197.27,373.29,71.17,130.6
1148,177,person,676.96,415.27,104.35,272.8
1149,190,person,221.1,623.47,202.65,187.19
1149,205,person,1137.33,482.5,147.38,281.19
1149,195,person,766.16,566.84,122.95,285.32
1149,225,person,1197.36,373.25,71.33,130.59
1149,177,person,677.95,415.31,105.07,274.86
1150,190,person,222.79,623.42,203.68,187.99
1150,205,person,1137.65,482.68,147.36,281.63
1150,195,person,767.15,560.56,126.7,293.13
1150,225,person,1197.45,373.42,71.5,130.74
1150,177,person,677.98,415.46,104.07,272.5
1151,190,person,223.6,623.42,204.29,188.48
1151,205,person,1139.21,484.24,147.85,284.08
1151,195,person,767.83,559.92,127.65,293.96
1151,225,person,1197.69,373.54,71.71,131.17
1151,177,person,677.35,416.28,101.6,265.23
1151,229,person,976.46,434.51,93.43,169.74
1152,190,person,223.93,623.39,204.67,188.73
1152,205,person,1139.75,484.72,147.48,284.67
1152,195,person,767.88,559.44,128.61,295.04
1152,225,person,1197.82,373.28,71.63,131.02
1152,177,person,676.47,416.46,100.19,260.7
1152,229,person,976.51,434.33,93.96,170.02
1153,190,person,224.38,623.37,204.83,188.75
1153,205,person,1139.99,484.82,146.84,284.57
1153,195,person,767.38,558.93,129.4,296.32
1153,225,person,1197.77,372.98,71.47,130.65
1153,177,person,676.74,415.86,100.51,261.74
1153,229,person,976.21,434.48,94.41,170.06
1154,190,person,224.2,623.27,204.73,188.54
1154,205,person,1140.35,485.28,146.81,285.68
1154,195,person,764.59,558.49,129.78,298.09
1154,225,person,1197.84,372.69,71.33,130.31
1154,177,person,677.15,414.53,100.96,263.69
1154,229,person,976.44,434.49,94.4,169.87
1155,190,person,222.79,623.36,203.92,187.9
1155,205,person,1140.42,485.03,146.32,285.85
1155,195,person,763.07,558.87,129.06,297.25
1155,225,person,1197.62,372.39,71.08,129.65
1155,177,person,677.01,415.3,100.27,261.44
1155,229,person,973.41,434.42,95.54,168.87
1156,190,person,222.31,623.37,203.62,187.61
1156,205,person,1140.01,485.03,145.97,285.96
1156,195,person,760.84,558.61,127.61,296.09
1156,225,person,1197.47,372.23,71.1,129.54
1156,177,person,677.67,413.79,101.54,265.71
1156,229,person,964.47,434.43,99.19,167.81
1157,190,person,221.77,623.22,203.77,187.8
1157,205,person,1139.54,484.94,145.27,285.02
1157,195,person,760.09,557.89,126.36,295.17
1157,225,person,1197.37,372.37,71.27,129.75
1157,177,person,677.25,413.91,102.8,268.79
1157,229,person,955.97,434.68,104.34,167.61
1158,190,person,221.64,623.15,203.92,187.99
1158,205,person,1139.06,484.57,144.55,283.92
1158,195,person,759.95,556.68,126.42,296.52
1158,225,person,1197.3,372.46,71.81,130.72
1158,177,person,672.77,417.96,100.77,263.23
1158,229,person,953.36,434.65,108.62,167.64
1159,190,person,221.51,623.06,204.05,188.18
1159,205,person,1138.7,484.37,144.06,283.07
1159,195,person,759.61,552.4,129.26,305.0
1159,225,person,1197.31,372.28,71.84,130.71
1159,177,person,673.21,416.16,101.66,265.29
1159,229,person,953.78,434.41,111.86,167.72
1160,190,person,220.99,623.19,203.86,187.95
1160,205,person,1138.6,484.5,144.1,283.36
1160,195,person,758.18,550.47,129.94,308.7
1160,225,person,1197.17,372.07,71.74,130.44
1160,177,person,673.44,415.61,101.88,265.99
1160,229,person,953.1,434.38,114.89,167.82
1161,190,person,220.51,623.27,203.52,187.5
1161,205,person,1138.06,484.2,144.04,283.09
1161,195,person,758.23,551.35,128.21,305.43
1161,225,person,1196.93,371.58,71.92,130.64
1161,177,person,672.73,415.73,101.83,265.95
1161,229,person,951.8,434.28,117.77,167.8
1162,190,person,220.29,623.07,203.92,187.8
1162,205,person,1138.07,483.7,143.93,282.88
1162,195,person,758.68,550.53,128.06,305.61
1162,225,person,1196.55,370.85,71.83,130.26
1162,177,person,672.92,414.08,102.74,267.79
1162,229,person,950.93,433.97,120.61,168.05
1163,190,person,219.99,623.15,204.04,187.78
1163,205,person,1138.17,483.74,144.77,284.73
1163,195,person,758.11,558.57,121.8,289.31
1163,225,person,1196.49,370.81,72.24,130.91
1163,177,person,673.44,414.71,102.55,266.08
1163,229,person,951.42,433.72,122.87,168.3
1164,190,person,221.03,623.05,204.65,188.0
1164,205,person,1138.38,483.89,145.22,285.84
1164,195,person,758.44,560.34,120.74,286.13
1164,225,person,1196.51,370.37,72.38,131.0
1164,177,person,674.51,412.96,102.45,265.51
1164,229,person,956.94,434.48,123.3,168.29
1165,190,person,220.8,623.29,204.35,187.65
1165,205,person,1138.6,483.69,145.66,287.04
1165,195,person,758.2,559.91,121.38,287.83
1165,225,person,1196.29,370.63,73.02,132.05
1165,177,person,675.85,411.9,103.85,268.68
1165,229,person,962.48,434.72,122.63,168.35
1166,190,person,220.97,623.43,204.15,187.34
1166,205,person,1138.89,483.32,145.4,286.99
1166,195,person,758.9,560.54,120.99,286.42
1166,225,person,1196.2,370.75,73.33,132.55
1166,177,person,676.25,413.99,102.19,263.06
1166,229,person,955.46,434.21,124.47,168.26
1167,190,person,220.86,623.52,204.08,187.14
1167,205,person,1139.22,483.15,145.38,287.43
1167,195,person,759.28,560.34,121.36,286.66
1167,225,person,1196.05,370.33,73.1,131.97
1167,177,person,676.2,415.04,102.35,262.14
1167,229,person,952.59,433.97,126.28,168.3
1168,190,person,220.58,623.52,204.15,187.05
1168,205,person,1139.17,481.71,146.37,290.0
1168,195,person,759.36,561.44,121.03,284.56
1168,225,person,1195.63,370.95,74.41,134.45
1168,177,person,677.1,413.06,102.83,263.4
1168,229,person,951.25,433.96,127.65,167.98
1169,190,person,220.32,623.5,204.32,187.12
1169,205,person,1139.66,480.76,146.29,290.41
1169,195,person,755.52,562.72,119.66,282.01
1169,225,person,1194.96,372.82,77.24,140.15
1169,177,person,675.44,416.43,102.0,260.57
1169,229,person,951.23,434.13,128.59,167.53
1170,190,person,219.76,623.43,204.8,187.49
1170,205,person,1139.45,478.99,148.09,294.89
1170,195,person,754.94,562.05,119.1,281.63
1170,177,person,675.66,414.94,103.23,263.45
1170,229,person,952.4,434.21,129.09,167.06
1171,190,person,219.68,623.44,204.97,187.54
1171,205,person,1139.95,475.89,151.24,302.47
1171,195,person,754.58,563.06,118.09,279.79
1171,177,person,676.16,414.07,102.94,263.5
1171,229,person,951.49,434.44,130.0,166.66
1172,190,person,219.59,623.43,205.06,187.52
1172,205,person,1140.54,474.29,152.53,306.18
1172,195,person,754.86,566.51,119.25,281.99
1172,177,person,675.13,415.02,102.01,261.39
1172,229,person,952.26,434.6,130.82,166.62
1173,190,person,219.63,623.4,205.03,187.42
1173,205,person,1141.04,473.03,153.22,308.7
1173,195,person,754.75,568.16,118.86,280.27
1173,177,person,674.75,415.25,101.0,258.69
1173,229,person,953.95,434.62,131.2,166.61
1174,190,person,219.64,623.41,205.18,187.45
1174,205,person,1142.04,470.38,155.71,315.37
1174,195,person,756.94,547.38,130.57,310.94
1174,177,person,675.47,415.52,102.62,263.71
1174,229,person,952.9,434.78,131.91,166.38
1175,190,person,219.84,623.47,204.88,187.07
1175,205,person,1143.16,470.07,156.89,319.69
1175,195,person,758.57,556.04,122.0,288.03
1175,229,person,954.45,435.21,131.76,165.75
1176,190,person,220.21,623.46,204.85,186.89
1176,205,person,1143.73,470.12,156.8,321.38
1176,195,person,759.85,545.37,129.57,307.33
1176,229,person,955.56,436.38,131.82,165.52
1177,190,person,220.62,623.43,204.87,186.84
1177,205,person,1144.24,469.33,159.14,327.09
1177,195,person,762.12,522.04,147.66,356.36
1177,229,person,956.65,437.15,131.36,164.9
1178,190,person,221.19,623.42,204.76,186.68
1178,205,person,1144.48,469.89,157.59,325.88
1178,195,person,763.96,514.93,152.49,372.94
1178,229,person,956.93,437.63,131.21,164.55
1179,190,person,223.66,623.69,205.46,187.04
1179,205,person,1145.69,470.26,158.68,329.18
1179,195,person,765.57,508.66,155.84,386.59
1179,229,person,958.94,438.01,130.76,164.7
1180,190,person,225.55,624.1,205.47,186.72
1180,205,person,1146.73,470.81,158.75,330.29
1180,195,person,769.05,522.73,147.1,365.63
1180,229,person,957.64,438.5,130.61,164.34
1181,190,person,226.67,624.45,205.77,186.67
1181,205,person,1147.23,471.13,159.21,331.59
1181,195,person,771.18,508.44,156.84,396.98
1181,229,person,955.39,438.49,131.21,164.29
1182,190,person,227.68,624.48,206.1,186.66
1182,205,person,1145.51,471.48,158.62,331.41
1182,195,person,773.11,504.09,158.11,406.73
1182,229,person,955.2,438.91,131.51,164.1
1182,177,person,683.8,422.27,98.6,252.17
1183,190,person,228.6,624.4,206.76,186.98
1183,205,person,1143.53,471.58,158.23,331.73
1183,195,person,770.64,500.94,160.21,413.62
1183,229,person,954.87,439.29,132.0,164.18
1183,177,person,685.89,424.72,96.97,247.46
1184,190,person,228.98,624.39,207.24,187.11
1184,205,person,1141.58,470.91,158.52,333.56
1184,195,person,769.08,498.23,161.76,417.66
1184,229,person,954.64,439.37,132.39,164.18
1185,190,person,228.85,624.45,207.49,187.05
1185,205,person,1140.53,470.58,158.76,335.05
1185,195,person,771.64,497.0,161.6,419.24
1185,229,person,954.23,439.24,133.01,164.48
1186,190,person,228.72,624.51,207.89,187.12
1186,205,person,1140.57,470.17,158.72,336.69
1186,195,person,775.62,498.19,159.48,416.88
1186,229,person,953.97,439.08,133.46,164.69
1186,177,person,689.58,418.62,101.0,258.25
1187,190,person,228.51,624.58,208.12,187.02
1187,205,person,1141.01,469.27,157.83,337.51
1187,195,person,779.65,500.79,155.57,410.1
1187,229,person,953.81,438.86,133.69,164.58
1187,177,person,691.23,415.66,102.1,261.58
1188,190,person,227.97,624.62,208.32,187.03
1188,205,person,1140.83,469.03,156.98,338.18
1188,195,person,781.04,501.44,153.12,406.38
1188,229,person,953.12,438.64,133.89,164.63
1188,177,person,691.74,413.95,101.72,261.63
1189,190,person,227.7,624.59,208.46,187.06
1189,205,person,1139.83,469.15,155.34,336.77
1189,195,person,781.96,516.41,140.22,372.69
1189,229,person,950.99,438.35,133.78,164.31
1189,177,person,687.53,417.02,96.69,252.45
1190,190,person,227.77,624.42,208.47,186.97
1190,205,person,1139.65,470.46,153.81,335.07
1190,195,person,788.9,509.0,144.66,385.87
1190,229,person,953.11,438.75,133.12,164.57
1190,177,person,684.57,422.89,91.14,240.67
1191,190,person,227.85,624.46,208.61,186.99
1191,205,person,1139.92,471.09,152.9,334.48
1191,195,person,788.64,513.08,140.68,376.05
1191,229,person,953.98,438.88,132.42,164.7
1191,177,person,684.22,424.49,88.61,235.81
1192,190,person,227.99,624.51,208.62,186.82
1192,205,person,1139.22,471.52,151.93,333.54
1192,195,person,792.88,505.63,144.53,387.95
1192,229,person,954.96,438.91,131.17,164.29
1192,177,person,684.21,425.73,87.32,234.18
1193,190,person,228.43,624.39,208.95,186.78
1193,205,person,1138.44,471.45,150.9,332.14
1193,195,person,796.19,503.21,145.67,391.7
1193,229,person,954.87,438.89,130.41,164.17
1193,177,person,684.7,425.71,85.84,231.82
1194,190,person,228.27,624.41,209.28,186.82
1194,205,person,1138.57,470.89,150.06,331.26
1194,195,person,801.9,504.87,144.25,389.79
1194,229,person,955.14,438.87,129.46,164.1
1194,177,person,685.37,424.28,85.29,231.25
1195,190,person,227.8,624.4,209.36,186.63
1195,205,person,1138.61,470.91,149.42,330.32
1195,195,person,803.11,541.78,120.34,313.17
1195,229,person,955.18,438.8,128.59,164.21
1195,177,person,685.15,424.23,84.59,230.16
1196,190,person,226.89,624.24,209.47,186.65
1196,205,person,1138.53,471.03,148.74,329.48
1196,195,person,809.92,559.02,110.51,276.5
1196,229,person,952.88,437.89,127.72,163.52
1196,177,person,688.1,416.7,90.32,245.84
1197,190,person,226.6,624.22,209.91,187.09
1197,205,person,1138.47,471.1,147.96,328.96
1197,195,person,812.02,533.61,132.13,327.74
1197,229,person,951.7,437.48,127.18,163.34
1197,177,person,686.83,420.39,87.84,239.23
1198,190,person,226.47,624.28,210.15,187.44
1198,205,person,1138.01,470.7,147.09,327.96
1198,195,person,814.36,522.96,141.14,348.1
1198,229,person,950.13,437.28,127.15,163.54
1198,177,person,685.27,423.61,85.57,233.72
1198,244,person,813.62,559.86,138.17,273.52
1199,190,person,226.93,624.42,209.99,187.37
1199,205,person,1137.88,471.73,146.76,328.22
1199,229,person,949.41,437.45,127.02,163.54
1199,177,person,685.26,424.24,84.24,230.37
1199,244,person,813.19,557.53,140.76,278.31
1200,205,person,1137.64,472.99,146.78,329.68
1200,229,person,949.99,437.66,126.88,163.61
1200,177,person,686.1,424.9,83.23,227.08
1200,244,person,799.59,561.66,137.2,271.31
1201,205,person,1137.82,473.46,146.22,329.45
1201,229,person,948.61,437.98,127.17,163.36
1201,177,person,688.76,424.41,84.2,228.22
1201,244,person,804.4,562.71,134.35,266.79
1202,205,person,1137.88,473.32,145.8,329.1
1202,229,person,950.35,438.46,127.8,164.1
1202,177,person,690.95,421.9,86.79,232.97
1203,205,person,1138.04,472.89,145.13,328.44
1203,229,person,951.65,438.65,127.63,164.21
1204,205,person,1138.04,471.51,144.09,326.94
1204,229,person,950.33,437.72,128.17,164.89
1205,205,person,1137.4,469.37,142.83,324.33
1205,229,person,952.42,436.89,128.13,165.92
1206,205,person,1135.12,463.35,140.19,316.24
1206,229,person,952.38,436.27,127.8,166.31
1207,205,person,1134.33,460.34,139.5,312.54
1208,205,person,1133.96,458.77,139.5,310.9
1267,246,person,1146.88,478.21,129.39,287.05
1267,247,person,1083.94,419.86,93.34,261.48
1267,248,person,991.39,420.9,109.65,197.47
1268,246,person,1147.84,478.09,129.65,287.77
1268,247,person,1083.68,419.22,93.54,262.08
1268,248,person,992.36,421.39,111.52,201.12
1268,250,person,697.56,390.89,120.1,257.02
1268,251,person,682.96,605.71,185.51,194.77
1269,246,person,1149.41,478.22,129.56,287.88
1269,247,person,1083.55,418.98,93.19,261.01
1269,248,person,992.33,420.94,111.9,202.07
1269,250,person,695.5,394.17,119.03,254.77
1270,246,person,1151.06,478.79,129.29,287.69
1270,247,person,1083.39,418.97,93.12,260.56
1270,248,person,992.02,420.28,111.79,202.01
1270,250,person,691.39,396.14,118.64,254.65
1271,246,person,1151.89,479.54,129.36,288.4
1271,247,person,1083.45,418.68,92.68,259.31
1271,248,person,992.61,421.85,114.4,207.37
1271,250,person,687.18,398.36,120.54,260.58
1272,246,person,1152.31,479.68,129.14,288.44
1272,247,person,1084.21,418.25,92.41,258.66
1272,248,person,995.2,425.56,119.44,218.56
1272,250,person,686.06,399.06,118.3,257.88
1273,246,person,1152.7,478.82,129.07,288.87
1273,247,person,1085.45,418.91,92.79,259.71
1273,248,person,997.42,429.9,125.28,232.19
1273,250,person,685.93,397.9,116.88,256.9
1274,246,person,1153.61,477.84,130.2,291.3
1274,247,person,1087.43,419.47,93.23,260.04
1274,248,person,1000.0,430.44,128.21,241.92
1274,250,person,683.41,396.75,116.67,259.88
1275,246,person,1155.17,477.02,129.94,290.69
1275,247,person,1090.52,419.23,93.76,259.87
1275,248,person,1001.57,429.7,128.19,246.62
1275,250,person,682.23,398.51,116.12,262.03
1276,246,person,1155.14,476.07,128.72,288.11
1276,247,person,1092.96,418.17,94.85,261.37
1276,248,person,1003.6,428.51,126.54,248.65
1276,250,person,684.08,397.25,114.4,261.83
1276,259,person,755.15,428.41,62.13,162.24
1277,246,person,1155.52,474.4,125.53,283.39
1277,247,person,1094.88,417.94,95.87,262.78
1277,248,person,1005.66,428.83,125.28,251.86
1277,250,person,685.73,399.03,116.09,269.25
1278,246,person,1156.13,474.93,124.78,283.94
1278,247,person,1097.28,417.02,97.56,266.22
1278,248,person,1007.76,428.83,123.41,253.81
1278,250,person,687.16,401.18,114.83,269.53
1279,246,person,1159.34,476.64,124.73,285.99
1279,247,person,1099.34,417.35,98.25,266.91
1279,248,person,1009.18,428.88,121.17,254.58
1279,250,person,687.7,402.03,113.48,269.71
1280,246,person,1162.31,477.63,125.42,288.98
1280,247,person,1101.3,417.37,98.83,266.18
1280,248,person,1010.31,427.59,117.11,250.7
1280,250,person,688.93,402.07,111.76,268.01
1280,263,person,849.9,416.54,171.43,242.55
1280,259,person,758.16,426.32,61.66,160.95
1281,246,person,1162.69,479.02,126.02,291.47
1281,247,person,1103.88,418.79,101.61,272.05
1281,248,person,1011.39,427.2,113.47,247.31
1281,250,person,691.56,401.93,109.78,264.77
1281,263,person,851.03,413.48,178.86,254.24
1281,264,person,1138.8,451.07,125.65,339.32
1281,259,person,760.43,428.24,62.8,163.66
1282,246,person,1163.56,480.54,126.57,294.08
1282,247,person,1104.91,418.57,102.31,272.75
1282,248,person,1012.47,427.03,110.7,245.66
1282,250,person,693.67,401.91,108.82,263.8
1282,263,person,851.48,413.31,178.15,254.79
1282,264,person,1137.9,451.14,126.84,342.67
1282,259,person,763.17,429.51,63.94,166.12
1283,246,person,1165.49,480.96,127.44,297.21
1283,247,person,1104.98,418.15,103.02,274.08
1283,248,person,1013.24,427.56,108.41,244.64
1283,250,person,695.77,401.32,109.58,266.7
1283,263,person,853.4,411.69,181.09,261.21
1283,264,person,1139.74,451.35,127.79,345.01
1284,246,person,1165.24,479.55,131.22,307.72
1284,247,person,1105.53,417.55,102.79,273.19
1284,248,person,1013.57,426.53,107.01,245.49
1284,250,person,695.56,401.32,110.19,270.54
1284,263,person,852.77,419.86,166.52,241.54
1284,264,person,1141.32,453.83,127.55,345.95
1285,246,person,1165.09,478.71,131.84,310.9
1285,247,person,1105.84,417.16,102.46,272.09
1285,248,person,1013.98,426.59,107.18,250.51
1285,250,person,694.9,401.77,108.81,269.13
1285,263,person,852.86,415.31,170.81,250.32
1285,264,person,1144.0,454.9,126.17,344.17
1286,246,person,1164.88,478.0,131.21,311.32
1286,247,person,1105.59,417.03,102.44,271.44
1286,248,person,1014.04,425.96,106.65,253.76
1286,250,person,693.27,402.42,106.72,265.79
1286,263,person,852.22,414.86,167.93,248.65
1286,264,person,1142.27,453.92,124.99,343.8
1287,246,person,1165.37,478.11,130.65,311.88
1287,247,person,1105.11,417.29,102.39,270.8
1287,248,person,1014.37,424.84,106.79,258.78
1287,250,person,693.36,401.67,106.82,268.26
1287,263,person,849.8,410.5,169.85,254.27
1287,264,person,1145.88,455.18,122.72,340.36
1287,259,person,761.77,429.64,65.26,170.63
1288,246,person,1166.04,477.14,129.47,310.78
1288,247,person,1102.84,416.3,100.08,264.52
1288,248,person,1014.75,423.44,104.53,257.37
1288,250,person,694.07,401.43,106.55,268.73
1288,263,person,847.98,407.81,171.84,259.98
1288,264,person,1147.32,456.99,119.51,334.76
1288,259,person,761.32,429.13,65.65,172.63
1289,246,person,1164.36,477.0,127.6,308.92
1289,247,person,1104.34,416.82,100.95,266.38
1289,248,person,1014.64,424.61,103.34,257.86
1289,250,person,691.68,401.71,104.58,265.4
1289,263,person,846.25,407.52,169.24,258.8
1289,264,person,1146.43,458.24,115.82,329.28
1289,259,person,761.41,428.75,64.65,170.82
1290,246,person,1164.22,476.46,126.71,308.82
1290,247,person,1102.66,416.45,98.86,259.76
1290,248,person,1014.68,426.3,101.55,256.31
1290,250,person,692.28,402.23,103.08,263.01
1290,263,person,844.18,420.19,151.62,233.28
1290,264,person,1144.34,460.03,112.54,323.53
1290,259,person,762.36,429.68,65.18,173.01
1291,246,person,1165.51,475.41,125.44,307.08
1291,247,person,1102.36,415.61,98.63,258.38
1291,248,person,1015.49,425.66,100.78,257.84
1291,250,person,694.23,401.54,103.49,265.31
1291,263,person,841.0,422.72,146.64,226.84
1291,264,person,1141.73,457.18,111.48,324.68
1291,259,person,762.5,429.1,63.89,170.16
1292,246,person,1169.21,477.52,122.18,299.47
1292,247,person,1103.65,417.33,100.8,263.35
1292,248,person,1016.76,426.06,99.48,258.21
1292,250,person,694.78,400.78,103.08,265.42
1292,263,person,838.08,429.58,137.97,213.45
1292,264,person,1141.13,454.93,110.49,325.95
1292,259,person,761.22,428.6,63.8,172.01
1293,246,person,1166.99,476.89,123.57,304.27
1293,247,person,1103.81,417.96,101.91,265.51
1293,248,person,1018.33,427.54,97.07,255.54
1293,250,person,694.32,400.75,101.38,261.79
1293,263,person,836.54,435.87,130.9,202.21
1293,264,person,1138.61,452.83,109.75,328.69
1293,259,person,760.73,430.17,62.98,171.62
1294,246,person,1170.12,478.54,120.88,297.81
1294,247,person,1103.79,418.02,102.0,264.99
1294,248,person,1019.01,428.98,94.47,251.79
1294,250,person,694.46,401.03,101.55,263.54
1294,263,person,835.92,437.5,128.32,198.22
1294,264,person,1133.88,450.26,108.52,326.41
1294,259,person,761.59,432.09,62.63,171.88
1295,246,person,1171.35,479.01,119.66,294.95
1295,247,person,1104.49,417.59,101.96,264.27
1295,248,person,1019.96,428.96,92.76,250.56
1295,250,person,696.94,399.91,100.71,262.95
1295,263,person,832.6,435.65,129.72,203.33
1295,264,person,1132.02,447.98,107.9,326.9
1295,259,person,761.71,433.37,62.48,173.48
1296,246,person,1171.58,478.88,119.64,295.07
1296,247,person,1104.86,417.51,101.94,263.97
1296,248,person,1020.03,429.69,90.78,248.43
1296,250,person,696.42,399.61,99.75,261.82
1296,263,person,829.41,435.46,127.51,203.45
1296,264,person,1129.62,446.73,107.23,325.87
1296,259,person,760.45,432.92,61.78,173.85
1297,246,person,1171.53,478.39,120.44,297.32
1297,247,person,1103.84,415.7,100.09,259.7
1297,248,person,1019.88,429.95,89.13,246.76
1297,250,person,696.43,398.4,99.08,261.62
1297,263,person,825.8,434.0,126.99,206.94
1297,264,person,1131.76,446.34,108.11,325.47
1297,259,person,758.49,430.3,60.59,173.94
1298,246,person,1170.42,473.69,122.63,303.43
1298,247,person,1104.07,417.95,102.85,266.98
1298,248,person,1020.31,429.99,88.02,246.74
1298,250,person,695.49,397.68,98.39,261.29
1298,264,person,1130.49,445.8,108.09,323.69
1298,259,person,758.59,431.56,59.16,170.8
1299,246,person,1170.38,471.32,124.13,307.74
1299,247,person,1106.92,418.78,104.5,270.03
1299,248,person,1020.82,430.59,86.36,244.6
1299,250,person,694.92,397.92,97.91,261.08
1299,264,person,1129.91,444.57,108.49,321.12
1299,259,person,756.72,432.49,57.15,166.92
1300,246,person,1171.12,473.76,122.36,303.54
1300,247,person,1106.55,418.7,105.05,271.46
1300,248,person,1021.09,430.55,85.19,243.58
1300,250,person,694.21,398.52,97.31,260.47
1300,264,person,1132.9,443.01,109.93,320.23
1300,259,person,755.72,433.66,57.14,169.44
1300,263,person,815.36,428.16,120.49,202.38
1301,246,person,1171.18,474.13,122.28,303.57
1301,247,person,1107.81,419.3,105.44,272.05
1301,248,person,1021.24,430.9,84.35,243.36
1301,250,person,694.66,398.21,97.19,260.29
1301,264,person,1135.49,443.64,111.64,319.79
1301,263,person,811.86,424.51,121.57,211.51
1302,246,person,1170.09,461.77,129.24,323.65
1302,247,person,1108.52,418.64,105.54,272.34
1302,248,person,1021.41,430.87,83.64,243.46
1302,250,person,696.7,397.34,97.56,261.4
1302,264,person,1135.51,442.62,113.08,320.29
1302,263,person,805.29,423.96,119.51,213.97
1303,246,person,1170.89,469.26,124.2,310.79
1303,247,person,1108.83,417.28,105.36,271.48
1303,248,person,1021.53,429.99,83.31,244.64
1303,250,person,692.49,399.02,97.24,263.0
1303,264,person,1133.91,440.45,113.43,318.93
1303,263,person,802.15,418.78,112.43,205.71
1304,246,person,1171.09,472.15,121.76,304.24
1304,247,person,1109.27,416.79,105.66,271.26
1304,248,person,1021.66,429.51,82.5,244.43
1304,250,person,689.81,400.94,95.37,260.76
1304,264,person,1133.7,439.12,113.66,317.47
1304,263,person,799.97,414.47,108.84,202.44
1305,246,person,1171.16,473.14,120.71,301.18
1305,247,person,1110.67,416.6,106.21,270.19
1305,248,person,1021.45,429.32,81.68,244.06
1305,250,person,688.88,401.26,93.89,259.59
1305,264,person,1132.82,438.21,113.11,314.8
1305,263,person,797.93,415.37,108.59,205.45
1306,246,person,1171.15,473.73,119.57,297.75
1306,247,person,1110.09,416.87,106.85,270.08
1306,248,person,1021.22,429.85,80.76,243.17
1306,250,person,690.71,399.07,92.93,258.56
1306,264,person,1133.17,438.53,113.24,314.49
1306,263,person,797.63,415.57,107.22,205.95
1307,246,person,1171.22,473.09,119.62,297.48
1307,247,person,1112.46,417.04,108.31,270.42
1307,248,person,1020.94,430.1,79.96,242.37
1307,264,person,1131.52,437.88,113.32,313.24
1307,263,person,797.41,415.22,105.73,204.57
1308,246,person,1171.18,473.59,117.9,292.56
1308,247,person,1115.69,417.86,111.25,272.26
1308,248,person,1020.29,430.22,79.29,241.5
1308,263,person,798.11,415.24,106.47,206.8
1308,250,person,699.48,396.42,93.81,258.94
1309,246,person,1170.78,470.29,119.44,296.44
1309,247,person,1115.23,417.54,113.29,273.28
1309,248,person,1020.2,429.69,78.86,241.13
1309,263,person,797.78,415.47,106.42,207.26
1310,246,person,1169.98,468.57,119.56,296.93
1310,247,person,1114.29,417.85,115.23,275.42
1310,248,person,1019.83,429.58,78.34,240.29
1310,263,person,796.9,416.3,106.75,207.92
1311,246,person,1167.81,460.14,124.32,310.96
1311,247,person,1107.98,420.68,117.91,283.92
1311,248,person,1019.06,429.4,78.12,240.49
1311,263,person,795.19,416.51,105.64,206.29
1311,264,person,1139.28,443.55,121.61,334.39
1312,246,person,1164.86,453.22,128.37,322.96
1312,247,person,1110.97,427.84,124.22,300.3
1312,248,person,1018.28,427.47,77.71,240.12
1312,263,person,794.83,415.96,107.62,210.08
1313,246,person,1162.03,450.22,130.98,330.66
1313,247,person,1111.4,430.54,127.22,307.51
1313,248,person,1017.4,424.75,77.98,241.63
1313,263,person,795.65,413.46,108.97,212.03
1314,246,person,1161.48,448.48,130.85,331.88
1314,247,person,1112.26,428.28,126.92,306.04
1314,248,person,1016.19,421.27,79.13,245.71
1314,263,person,797.9,411.97,110.07,212.95
1315,246,person,1160.48,447.34,131.29,334.14
1315,247,person,1111.91,429.58,129.67,312.62
1315,248,person,1015.31,417.6,79.54,247.52
1315,263,person,797.84,410.27,110.48,214.1
1316,246,person,1160.0,446.7,131.3,335.2
1316,247,person,1113.12,429.81,130.98,315.79
1316,248,person,1013.44,416.07,78.98,244.77
1316,263,person,800.0,410.08,112.19,216.01
1316,250,person,700.56,379.26,104.35,280.7
1317,246,person,1158.12,447.82,129.81,331.69
1317,247,person,1114.15,433.85,135.7,328.1
1317,248,person,1011.9,415.7,79.06,245.01
1317,263,person,793.03,410.08,112.4,218.58
1317,250,person,695.5,379.11,104.94,278.99
1318,246,person,1158.69,462.05,115.87,295.46
1318,247,person,1114.01,412.58,121.71,289.19
1318,248,person,1010.11,415.9,78.82,244.06
1318,263,person,784.69,409.17,109.8,217.56
1318,250,person,699.67,378.23,108.46,280.22
1318,264,person,1143.9,439.26,121.53,339.56
1319,246,person,1149.09,464.47,116.93,294.34
1319,247,person,1115.63,426.94,134.98,321.3
1319,248,person,1007.32,416.14,79.08,243.02
1319,263,person,780.11,409.3,107.89,217.05
1319,264,person,1140.69,440.27,117.59,334.85
1320,246,person,1145.43,460.52,120.94,305.8
1320,247,person,1106.43,408.21,119.5,282.85
1320,248,person,1004.18,417.57,78.68,239.7
1320,263,person,777.03,410.72,107.5,219.34
1320,264,person,1128.41,439.13,120.78,338.15
1321,246,person,1145.7,465.1,116.07,293.25
1321,247,person,1100.01,401.18,113.17,266.21
1321,248,person,999.61,418.47,77.74,235.18
1321,263,person,774.38,410.88,105.37,218.99
1321,264,person,1124.12,440.72,120.09,334.4
1322,246,person,1145.28,458.99,121.16,305.86
1322,247,person,1097.56,400.75,111.25,259.72
1322,248,person,992.93,419.22,78.27,232.04
1322,263,person,772.64,414.78,100.64,212.48
1322,264,person,1122.98,441.84,122.13,331.87
1323,246,person,1144.78,456.21,123.75,311.87
1323,247,person,1095.19,402.97,111.4,259.11
1323,248,person,989.93,417.94,78.39,227.07
1323,263,person,772.7,412.07,98.85,213.12
1323,264,person,1120.57,435.42,123.31,318.69
1324,246,person,1144.15,454.46,124.89,314.71
1324,247,person,1091.4,405.78,110.17,255.96
1324,248,person,988.52,418.74,79.48,225.61
1324,263,person,773.43,413.78,95.89,211.48
1324,264,person,1120.35,437.61,128.23,319.03
1325,246,person,1143.91,453.39,124.36,314.12
1325,247,person,1090.98,403.66,110.17,255.03
1325,248,person,990.11,420.08,80.53,227.53
1325,263,person,773.33,412.47,94.94,213.58
1325,264,person,1115.13,434.79,130.58,318.14
1326,246,person,1142.3,459.55,118.74,299.4
1326,247,person,1090.43,399.84,110.12,254.25
1326,248,person,988.72,417.56,81.51,229.23
1326,263,person,773.98,412.15,91.04,208.24
1326,264,person,1109.81,435.8,133.18,323.62
1327,246,person,1140.49,461.65,114.03,283.41
1327,247,person,1088.52,396.53,110.81,254.39
1327,248,person,987.65,414.66,81.13,226.77
1327,263,person,775.31,407.86,89.63,208.78
1327,264,person,1105.88,433.16,133.73,323.78
1328,246,person,1139.89,461.95,111.26,273.21
1328,247,person,1083.19,393.89,110.09,253.35
1328,248,person,985.56,413.45,81.36,225.72
1328,263,person,775.99,407.04,88.29,209.75
1328,264,person,1115.41,433.8,130.83,317.51
1328,275,person,203.57,540.09,130.06,101.13
1329,246,person,1138.29,451.1,121.45,296.95
1329,247,person,1082.33,392.25,109.46,250.45
1329,248,person,985.25,409.28,80.64,223.07
1329,263,person,776.48,405.12,87.37,211.1
1329,275,person,207.57,538.05,134.18,104.04
1330,246,person,1134.9,446.54,127.35,310.02
1330,247,person,1084.0,391.96,110.37,249.43
1330,248,person,984.07,408.09,80.87,223.16
1330,263,person,775.24,404.73,87.04,212.51
1330,275,person,207.7,536.63,138.21,106.98
1330,276,person,666.97,398.18,96.95,213.59
1331,246,person,1133.98,451.23,126.21,306.51
1331,247,person,1081.01,391.78,110.58,248.18
1331,248,person,982.8,408.99,81.78,225.31
1331,263,person,775.69,404.07,87.05,215.04
1331,275,person,206.59,536.02,141.56,109.34
1331,276,person,664.63,398.45,96.93,214.04
1332,246,person,1130.54,457.97,120.03,289.6
1332,247,person,1074.21,391.88,109.75,246.97
1332,248,person,981.48,407.61,82.47,227.28
1332,263,person,775.38,404.11,86.99,217.1
1332,275,person,209.32,535.62,143.95,110.9
1332,264,person,1095.9,433.11,132.58,326.79
1333,246,person,1128.85,454.48,120.43,290.3
1333,247,person,1069.73,392.41,109.97,247.73
1333,248,person,980.67,407.22,82.81,228.91
1333,263,person,773.09,403.9,86.31,216.8
1333,275,person,211.23,534.79,142.98,110.19
1333,264,person,1099.84,431.46,133.68,324.61
1333,276,person,670.01,398.24,97.86,215.76
1334,246,person,1119.81,441.67,129.62,311.32
1334,248,person,980.12,407.91,83.38,231.5
1334,263,person,772.86,403.93,85.41,215.69
1334,275,person,214.64,534.88,145.39,111.95
1334,264,person,1095.52,410.46,121.18,279.09
1335,246,person,1116.77,441.55,128.56,310.44
1335,248,person,978.19,408.35,83.32,231.93
1335,263,person,771.93,404.24,85.48,216.93
1335,275,person,215.55,534.88,146.91,113.02
1335,264,person,1090.79,423.46,132.99,303.15
1335,247,person,1073.69,396.76,111.2,247.36
1336,246,person,1119.22,455.47,118.45,284.54
1336,248,person,974.1,409.15,83.28,229.95
1336,263,person,768.87,406.41,82.94,210.06
1336,275,person,216.0,534.47,148.56,114.23
1336,247,person,1069.78,396.26,109.73,243.56
1337,246,person,1121.58,461.25,114.8,273.79
1337,248,person,969.41,408.64,83.33,226.8
1337,263,person,766.92,407.1,81.67,207.03
1337,275,person,215.0,533.73,150.42,115.7
1337,247,person,1063.78,395.8,108.88,243.46
1338,246,person,1120.9,460.0,111.17,262.77
1338,248,person,966.37,407.09,84.28,226.75
1338,263,person,766.24,406.37,82.72,209.47
1338,275,person,214.39,533.11,151.51,116.63
1338,247,person,1059.8,395.25,108.3,244.62
1339,246,person,1119.25,455.82,108.08,253.08
1339,248,person,963.07,405.83,83.99,223.11
1339,263,person,765.53,408.1,82.75,210.0
1339,275,person,213.49,532.61,152.0,117.07
1339,247,person,1056.29,394.99,107.0,244.04
1339,276,person,676.63,392.35,99.68,216.21
1340,246,person,1118.77,454.47,108.48,252.39
1340,248,person,963.59,403.1,83.11,220.56
1340,263,person,764.83,406.32,81.65,206.84
1340,275,person,212.48,532.43,153.27,118.21
1340,247,person,1053.94,394.39,107.22,246.08
1341,246,person,1119.19,450.82,108.5,251.7
1341,248,person,963.97,401.53,83.27,221.29
1341,263,person,762.58,402.78,83.25,211.08
1341,275,person,212.35,531.06,155.52,120.35
1341,247,person,1053.22,393.33,106.61,245.97
1342,246,person,1114.2,437.39,118.95,276.29
1342,248,person,965.07,399.83,83.37,221.8
1342,263,person,762.33,399.69,85.09,215.53
1342,275,person,212.5,529.99,157.94,122.66
1342,247,person,1055.0,392.92,107.19,246.98
1342,264,person,1078.18,394.38,118.35,253.66
1343,246,person,1099.52,427.98,130.22,299.71
1343,248,person,966.03,398.78,84.64,224.94
1343,263,person,763.22,397.74,86.18,217.66
1343,275,person,213.93,529.44,159.37,124.12
1343,264,person,1079.51,393.32,122.06,252.93
1344,246,person,1092.98,423.56,135.13,308.23
1344,248,person,966.5,398.13,85.17,225.2
1344,263,person,764.35,396.59,86.89,217.99
1344,275,person,215.03,528.83,158.52,124.2
1344,264,person,1077.44,391.24,120.81,247.08
1345,246,person,1097.4,424.29,137.68,311.31
1345,248,person,968.91,396.11,84.61,222.58
1345,263,person,767.8,394.42,88.4,219.92
1345,275,person,217.36,528.4,157.91,124.32
1345,264,person,1074.5,390.69,119.25,244.51
1345,280,person,1117.45,448.56,115.96,266.97
1346,246,person,1100.13,425.41,136.84,310.03
1346,248,person,969.52,396.72,85.89,224.76
1346,275,person,218.83,527.89,158.14,125.08
1346,264,person,1072.03,390.7,118.4,243.84
1346,280,person,1121.08,453.51,111.74,256.95
1347,246,person,1092.24,422.31,139.54,313.16
1347,248,person,969.56,397.8,87.59,227.59
1347,275,person,220.42,527.28,158.97,126.18
1347,264,person,1075.86,388.94,120.4,244.88
1347,280,person,1122.66,450.09,111.45,255.49
1348,246,person,1091.71,419.41,140.95,311.26
1348,248,person,969.3,399.24,89.4,230.78
1348,275,person,221.5,527.36,160.26,127.36
1348,264,person,1079.19,387.84,122.62,244.7
1348,280,person,1124.89,450.23,110.71,252.48
1349,246,person,1091.75,418.17,142.76,310.31
1349,248,person,968.86,398.46,89.71,229.92
1349,275,person,221.72,526.98,161.28,128.41
1349,264,person,1080.99,387.98,125.29,245.48
1349,280,person,1117.02,438.37,121.84,275.99
1349,263,person,777.29,396.64,89.6,218.11
1350,246,person,1091.19,418.47,145.46,312.33
1350,248,person,965.64,396.88,89.81,227.21
1350,275,person,240.49,556.62,231.1,188.12
1350,264,person,1080.98,388.03,127.87,246.86
1350,280,person,1118.05,430.04,128.14,290.12
1351,246,person,1090.11,418.95,147.46,315.0
1351,248,person,965.53,398.08,91.34,229.3
1351,275,person,246.65,566.15,252.0,209.5
1351,264,person,1078.1,387.66,128.2,246.94
1351,280,person,1118.08,426.57,131.12,298.32
1351,263,person,778.94,396.23,90.62,217.51
1352,246,person,1087.22,418.55,147.75,315.13
1352,248,person,964.84,395.79,90.73,226.66
1352,275,person,248.95,569.85,258.63,219.36
1352,264,person,1076.46,387.29,128.66,247.21
1352,280,person,1114.97,422.54,132.69,305.17
1353,246,person,1085.51,416.82,146.53,311.62
1353,248,person,962.36,392.77,89.8,222.36
1353,275,person,249.36,570.97,258.32,223.2
1353,264,person,1074.36,386.92,128.51,246.91
1353,280,person,1114.58,423.1,129.8,301.71
1354,246,person,1084.66,415.61,146.09,309.44
1354,248,person,956.06,392.91,90.57,219.26
1354,275,person,248.75,571.17,255.47,224.6
1354,264,person,1074.1,388.01,129.01,247.79
1354,280,person,1114.76,424.18,127.43,299.03
1355,246,person,1084.44,414.0,145.63,306.59
1355,248,person,952.2,395.45,94.62,224.17
1355,275,person,247.77,570.73,251.3,224.65
1355,264,person,1071.74,388.46,128.82,248.59
1355,280,person,1113.83,422.62,127.66,300.97
1356,246,person,1088.58,414.97,148.45,307.76
1356,248,person,956.75,396.65,95.63,227.54
1356,275,person,247.07,569.64,246.39,223.52
1356,264,person,1076.36,388.28,131.25,250.38
1356,280,person,1118.06,425.97,126.82,297.47
1357,246,person,1088.97,416.16,150.65,309.95
1357,248,person,941.12,392.55,95.31,217.47
1357,275,person,245.21,569.62,243.43,224.05
1357,264,person,1074.08,388.09,130.84,250.55
1358,246,person,1092.06,418.11,153.27,312.95
1358,248,person,932.79,392.02,97.9,215.62
1358,275,person,242.9,569.15,240.25,224.29
1358,264,person,1073.05,388.01,130.42,250.57
1359,246,person,1095.83,418.83,154.61,313.7
1359,275,person,242.18,568.64,237.58,224.47
1359,264,person,1077.96,389.06,133.5,253.87
1360,246,person,1096.62,418.48,155.03,313.04
1360,275,person,242.36,567.93,235.27,224.47
1360,264,person,1079.18,388.23,134.76,254.17
1360,248,person,926.2,383.59,93.45,196.43
1361,246,person,1096.29,419.52,157.35,316.21
1361,275,person,241.88,567.14,233.19,224.46
1361,264,person,1080.39,388.64,136.85,256.27
1361,248,person,923.58,380.8,93.83,190.34
1362,246,person,1096.75,420.04,158.81,318.34
1362,275,person,240.9,566.27,231.38,224.67
1362,264,person,1082.68,389.17,138.93,258.21
1362,248,person,920.01,380.89,94.4,187.52
1363,246,person,1096.38,419.77,159.78,319.28
1363,275,person,240.36,565.57,229.43,224.4
1363,264,person,1080.9,387.49,139.57,257.67
1363,248,person,917.45,381.45,94.01,183.96
1364,246,person,1104.67,422.7,154.44,309.78
1364,275,person,239.73,564.97,227.9,224.42
1364,248,person,914.35,381.47,94.17,180.84
1365,275,person,238.67,564.33,225.33,223.22
1365,280,person,1120.13,441.95,116.89,268.15
1366,275,person,237.52,563.56,223.23,222.43
1366,280,person,1123.48,443.18,116.18,264.73
1367,275,person,237.14,562.84,221.76,222.09
1367,280,person,1125.92,443.11,116.04,263.33
1368,275,person,237.13,562.48,220.46,221.67
1368,280,person,1126.12,443.31,117.29,265.04
1369,275,person,238.07,562.1,219.45,221.22
1369,280,person,1126.37,442.94,117.51,264.73
1369,284,person,857.16,350.0,207.96,235.97
1370,275,person,238.65,561.8,218.5,220.8
1370,280,person,1126.04,442.84,118.07,265.16
1370,284,person,859.1,348.68,206.41,234.25
1371,275,person,238.68,561.57,217.95,220.81
1371,280,person,1126.12,443.11,118.75,266.1
1371,284,person,864.03,349.35,206.43,234.58
1372,275,person,238.53,561.08,217.3,220.8
1372,280,person,1125.93,443.13,119.4,266.98
1372,284,person,866.89,350.04,205.31,233.69
1373,275,person,237.64,560.47,216.81,221.32
1373,280,person,1126.2,442.74,119.49,266.76
1373,284,person,866.65,349.91,204.71,233.38
1374,275,person,236.36,559.77,216.14,221.88
1374,280,person,1125.9,441.95,119.49,266.15
1374,284,person,870.71,350.81,203.23,232.47
1375,275,person,235.92,559.12,215.27,222.14
1375,280,person,1124.78,441.33,119.46,265.29
1375,284,person,868.73,351.19,202.56,231.9
1376,275,person,236.3,558.57,214.88,222.7
1376,280,person,1123.62,440.8,119.43,264.7
1376,284,person,868.58,351.71,204.27,234.08
1377,275,person,236.65,558.06,214.33,222.98
1377,280,person,1122.39,440.7,119.93,265.92
1377,284,person,867.37,355.05,207.33,238.36
1378,275,person,238.98,557.96,212.82,221.29
1378,280,person,1121.44,439.56,119.95,266.01
1378,284,person,865.61,355.91,205.75,236.25
1379,275,person,239.7,557.41,213.14,221.68
1379,280,person,1121.11,438.86,119.81,265.83
1379,284,person,867.45,363.94,192.22,219.27
1380,275,person,240.17,556.9,213.53,222.13
1380,280,person,1121.01,438.46,119.53,265.22
1381,275,person,240.65,556.7,213.57,222.21
1381,280,person,1121.58,438.37,119.26,264.41
1382,275,person,240.98,556.51,213.87,222.65
1382,280,person,1121.86,438.8,120.0,266.0
1383,275,person,241.11,556.32,213.9,222.89
1383,280,person,1121.49,439.02,120.45,266.93
1383,284,person,873.95,374.05,174.61,197.33
1384,275,person,241.31,556.25,213.81,223.0
1384,280,person,1121.07,439.48,120.77,267.86
1384,284,person,872.55,374.42,171.07,190.51
1385,275,person,241.5,556.08,213.7,223.14
1385,280,person,1121.54,439.1,120.25,266.74
1385,284,person,873.9,376.23,167.31,183.69
1385,290,person,779.26,381.49,73.18,178.13
1386,275,person,241.22,555.77,213.56,223.4
1386,280,person,1121.27,437.5,119.0,264.04
1386,284,person,868.94,381.06,161.36,171.68
1386,290,person,780.11,381.15,72.52,176.25
1387,275,person,241.31,555.74,213.16,223.36
1387,280,person,1120.85,437.05,118.69,263.46
1387,284,person,871.72,382.31,160.38,167.41
1387,290,person,780.56,380.14,72.89,176.72
1388,275,person,241.7,555.68,212.8,223.33
1388,280,person,1119.71,438.05,119.37,265.46
1388,284,person,870.6,383.3,161.12,164.62
1388,290,person,781.3,379.75,74.1,179.17
1389,275,person,241.99,555.59,212.44,223.45
1389,280,person,1119.29,439.27,119.94,266.94
1389,284,person,869.02,384.61,162.44,162.29
1389,290,person,781.14,381.69,74.35,178.98
1390,275,person,242.82,555.78,211.79,223.08
1390,280,person,1118.41,440.48,120.28,267.98
1390,284,person,867.86,380.75,174.9,173.29
1390,290,person,782.03,382.5,74.82,179.29
1391,275,person,243.33,555.8,211.15,222.63
1391,280,person,1118.05,441.35,120.19,268.57
1391,284,person,866.46,379.82,184.32,181.62
1391,290,person,783.47,382.79,75.61,180.68
1392,275,person,244.01,556.07,210.47,222.2
1392,280,person,1118.66,442.34,120.53,269.73
1392,284,person,866.06,381.84,183.47,178.65
1392,290,person,784.95,379.81,80.08,190.8
1393,275,person,245.26,556.17,209.62,221.49
1393,280,person,1121.28,442.4,119.92,268.51
1393,284,person,881.66,384.48,167.98,164.77
1393,290,person,788.48,377.7,84.79,201.34
1394,275,person,246.46,556.39,209.56,221.91
1394,280,person,1123.96,442.52,119.49,267.36
1394,284,person,890.29,384.58,163.53,162.34
1394,290,person,789.87,375.3,87.55,207.62
1395,275,person,247.95,555.09,211.61,224.47
1395,280,person,1126.13,442.1,118.75,265.79
1395,284,person,892.75,385.81,155.4,155.32
1395,290,person,791.02,374.3,87.83,208.75
1396,275,person,249.56,554.94,212.25,225.23
1396,280,person,1128.6,441.63,117.59,263.88
1396,284,person,894.28,385.5,152.19,153.61
1396,290,person,789.95,372.95,87.22,209.27
1397,275,person,250.8,555.74,211.6,224.52
1397,280,person,1128.29,441.92,117.26,263.17
1397,290,person,790.75,372.93,87.28,211.33
1398,275,person,251.95,555.97,211.29,224.36
1398,280,person,1127.41,442.18,117.48,263.68
1398,290,person,790.95,374.16,85.22,208.78
1398,284,person,893.71,364.91,186.99,194.7
1399,275,person,252.37,555.95,211.2,224.46
1399,280,person,1126.87,442.13,117.73,264.33
1399,290,person,790.86,375.5,83.57,206.51
1399,284,person,892.6,354.05,201.39,217.1
1400,275,person,252.41,555.36,211.89,225.55
1400,280,person,1127.83,441.89,117.74,264.3
1400,290,person,790.66,376.47,82.36,204.64
1400,284,person,889.75,350.4,203.16,225.25
1401,275,person,252.26,555.09,211.86,225.75
1401,280,person,1127.28,441.93,117.75,264.43
1401,290,person,790.89,376.12,81.53,203.68
1401,284,person,886.06,349.09,201.16,227.57
1402,275,person,252.06,554.22,212.49,226.8
1402,280,person,1127.5,442.07,117.7,264.43
1402,290,person,791.13,375.47,80.25,201.98
1402,284,person,885.48,347.74,199.2,230.13
1403,275,person,251.62,553.42,212.85,227.49
1403,280,person,1127.94,442.01,117.49,264.11
1403,290,person,791.37,374.04,80.24,202.5
1403,284,person,888.28,347.96,193.57,228.83
1404,275,person,250.84,552.46,213.74,228.87
1404,280,person,1128.66,442.08,117.76,264.91
1404,290,person,792.0,374.73,79.27,199.97
1404,284,person,888.47,349.99,186.54,224.3
1405,275,person,250.48,552.31,213.65,229.1
1405,280,person,1129.73,442.04,117.57,264.72
1405,290,person,792.46,375.28,79.48,199.34
1405,284,person,888.86,354.82,176.24,214.3
1406,275,person,250.58,552.39,213.09,228.69
1406,280,person,1130.29,442.25,117.49,264.89
1406,290,person,793.15,375.59,81.17,201.54
1406,284,person,888.56,360.41,165.92,202.89
1407,275,person,250.66,552.48,212.97,228.78
1407,290,person,793.71,376.29,82.6,203.15
1407,284,person,886.19,360.33,167.0,205.17
1408,275,person,251.16,553.99,210.79,226.24
1408,290,person,793.6,375.58,83.6,204.34
1408,284,person,883.19,358.49,169.68,208.99
1409,275,person,251.09,554.58,210.03,225.24
1409,290,person,793.49,375.31,84.13,204.31
1409,284,person,887.52,355.84,170.13,212.24
1409,280,person,1131.33,440.92,117.84,265.82
1410,275,person,250.24,551.99,213.3,229.19
1410,290,person,792.86,375.53,82.53,200.75
1410,284,person,895.07,357.43,164.54,209.32
1410,305,person,1065.91,374.73,113.87,251.84
1410,280,person,1132.38,440.34,117.24,264.9
1411,275,person,249.35,551.21,213.95,230.08
1411,290,person,792.71,375.8,81.48,198.66
1411,284,person,898.21,361.76,156.11,201.31
1411,305,person,1067.03,373.9,114.61,253.51
1412,275,person,248.89,553.24,210.88,226.24
1412,284,person,899.72,363.83,153.5,200.4
1412,305,person,1067.43,372.99,114.86,254.04
1413,275,person,249.17,553.94,209.88,224.7
1413,284,person,900.19,360.32,154.77,205.51
1413,305,person,1066.5,372.24,113.12,249.94
1414,275,person,249.8,554.19,209.89,224.39
1414,284,person,899.26,358.1,154.69,208.66
1414,305,person,1066.03,371.83,112.72,248.96
1414,290,person,792.69,376.66,81.57,199.19
1415,275,person,250.3,554.34,209.96,224.21
1415,284,person,900.16,360.26,148.64,203.03
1415,305,person,1070.2,375.45,115.21,256.01
1415,290,person,793.27,378.88,83.62,202.1
1416,275,person,249.82,551.96,213.57,228.3
1416,284,person,900.86,360.89,145.54,201.51
1416,305,person,1072.5,376.76,115.79,258.97
1416,290,person,793.29,376.99,83.88,203.4
1417,275,person,249.27,551.13,214.52,229.42
1417,305,person,1072.21,376.92,115.79,260.13
1417,290,person,792.71,375.67,83.05,202.97
1418,275,person,249.18,551.0,214.98,230.04
1418,305,person,1072.83,376.86,115.28,260.37
1418,290,person,791.49,374.79,81.32,201.38
1419,275,person,249.66,553.26,211.82,226.39
1419,305,person,1069.52,375.61,113.31,255.11
1419,290,person,793.39,374.73,81.34,201.67
1420,275,person,249.2,551.84,214.01,228.92
1420,305,person,1068.26,375.68,112.96,253.69
1420,290,person,797.02,377.6,82.76,203.95
1420,284,person,904.06,364.74,141.18,198.78
1421,275,person,249.67,553.54,211.24,225.61
1421,305,person,1067.72,375.71,113.15,253.4
1421,290,person,799.26,377.76,83.71,204.59
1421,284,person,904.03,366.59,137.23,195.56
1422,275,person,249.68,554.18,210.31,224.31
1422,305,person,1067.11,375.79,113.07,252.54
1422,290,person,795.62,378.24,82.72,200.84
1423,275,person,249.74,554.51,210.58,224.2
1423,305,person,1064.8,375.51,114.35,253.75
1423,290,person,794.6,378.74,84.58,202.66
1424,275,person,248.87,552.21,214.28,228.33
1424,305,person,1064.38,375.5,114.31,252.28
1424,290,person,786.89,377.3,84.63,199.85
1425,275,person,248.29,551.19,215.55,229.79
1425,305,person,1064.08,374.95,114.91,252.53
1425,290,person,787.68,375.75,83.95,198.25
1426,275,person,247.79,553.86,212.06,225.78
1426,305,person,1064.95,373.5,115.99,253.79
1426,290,person,788.38,375.63,82.79,196.16
1427,275,person,247.43,554.82,211.06,224.55
1427,305,person,1063.58,373.11,117.55,255.33
1427,290,person,788.0,374.92,83.86,197.91
1428,275,person,247.27,551.94,215.31,229.3
1428,305,person,1064.42,373.11,118.27,255.85
1428,290,person,789.09,375.16,83.6,196.55
1428,280,person,1132.46,444.36,135.61,281.04
1429,275,person,247.56,554.13,212.32,225.99
1429,305,person,1064.99,373.35,118.58,255.97
1429,290,person,789.26,374.22,85.81,202.17
1429,314,person,879.47,354.24,170.21,219.91
1429,280,person,1136.26,444.15,141.33,282.07
1430,275,person,248.08,551.22,216.22,230.58
1430,305,person,1063.42,374.32,119.21,256.74
1430,290,person,791.95,376.02,86.75,202.66
1430,314,person,879.8,351.63,174.2,225.3
1431,275,person,248.66,550.1,217.33,232.09
1431,305,person,1064.58,374.02,119.0,256.53
1431,290,person,791.8,375.3,90.85,208.66
1431,314,person,880.32,351.65,174.1,225.65
1432,275,person,248.21,549.64,217.79,232.9
1432,305,person,1065.2,372.98,118.59,256.08
1432,290,person,797.82,373.34,92.17,211.35
1432,314,person,879.22,351.6,171.12,223.0
1433,275,person,247.77,552.97,212.46,226.97
1433,305,person,1065.06,373.11,118.07,255.41
1433,290,person,795.42,373.85,92.53,210.82
1433,314,person,879.25,351.34,169.58,222.82
1434,275,person,247.48,551.14,215.07,229.94
1434,305,person,1064.87,373.13,117.6,254.86
1434,290,person,794.78,374.98,92.57,210.86
1434,314,person,883.73,352.15,166.02,220.97
1435,275,person,247.52,550.56,216.07,231.12
1435,305,person,1064.58,373.14,117.55,254.95
1435,290,person,793.51,376.39,92.52,209.23
1435,314,person,881.32,352.58,164.24,221.88
1436,275,person,247.42,553.5,211.97,226.47
1436,305,person,1064.41,372.93,116.72,253.1
1436,290,person,792.84,377.43,92.41,207.21
1436,314,person,876.43,354.42,159.93,218.79
1437,275,person,246.85,554.59,210.08,224.2
1437,305,person,1064.0,372.93,116.17,252.07
1437,290,person,792.62,378.13,93.37,207.24
1437,314,person,872.03,351.42,162.16,224.84
1438,275,person,245.77,555.13,208.98,222.6
1438,305,person,1063.74,372.79,115.42,250.41
1438,290,person,790.14,377.29,95.46,209.99
1438,314,person,869.0,350.06,159.99,224.39
1439,275,person,244.88,555.28,208.79,221.85
1439,305,person,1063.55,372.58,114.84,249.03
1439,290,person,789.31,379.17,95.48,207.27
1440,275,person,244.03,554.89,208.87,221.43
1440,305,person,1062.78,371.82,114.82,248.61
1440,290,person,788.07,379.25,94.94,203.9
1441,275,person,243.15,554.59,208.95,221.04
1441,305,person,1062.42,371.49,115.03,248.78
1441,290,person,785.49,380.12,93.82,200.04
1442,275,person,242.81,554.49,209.29,220.98
1442,305,person,1062.31,371.6,115.33,249.23
1442,290,person,786.85,382.48,91.07,195.32
1443,275,person,243.03,554.7,209.56,220.84
1443,305,person,1062.51,371.8,115.39,249.32
1443,290,person,787.47,384.24,88.95,190.96
1444,275,person,243.74,554.34,211.44,222.53
1444,305,person,1062.71,372.15,115.37,249.29
1444,290,person,788.66,385.97,88.49,191.26
1445,275,person,243.82,554.91,210.82,221.52
1445,305,person,1062.61,372.38,115.55,249.61
1445,290,person,787.01,386.64,88.85,192.46
1445,314,person,861.9,349.6,160.67,226.91
1446,275,person,243.97,554.68,211.11,221.54
1446,305,person,1061.72,373.11,116.07,250.54
1446,290,person,784.7,388.28,88.68,191.92
1446,314,person,860.29,350.39,159.76,225.45
1447,275,person,244.22,555.05,211.07,221.19
1447,305,person,1061.95,372.74,115.96,250.17
1447,290,person,787.1,392.97,87.81,192.46
1448,275,person,244.77,555.41,211.35,221.28
1448,305,person,1062.04,372.59,115.65,249.31
1448,290,person,785.86,400.64,86.83,191.51
1449,275,person,245.32,555.41,211.58,221.4
1449,305,person,1062.16,372.51,115.55,248.98
1449,290,person,786.63,402.22,86.99,194.45
1450,275,person,245.89,555.44,211.98,221.83
1450,305,person,1062.6,372.75,115.37,248.59
1450,290,person,779.62,401.8,86.04,189.34
1451,275,person,246.86,555.49,212.49,222.34
1451,305,person,1062.87,372.91,115.19,248.14
1452,275,person,247.48,555.46,212.38,222.29
1452,305,person,1063.02,372.77,114.86,247.33
1453,275,person,248.55,555.06,213.01,222.87
1453,305,person,1063.07,373.06,115.54,248.52
1454,275,person,249.71,555.08,213.07,222.89
1454,305,person,1063.43,373.7,116.44,250.06
1455,275,person,249.72,553.23,215.98,226.29
1455,305,person,1063.8,374.11,117.56,252.18
1455,280,person,1130.31,442.71,154.77,287.06
1456,275,person,249.78,552.87,216.55,227.15
1456,305,person,1064.12,374.43,118.23,253.41
1456,317,person,1164.07,443.52,109.71,277.31
1456,280,person,1132.83,442.45,158.85,286.4
1457,275,person,249.82,552.24,216.96,227.92
1457,305,person,1063.8,374.81,118.42,253.24
1457,317,person,1164.02,444.24,109.33,276.29
1457,280,person,1132.59,442.69,161.88,285.31
1458,275,person,250.76,553.88,214.11,224.78
1458,305,person,1063.54,374.83,118.39,252.38
1458,280,person,1130.72,441.92,164.3,282.67
1459,275,person,251.12,554.55,213.36,223.86
1459,305,person,1064.34,373.88,118.78,252.76
1459,280,person,1138.67,440.96,162.33,280.17
1459,290,person,788.13,405.48,86.88,191.49
1459,317,person,1165.56,444.53,108.87,274.96
1460,275,person,250.75,552.81,216.18,227.15
1460,305,person,1064.68,373.61,119.65,253.74
1460,290,person,796.1,403.98,86.01,195.69
1460,317,person,1166.55,444.92,108.87,274.79
1461,275,person,250.67,551.99,217.45,228.85
1461,305,person,1064.88,373.69,120.05,253.6
1461,290,person,797.73,398.52,87.91,202.26
1461,317,person,1167.1,445.15,108.62,273.87
1462,275,person,250.72,551.7,217.94,229.68
1462,305,person,1064.87,373.41,120.66,253.99
1462,290,person,801.15,397.67,86.3,201.44
1462,317,person,1167.29,444.98,108.63,273.47
1462,280,person,1142.34,442.91,161.86,279.38
1463,275,person,250.7,552.13,217.26,229.16
1463,305,person,1065.2,372.85,120.95,253.94
1463,290,person,796.92,395.21,88.75,203.86
1463,317,person,1167.31,445.04,108.72,273.23
1463,280,person,1137.32,444.22,164.47,280.21
1464,275,person,250.98,552.27,216.89,228.99
1464,305,person,1065.32,372.93,121.21,253.98
1464,290,person,794.65,395.03,90.31,203.68
1464,317,person,1167.14,445.52,108.76,272.78
1464,280,person,1136.53,445.23,165.19,278.92
1465,275,person,251.0,551.96,216.36,228.68
1465,305,person,1065.15,373.68,121.25,253.51
1465,290,person,795.51,392.07,93.39,208.25
1465,317,person,1166.39,445.38,109.08,273.05
1465,280,person,1132.76,444.37,168.71,281.38
1466,275,person,251.01,551.58,216.23,228.73
1466,305,person,1065.35,373.54,121.18,252.93
1466,290,person,805.77,390.75,93.72,210.73
1466,317,person,1165.69,445.08,109.25,272.85
1466,280,person,1135.18,444.33,167.74,278.92
1467,275,person,251.17,551.61,215.78,228.39
1467,305,person,1065.3,373.46,121.37,252.93
1467,290,person,809.92,390.06,94.3,215.15
1467,317,person,1164.89,444.84,109.53,272.82
1467,280,person,1134.17,444.27,168.8,279.24
1468,275,person,251.46,551.84,215.17,227.84
1468,305,person,1064.93,373.35,121.64,253.18
1468,290,person,812.38,391.89,93.23,215.01
1468,317,person,1163.94,444.92,109.66,272.3
1468,280,person,1137.84,443.14,166.43,276.14
1469,275,person,251.93,552.4,214.41,227.08
1469,305,person,1064.68,373.63,121.67,252.81
1469,290,person,815.53,386.25,95.15,224.06
1469,317,person,1163.5,444.98,110.08,272.7
1469,280,person,1133.09,444.42,169.53,279.44
1470,275,person,252.83,553.24,213.76,226.32
1470,305,person,1064.35,374.15,121.81,252.27
1470,290,person,818.55,385.66,94.71,227.11
1470,317,person,1163.6,445.27,110.53,273.13
1470,280,person,1132.0,444.48,171.07,280.49
