frame,object_id,class,x,y,width,height,center_x,center_y,area
1,388,person,1098.88,222.7,111.87,305.34,1098.88,222.7,34159.29
1,389,pallet,667.45,409.23,643.34,243.08,667.45,409.23,156383.02
2,388,person,1094.35,222.32,112.3,305.58,1094.35,222.32,34315.49
2,389,pallet,667.64,407.89,645.73,243.94,667.64,407.89,157517.11
3,388,person,1080.28,225.55,114.7,309.16,1080.28,225.55,35460.42
3,389,pallet,664.89,403.04,652.62,246.54,664.89,403.04,160898.41
3,393,carton,715.61,254.77,349.18,226.64,715.61,254.77,79137.5
4,388,person,1071.7,227.82,117.47,312.61,1071.7,227.82,36721.89
4,389,pallet,661.48,401.09,654.21,247.15,661.48,401.09,161686.38
4,393,carton,713.13,252.32,351.89,228.53,713.13,252.32,80418.0
5,388,person,1065.09,229.86,119.45,312.24,1065.09,229.86,37296.78
5,389,pallet,657.98,401.18,656.18,247.95,657.98,401.18,162698.44
5,393,carton,711.47,252.53,351.75,228.65,711.47,252.53,80425.99
6,388,person,1061.35,232.33,123.55,316.56,1061.35,232.33,39109.76
6,389,pallet,654.29,400.32,658.86,249.14,654.29,400.32,164147.05
6,393,carton,708.38,252.42,352.25,229.17,708.38,252.42,80725.38
7,388,person,1059.66,237.66,126.47,317.55,1059.66,237.66,40160.88
7,389,pallet,650.67,400.15,657.99,248.91,650.67,400.15,163776.52
7,393,carton,704.84,251.97,355.18,231.51,704.84,251.97,82227.65
8,388,person,1058.75,238.54,126.85,312.35,1058.75,238.54,39622.93
8,389,pallet,647.54,400.03,652.65,246.94,647.54,400.03,161168.28
8,393,carton,700.38,251.55,348.77,227.37,700.38,251.55,79300.3
9,388,person,1064.68,239.77,125.62,305.74,1064.68,239.77,38407.47
9,389,pallet,644.42,400.25,647.42,244.95,644.42,400.25,158582.95
9,393,carton,696.11,253.32,341.05,221.98,696.11,253.32,75705.7
10,388,person,1069.62,240.36,124.15,298.77,1069.62,240.36,37091.65
10,389,pallet,643.13,401.58,646.16,244.37,643.13,401.58,157906.12
10,393,carton,692.33,254.95,339.78,220.74,692.33,254.95,75003.87
11,388,person,1070.71,241.92,125.88,298.55,1070.71,241.92,37580.1
11,389,pallet,641.31,401.46,640.32,241.71,641.31,401.46,154768.98
11,393,carton,688.04,253.15,340.74,221.6,688.04,253.15,75507.11
12,388,person,1066.76,243.85,129.42,302.0,1066.76,243.85,39085.76
12,389,pallet,635.22,400.67,646.53,244.06,635.22,400.67,157790.42
12,393,carton,683.64,252.95,337.59,219.44,683.64,252.95,74081.55
13,388,person,1063.42,246.38,133.32,307.01,1063.42,246.38,40929.93
13,389,pallet,630.68,399.05,644.8,243.37,630.68,399.05,156925.8
13,393,carton,679.77,251.26,337.28,219.22,679.77,251.26,73940.21
14,388,person,1059.18,244.35,134.65,304.7,1059.18,244.35,41026.44
14,389,pallet,627.55,399.31,637.18,240.32,627.55,399.31,153126.23
14,393,carton,675.87,250.49,334.34,216.94,675.87,250.49,72531.92
15,388,person,1054.94,243.1,137.08,304.15,1054.94,243.1,41694.01
15,389,pallet,623.71,398.55,634.31,238.99,623.71,398.55,151592.94
15,393,carton,671.87,246.03,338.25,219.48,671.87,246.03,74237.35
16,388,person,1048.1,240.64,140.89,304.79,1048.1,240.64,42941.11
16,389,pallet,618.46,397.31,633.08,237.99,618.46,397.31,150665.92
16,393,carton,669.36,239.64,345.86,225.0,669.36,239.64,77817.44
17,388,person,1035.44,245.12,149.94,313.04,1035.44,245.12,46937.98
17,389,pallet,614.77,396.3,636.09,238.91,614.77,396.3,151967.39
17,393,carton,668.83,236.95,347.88,227.06,668.83,236.95,78987.41
18,388,person,1029.22,248.91,158.37,319.96,1029.22,248.91,50671.92
18,389,pallet,617.05,396.6,637.56,239.45,617.05,396.6,152664.17
18,393,carton,671.2,239.9,344.28,225.08,671.2,239.9,77489.24
19,388,person,1019.6,256.37,165.92,321.1,1019.6,256.37,53275.93
19,389,pallet,621.6,397.79,633.8,237.89,621.6,397.79,150772.48
19,393,carton,674.08,244.31,337.5,220.48,674.08,244.31,74411.86
20,388,person,1015.96,259.1,172.55,321.47,1015.96,259.1,55471.18
20,389,pallet,623.21,398.28,632.16,237.06,623.21,398.28,149861.8
20,393,carton,675.22,245.92,335.95,219.39,675.22,245.92,73704.27
21,388,person,1023.3,264.11,172.55,315.12,1023.3,264.11,54374.64
21,393,carton,678.7,247.59,335.3,219.09,678.7,247.59,73460.92
22,388,person,1026.51,265.83,174.11,312.4,1026.51,265.83,54391.38
22,393,carton,680.05,248.43,335.03,219.05,680.05,248.43,73389.92
23,388,person,1024.69,269.82,174.86,311.29,1024.69,269.82,54432.89
23,393,carton,683.67,251.14,336.98,220.68,683.67,251.14,74364.71
24,388,person,1021.24,272.49,176.49,311.0,1021.24,272.49,54888.2
24,393,carton,685.45,253.86,334.79,218.41,685.45,253.86,73121.22
25,388,person,1019.23,270.89,174.58,305.71,1019.23,270.89,53370.18
25,393,carton,687.74,254.11,335.53,218.24,687.74,254.11,73227.93
26,388,person,1018.58,270.05,174.31,303.47,1018.58,270.05,52895.78
26,393,carton,688.57,253.86,338.26,219.63,688.57,253.86,74291.96
27,388,person,1008.07,269.42,175.68,303.9,1008.07,269.42,53390.63
27,393,carton,689.37,252.54,341.67,221.65,689.37,252.54,75730.89
28,388,person,998.35,269.63,176.88,304.89,998.35,269.63,53927.01
28,393,carton,688.9,252.57,344.51,223.52,688.9,252.57,77005.87
29,388,person,992.22,269.86,177.72,305.46,992.22,269.86,54285.35
29,393,carton,689.17,252.59,343.71,223.58,689.17,252.59,76847.22
30,388,person,986.77,271.21,176.65,304.11,986.77,271.21,53721.23
30,393,carton,689.29,250.35,346.71,226.41,689.29,250.35,78499.3
31,388,person,983.71,266.33,169.33,291.87,983.71,266.33,49423.12
31,393,carton,688.19,248.38,342.34,223.83,688.19,248.38,76626.18
32,388,person,980.92,273.99,174.07,305.36,980.92,273.99,53152.75
32,393,carton,687.43,247.48,346.53,227.67,687.43,247.48,78892.95
32,397,person,1248.18,114.91,60.23,154.1,1248.18,114.91,9280.72
33,388,person,974.33,279.76,177.76,316.83,974.33,279.76,56320.02
33,393,carton,686.36,244.3,346.37,228.39,686.36,244.3,79107.2
33,397,person,1247.55,111.98,59.85,152.86,1247.55,111.98,9149.11
34,388,person,968.85,282.25,177.31,321.74,968.85,282.25,57048.55
34,393,carton,684.37,241.73,349.37,231.01,684.37,241.73,80707.98
34,397,person,1247.63,107.7,56.0,142.27,1247.63,107.7,7966.88
35,388,person,961.8,286.51,176.82,327.32,961.8,286.51,57877.71
35,393,carton,682.53,238.73,349.14,231.54,682.53,238.73,80840.91
35,397,person,1235.99,104.31,58.68,145.78,1235.99,104.31,8553.66
36,388,person,957.08,287.61,172.26,325.72,957.08,287.61,56108.32
36,393,carton,681.2,236.5,348.93,232.09,681.2,236.5,80984.45
36,397,person,1228.07,101.19,61.53,147.88,1228.07,101.19,9099.42
37,388,person,950.66,290.11,170.6,328.79,950.66,290.11,56091.39
37,393,carton,680.2,235.61,346.73,231.16,680.2,235.61,80151.12
37,397,person,1219.67,99.5,64.39,147.5,1219.67,99.5,9497.25
38,388,person,945.25,288.91,166.5,326.51,945.25,288.91,54363.61
38,393,carton,679.19,234.69,350.64,234.74,679.19,234.69,82309.71
38,397,person,1214.78,97.04,68.16,147.59,1214.78,97.04,10060.67
39,388,person,938.0,285.75,160.79,317.95,938.0,285.75,51121.76
39,393,carton,677.72,236.81,345.95,231.96,677.72,236.81,80249.27
40,388,person,936.47,284.14,156.95,314.26,936.47,284.14,49321.66
40,393,carton,677.96,236.74,340.96,228.55,677.96,236.74,77926.05
41,388,person,934.13,294.98,163.98,334.51,934.13,294.98,54853.23
41,393,carton,678.16,236.61,341.6,229.15,678.16,236.61,78277.2
42,388,person,932.98,298.07,163.36,339.02,932.98,298.07,55382.66
42,393,carton,678.05,236.15,343.25,230.66,678.05,236.15,79174.96
43,388,person,931.64,289.32,153.62,321.67,931.64,289.32,49414.68
43,393,carton,676.35,235.37,342.93,230.61,676.35,235.37,79083.63
44,388,person,931.51,283.18,146.48,309.73,931.51,283.18,45369.94
44,393,carton,674.97,234.89,337.86,226.91,674.97,234.89,76664.79
44,397,person,1184.47,95.3,69.41,141.66,1184.47,95.3,9833.18
45,388,person,931.35,281.84,143.73,307.96,931.35,281.84,44263.43
45,393,carton,673.14,233.21,341.27,229.37,673.14,233.21,78276.89
45,397,person,1177.58,94.7,70.51,140.09,1177.58,94.7,9877.47
46,388,person,931.0,281.16,141.63,307.87,931.0,281.16,43605.62
46,393,carton,671.7,233.59,336.96,226.07,671.7,233.59,76174.94
46,397,person,1173.01,94.18,71.36,138.0,1173.01,94.18,9847.26
46,403,person,930.94,227.1,128.67,196.73,930.94,227.1,25313.56
47,388,person,930.8,280.27,138.83,305.26,930.8,280.27,42377.82
47,393,carton,670.09,234.66,336.01,225.14,670.09,234.66,75649.39
47,397,person,1171.79,94.09,73.12,136.67,1171.79,94.09,9993.38
47,403,person,931.03,227.6,128.21,196.06,931.03,227.6,25136.08
48,388,person,930.21,278.61,136.92,302.79,930.21,278.61,41457.01
48,393,carton,668.51,234.2,339.52,227.5,668.51,234.2,77239.7
48,397,person,1167.77,93.32,74.05,135.91,1167.77,93.32,10064.62
49,388,person,932.59,275.24,133.91,297.33,932.59,275.24,39813.92
49,393,carton,667.84,232.41,344.9,231.63,667.84,232.41,79889.23
49,397,person,1166.46,93.69,75.46,136.56,1166.46,93.69,10304.65
50,388,person,933.58,273.84,132.46,295.2,933.58,273.84,39102.12
50,393,carton,667.7,231.9,346.31,233.04,667.7,231.9,80702.65
50,397,person,1166.08,93.88,76.61,136.98,1166.08,93.88,10494.34
51,388,person,938.63,275.56,136.12,303.64,938.63,275.56,41332.4
51,393,carton,670.06,233.88,346.89,233.91,670.06,233.88,81142.45
51,397,person,1167.18,93.41,75.16,132.44,1167.18,93.41,9954.19
52,388,person,948.47,273.01,135.08,300.97,948.47,273.01,40654.74
52,393,carton,672.93,235.21,345.89,233.64,672.93,235.21,80814.3
53,388,person,952.32,272.11,134.86,300.16,952.32,272.11,40478.55
53,393,carton,674.02,235.82,344.8,233.22,674.02,235.82,80415.27
54,388,person,961.78,270.73,135.78,302.34,961.78,270.73,41051.49
54,393,carton,675.83,237.23,341.58,231.08,675.83,237.23,78933.06
55,388,person,969.98,271.23,136.61,305.13,969.98,271.23,41682.32
55,393,carton,677.64,238.45,338.47,228.8,677.64,238.45,77442.66
56,388,person,978.63,272.23,136.46,307.81,978.63,272.23,42005.49
56,393,carton,679.03,239.95,338.64,228.95,679.03,239.95,77531.77
57,388,person,983.38,277.36,138.97,317.04,983.38,277.36,44059.8
57,393,carton,679.69,240.89,339.89,230.06,679.69,240.89,78195.81
58,388,person,986.96,283.39,141.96,327.28,986.96,283.39,46462.3
58,393,carton,680.42,242.67,340.17,230.44,680.42,242.67,78391.52
59,388,person,989.18,286.21,142.34,331.29,989.18,286.21,47156.82
59,393,carton,681.5,244.06,340.32,230.73,681.5,244.06,78521.68
59,405,person,989.12,234.97,128.49,228.07,989.12,234.97,29303.45
60,388,person,991.02,287.03,142.17,333.66,991.02,287.03,47437.33
60,393,carton,682.58,244.86,340.64,231.08,682.58,244.86,78716.27
60,405,person,990.79,226.24,119.9,212.43,990.79,226.24,25470.42
60,407,person,182.41,357.51,331.8,486.33,182.41,357.51,161361.16
61,388,person,992.21,285.73,140.83,332.93,992.21,285.73,46885.25
61,393,carton,684.03,243.79,342.87,233.29,684.03,243.79,79989.65
61,407,person,181.67,327.11,363.34,536.95,181.67,327.11,195094.28
62,388,person,993.03,284.92,140.62,334.96,993.03,284.92,47102.77
62,393,carton,685.08,242.1,341.04,232.38,685.08,242.1,79249.39
63,388,person,993.74,285.14,140.6,337.38,993.74,285.14,47437.47
63,393,carton,686.21,242.32,338.29,230.55,686.21,242.32,77992.77
63,407,person,185.13,318.22,370.27,552.83,185.13,318.22,204693.23
64,388,person,994.18,284.18,138.58,334.63,994.18,284.18,46372.8
64,393,carton,687.14,243.61,337.48,229.95,687.14,243.61,77601.17
64,405,person,994.14,231.85,128.88,228.59,994.14,231.85,29461.34
65,388,person,994.91,283.93,136.72,331.85,994.91,283.93,45371.32
65,393,carton,688.37,244.79,338.13,230.28,688.37,244.79,77864.13
65,405,person,994.91,231.98,128.51,227.85,994.91,231.98,29282.26
66,388,person,994.67,284.44,135.92,331.18,994.67,284.44,45013.77
66,393,carton,689.97,248.04,333.27,226.19,689.97,248.04,75382.19
66,405,person,995.37,230.43,126.05,223.12,995.37,230.43,28123.42
67,388,person,994.69,287.21,136.94,334.9,994.69,287.21,45861.52
67,393,carton,690.98,249.63,330.1,222.88,690.98,249.63,73571.73
67,405,person,996.22,230.81,125.51,221.86,996.22,230.81,27845.26
68,388,person,994.78,292.04,138.96,341.4,994.78,292.04,47441.03
68,393,carton,693.41,250.58,331.99,223.58,693.41,250.58,74225.83
68,405,person,997.16,230.58,123.59,217.85,997.16,230.58,26923.54
69,388,person,995.1,295.6,139.64,343.78,995.1,295.6,48005.92
69,393,carton,696.83,252.94,332.97,223.96,696.83,252.94,74573.63
70,388,person,996.16,298.2,139.3,343.05,996.16,298.2,47788.33
70,393,carton,699.78,258.17,333.27,224.14,699.78,258.17,74697.6
71,388,person,996.27,300.47,139.78,344.53,996.27,300.47,48160.07
71,393,carton,701.58,259.94,336.57,226.51,701.58,259.94,76237.02
72,388,person,996.76,300.53,140.03,345.45,996.76,300.53,48373.71
72,393,carton,702.77,258.05,340.16,229.27,702.77,258.05,77988.79
73,388,person,996.67,298.35,140.07,345.88,996.67,298.35,48447.23
73,393,carton,703.16,255.39,341.24,230.48,703.16,255.39,78649.65
74,388,person,996.66,296.68,140.65,347.87,996.66,296.68,48927.61
74,393,carton,703.07,251.72,343.45,232.33,703.07,251.72,79794.27
75,388,person,996.06,295.36,140.32,347.92,996.06,295.36,48819.36
75,393,carton,702.5,254.0,336.95,227.6,702.5,254.0,76689.74
76,388,person,995.85,294.99,140.1,348.28,995.85,294.99,48792.73
76,393,carton,702.02,254.42,335.8,226.61,702.02,254.42,76095.54
77,388,person,995.64,293.77,138.91,346.96,995.64,293.77,48197.59
77,393,carton,701.08,253.55,336.72,227.2,701.08,253.55,76504.54
78,388,person,996.18,290.82,136.88,343.14,996.18,290.82,46969.51
78,393,carton,701.57,252.43,339.1,228.94,701.57,252.43,77633.48
79,388,person,996.99,286.85,135.03,339.37,996.99,286.85,45824.69
79,393,carton,700.69,248.39,337.9,228.05,700.69,248.39,77058.91
79,412,person,1171.92,111.14,89.2,142.4,1171.92,111.14,12702.33
80,388,person,997.91,282.0,133.02,334.39,997.91,282.0,44480.11
80,393,carton,701.32,243.14,337.8,228.02,701.32,243.14,77025.62
80,412,person,1172.05,105.82,89.2,142.49,1172.05,105.82,12710.69
81,388,person,998.47,278.73,132.85,333.85,998.47,278.73,44351.34
81,393,carton,701.54,239.33,341.2,230.72,701.54,239.33,78721.7
81,412,person,1170.84,100.99,89.94,143.9,1170.84,100.99,12941.48
82,388,person,999.19,275.21,132.11,331.58,999.19,275.21,43805.62
82,393,carton,702.11,239.28,338.54,228.93,702.11,239.28,77500.36
82,412,person,1170.74,98.52,89.83,143.99,1170.74,98.52,12935.5
82,414,person,1161.58,97.45,52.0,139.11,1161.58,97.45,7233.25
83,388,person,999.74,273.57,132.1,331.35,999.74,273.57,43771.69
83,393,carton,702.37,238.68,338.78,229.09,702.37,238.68,77611.3
83,412,person,1170.3,98.04,89.92,144.37,1170.3,98.04,12982.26
83,414,person,1163.01,96.55,51.65,137.9,1163.01,96.55,7122.27
84,388,person,999.72,273.77,132.51,332.33,999.72,273.77,44035.33
84,393,carton,702.39,238.97,339.68,229.77,702.39,238.97,78046.52
84,412,person,1169.65,98.58,90.72,145.91,1169.65,98.58,13236.3
84,414,person,1162.46,97.92,52.53,139.61,1162.46,97.92,7333.18
85,388,person,999.71,273.95,132.69,332.77,999.71,273.95,44153.77
85,393,carton,702.48,239.18,341.1,230.93,702.48,239.18,78768.46
85,412,person,1169.23,98.83,90.69,146.14,1169.23,98.83,13252.62
85,414,person,1162.43,98.41,52.84,139.58,1162.43,98.41,7375.07
86,388,person,999.98,275.86,133.49,334.81,999.98,275.86,44695.93
86,393,carton,702.28,238.71,341.11,231.12,702.28,238.71,78838.02
86,412,person,1171.02,101.66,93.27,150.74,1171.02,101.66,14059.87
87,388,person,1000.18,279.47,134.6,336.91,1000.18,279.47,45349.63
87,393,carton,702.43,241.55,345.11,234.4,702.43,241.55,80894.99
87,412,person,1167.75,108.28,96.48,155.91,1167.75,108.28,15042.69
88,388,person,999.51,282.21,135.7,338.95,999.51,282.21,45995.34
88,393,carton,701.34,244.87,343.98,233.71,701.34,244.87,80390.94
88,412,person,1164.98,111.87,97.07,156.42,1164.98,111.87,15183.47
89,388,person,999.26,283.31,136.39,340.06,999.26,283.31,46379.53
89,393,carton,700.89,245.91,343.82,233.7,700.89,245.91,80348.99
89,412,person,1163.6,113.09,97.2,156.23,1163.6,113.09,15185.0
90,388,person,999.85,287.49,138.08,344.45,999.85,287.49,47563.61
90,393,carton,700.62,249.43,340.43,231.17,700.62,249.43,78696.53
90,412,person,1163.4,116.37,96.94,155.57,1163.4,116.37,15081.16
91,388,person,1000.15,289.38,138.85,346.66,1000.15,289.38,48133.27
91,393,carton,700.37,250.63,339.59,230.4,700.37,250.63,78240.84
91,412,person,1163.51,117.8,97.3,155.86,1163.51,117.8,15164.98
92,388,person,999.54,290.21,138.37,345.2,999.54,290.21,47765.74
92,393,carton,698.48,250.58,336.92,227.96,698.48,250.58,76806.07
92,412,person,1154.58,118.77,94.39,154.01,1154.58,118.77,14537.58
93,388,person,998.64,288.39,137.45,342.51,998.64,288.39,47076.96
93,393,carton,698.08,247.87,335.71,226.68,698.08,247.87,76098.11
93,412,person,1147.44,117.73,92.77,154.38,1147.44,117.73,14322.34
93,405,person,1001.56,234.66,133.2,236.65,1001.56,234.66,31523.0
94,388,person,998.37,287.51,137.08,341.27,998.37,287.51,46781.52
94,393,carton,697.8,246.57,335.7,226.23,697.8,246.57,75944.85
94,412,person,1144.94,117.29,91.27,154.74,1144.94,117.29,14123.28
94,405,person,1001.58,236.88,134.5,241.42,1001.58,236.88,32470.42
95,388,person,997.36,285.55,136.5,338.74,997.36,285.55,46238.98
95,393,carton,696.7,243.03,341.42,230.23,696.7,243.03,78605.37
95,412,person,1141.85,117.05,91.79,157.94,1141.85,117.05,14497.65
95,405,person,1000.14,233.65,132.43,236.39,1000.14,233.65,31305.89
96,388,person,998.91,281.65,135.39,335.73,998.91,281.65,45454.9
96,393,carton,697.16,238.98,341.78,230.43,697.16,238.98,78758.66
96,412,person,1134.96,109.99,89.09,152.19,1134.96,109.99,13559.34
96,405,person,1001.47,225.9,127.89,226.95,1001.47,225.9,29024.14
97,388,person,999.18,277.64,133.96,331.27,999.18,277.64,44377.45
97,393,carton,696.87,238.27,335.09,225.02,696.87,238.27,75402.02
97,412,person,1132.12,108.51,92.16,155.06,1132.12,108.51,14291.0
98,388,person,999.21,276.21,133.73,329.85,999.21,276.21,44110.85
98,393,carton,696.75,237.81,333.63,223.3,696.75,237.81,74497.02
98,412,person,1131.27,107.98,94.29,156.49,1131.27,107.98,14755.29
99,388,person,999.13,274.65,133.81,329.12,999.13,274.65,44040.09
99,393,carton,697.8,237.71,334.74,223.77,697.8,237.71,74903.12
99,412,person,1127.98,108.74,95.7,158.06,1127.98,108.74,15126.32
100,388,person,999.06,274.16,134.16,329.23,999.06,274.16,44169.61
100,393,carton,698.33,237.74,335.5,224.03,698.33,237.74,75163.01
100,412,person,1126.68,109.05,96.38,158.54,1126.68,109.05,15279.47
101,388,person,996.83,271.25,133.07,326.25,996.83,271.25,43414.52
101,412,person,1130.81,105.38,101.93,162.52,1130.81,105.38,16565.61
102,388,person,995.62,270.44,133.63,327.9,995.62,270.44,43815.95
102,412,person,1126.39,103.66,102.92,163.07,1126.39,103.66,16782.82
103,388,person,994.64,268.66,133.85,328.21,994.64,268.66,43932.39
103,412,person,1127.38,104.29,105.15,166.94,1127.38,104.29,17553.77
104,388,person,994.8,267.41,133.75,327.88,994.8,267.41,43854.95
104,412,person,1132.39,104.94,107.37,168.74,1132.39,104.94,18116.93
105,388,person,994.73,266.61,133.6,327.43,994.73,266.61,43745.96
105,412,person,1133.52,106.07,108.94,170.35,1133.52,106.07,18557.49
105,393,carton,702.15,228.08,344.16,230.14,702.15,228.08,79203.69
106,388,person,994.9,268.07,135.04,331.31,994.9,268.07,44738.48
106,412,person,1141.49,106.29,114.64,174.62,1141.49,106.29,20017.53
107,388,person,994.98,268.95,135.72,333.38,994.98,268.95,45246.29
107,412,person,1143.5,106.12,117.94,175.87,1143.5,106.12,20742.12
108,388,person,994.95,267.18,135.32,332.56,994.95,267.18,45001.03
108,412,person,1147.33,109.41,124.02,182.65,1147.33,109.41,22651.99
108,393,carton,706.04,224.44,341.13,228.23,706.04,224.44,77853.83
109,388,person,994.87,266.65,135.2,332.39,994.87,266.65,44939.94
109,412,person,1148.81,110.5,126.87,184.71,1148.81,110.5,23435.47
110,388,person,996.34,265.8,137.21,337.34,996.34,265.8,46286.46
110,412,person,1151.06,103.36,119.0,170.36,1151.06,103.36,20272.79
110,393,carton,708.58,222.01,342.66,229.84,708.58,222.01,78758.51
111,388,person,997.1,265.93,138.12,339.73,997.1,265.93,46924.55
111,412,person,1155.09,101.03,119.36,168.12,1155.09,101.03,20066.72
111,393,carton,709.14,220.61,342.02,229.78,709.14,220.61,78590.77
111,405,person,997.44,205.1,127.99,223.84,997.44,205.1,28648.62
112,388,person,997.67,263.9,137.39,337.42,997.67,263.9,46357.58
112,412,person,1156.75,100.6,120.25,166.85,1156.75,100.6,20063.52
112,393,carton,709.87,220.78,338.01,227.0,709.87,220.78,76727.1
113,388,person,998.2,261.45,136.6,334.88,998.2,261.45,45744.45
113,412,person,1158.97,107.61,132.41,182.83,1158.97,107.61,24209.58
113,393,carton,710.38,220.16,337.55,226.66,710.38,220.16,76508.2
113,420,person,1133.63,108.99,95.04,171.85,1133.63,108.99,16333.51
114,388,person,998.95,259.92,136.33,333.44,998.95,259.92,45458.9
114,412,person,1160.87,109.65,137.48,187.71,1160.87,109.65,25806.57
114,393,carton,710.21,220.58,338.68,227.52,710.21,220.58,77055.48
115,388,person,999.39,258.42,135.96,331.92,999.39,258.42,45127.38
115,412,person,1163.74,109.97,140.15,188.04,1163.74,109.97,26352.94
115,393,carton,709.86,220.93,340.05,228.61,709.86,220.93,77738.16
116,388,person,1000.32,256.51,136.04,331.61,1000.32,256.51,45111.71
116,412,person,1160.39,110.62,137.77,182.35,1160.39,110.62,25122.31
116,393,carton,710.19,220.33,341.64,230.1,710.19,220.33,78609.34
116,405,person,1000.85,203.02,131.36,228.34,1000.85,203.02,29994.9
117,388,person,1000.96,254.24,135.88,330.59,1000.96,254.24,44919.64
117,393,carton,709.85,219.46,336.63,226.52,709.85,219.46,76254.24
117,405,person,1001.52,202.15,131.9,228.25,1001.52,202.15,30105.1
118,388,person,1000.84,252.92,135.92,330.04,1000.84,252.92,44859.47
118,393,carton,709.15,218.42,332.35,223.16,709.15,218.42,74166.59
118,405,person,1001.33,201.16,131.97,227.3,1001.33,201.16,29996.83
118,412,person,1172.22,114.7,150.12,191.37,1172.22,114.7,28728.89
119,388,person,1000.01,252.66,135.99,329.91,1000.01,252.66,44865.83
119,393,carton,709.18,217.82,332.64,223.15,709.18,217.82,74228.17
119,405,person,1000.72,200.39,131.61,226.0,1000.72,200.39,29744.37
119,412,person,1173.56,112.15,152.76,188.29,1173.56,112.15,28763.18
120,388,person,998.98,253.61,136.06,329.82,998.98,253.61,44876.14
120,405,person,999.63,201.06,131.91,226.21,999.63,201.06,29840.89
120,412,person,1174.91,110.03,155.51,185.38,1174.91,110.03,28828.11
121,388,person,997.55,254.03,135.74,328.82,997.55,254.03,44633.62
121,405,person,998.45,201.42,131.93,225.95,998.45,201.42,29810.48
121,412,person,1180.23,113.62,161.28,189.8,1180.23,113.62,30611.75
121,393,carton,708.83,216.75,333.64,223.75,708.83,216.75,74650.42
122,388,person,997.03,253.62,135.41,327.66,997.03,253.62,44368.14
122,405,person,998.09,200.66,131.42,224.36,998.09,200.66,29485.8
122,412,person,1185.25,116.78,172.47,202.56,1185.25,116.78,34935.97
123,388,person,996.24,255.03,135.63,327.96,996.24,255.03,44483.0
123,405,person,997.41,201.55,131.89,224.87,997.41,201.55,29658.99
123,412,person,1186.33,120.23,180.33,211.96,1186.33,120.23,38222.59
124,388,person,995.14,258.94,136.25,329.33,995.14,258.94,44872.41
124,412,person,1186.74,122.19,181.34,212.36,1186.74,122.19,38511.12
125,388,person,996.24,262.39,135.74,327.35,996.24,262.39,44435.24
125,412,person,1184.55,123.12,181.5,213.24,1184.55,123.12,38704.06
125,405,person,998.14,205.69,130.77,222.16,998.14,205.69,29052.42
126,388,person,997.36,264.37,134.71,324.34,997.36,264.37,43691.21
126,412,person,1187.38,124.73,183.65,215.84,1187.38,124.73,39638.26
126,405,person,998.66,209.6,131.55,223.37,998.66,209.6,29384.16
127,388,person,999.65,264.89,133.88,321.43,999.65,264.89,43032.53
127,412,person,1188.6,126.72,182.79,217.1,1188.6,126.72,39683.2
127,405,person,1000.54,212.66,132.55,224.74,1000.54,212.66,29790.2
128,388,person,1001.85,267.18,134.49,321.8,1001.85,267.18,43277.07
128,412,person,1190.19,130.05,179.62,219.14,1190.19,130.05,39361.52
129,388,person,1004.17,268.04,134.92,321.74,1004.17,268.04,43409.59
129,412,person,1194.3,134.01,171.39,218.27,1194.3,134.01,37409.79
130,388,person,1007.28,268.93,135.7,322.69,1007.28,268.93,43789.22
130,412,person,1199.15,136.56,161.71,216.06,1199.15,136.56,34938.58
130,405,person,1011.87,225.41,139.83,240.04,1011.87,225.41,33564.77
131,388,person,1010.17,269.87,137.17,325.21,1010.17,269.87,44607.66
131,412,person,1202.04,137.84,155.93,215.15,1202.04,137.84,33548.52
131,405,person,1017.07,222.35,135.02,233.29,1017.07,222.35,31498.71
132,388,person,1011.92,270.48,138.16,326.93,1011.92,270.48,45168.62
132,412,person,1203.86,137.86,152.27,217.35,1203.86,137.86,33095.77
132,405,person,1019.71,220.87,132.74,230.85,1019.71,220.87,30643.7
133,388,person,1012.78,271.48,139.21,328.93,1012.78,271.48,45789.76
133,412,person,1205.41,136.25,149.19,218.9,1205.41,136.25,32656.53
133,405,person,1020.85,221.48,132.34,231.51,1020.85,221.48,30638.29
134,388,person,1014.68,271.73,139.45,329.34,1014.68,271.73,45927.53
134,412,person,1206.06,134.6,147.88,222.41,1206.06,134.6,32890.23
134,405,person,1022.03,222.07,132.06,232.1,1022.03,222.07,30650.78
135,388,person,1015.28,272.31,139.19,329.06,1015.28,272.31,45800.86
135,412,person,1206.66,133.09,146.69,226.63,1206.66,133.09,33242.51
135,405,person,1021.53,223.14,131.79,232.71,1021.53,223.14,30669.43
136,388,person,1013.82,273.47,139.27,328.66,1013.82,273.47,45771.68
136,412,person,1208.86,134.23,142.29,225.09,1208.86,134.23,32027.14
136,405,person,1020.43,225.26,132.19,234.27,1020.43,225.26,30968.41
137,388,person,1014.16,273.01,137.82,325.53,1014.16,273.01,44864.3
137,412,person,1216.48,150.97,127.05,193.33,1216.48,150.97,24561.92
137,405,person,1018.63,226.2,131.48,233.3,1018.63,226.2,30673.5
138,388,person,1013.68,272.0,136.52,322.26,1013.68,272.0,43993.9
138,412,person,1220.92,154.91,118.16,178.13,1220.92,154.91,21047.98
138,405,person,1016.8,226.45,131.44,233.03,1016.8,226.45,30630.68
139,388,person,1010.69,270.8,135.62,318.67,1010.69,270.8,43217.07
139,412,person,1226.0,156.07,108.0,174.44,1226.0,156.07,18838.24
140,388,person,1006.08,270.32,135.03,315.35,1006.08,270.32,42582.48
141,388,person,999.81,271.05,135.84,313.29,999.81,271.05,42557.68
142,388,person,996.53,271.73,136.26,310.98,996.53,271.73,42375.33
143,388,person,993.52,267.84,132.69,298.3,993.52,267.84,39582.88
144,388,person,989.95,248.68,118.57,255.68,989.95,248.68,30317.34
145,388,person,988.18,242.65,114.83,239.49,988.18,242.65,27499.4
146,388,person,987.32,240.8,115.86,234.47,987.32,240.8,27164.45
147,388,person,985.59,263.59,136.15,275.6,985.59,263.59,37521.72
148,388,person,984.87,270.51,142.3,287.87,984.87,270.51,40963.13
149,388,person,987.56,251.98,126.78,251.95,987.56,251.98,31942.84
150,388,person,987.43,243.42,120.68,235.49,987.43,243.42,28420.21
151,388,person,980.15,240.5,121.56,230.23,980.15,240.5,27986.83
152,388,person,976.26,239.02,122.79,225.82,976.26,239.02,27728.82
153,388,person,973.52,238.85,125.83,225.76,973.52,238.85,28407.7
154,388,person,970.97,239.26,130.2,228.8,970.97,239.26,29789.29
155,388,person,969.18,238.65,132.57,228.89,969.18,238.65,30343.58
156,388,person,966.33,239.81,134.97,229.23,966.33,239.81,30937.6
157,388,person,964.37,241.17,135.97,227.72,964.37,241.17,30963.24
158,388,person,962.92,241.67,136.31,225.88,962.92,241.67,30789.97
159,388,person,962.7,266.85,163.83,276.33,962.7,266.85,45270.99
160,388,person,960.82,276.22,171.62,294.68,960.82,276.22,50573.92
161,388,person,959.93,281.58,174.85,306.33,959.93,281.58,53562.65
161,428,carton,715.67,230.15,333.09,223.72,715.67,230.15,74519.89
162,388,person,957.2,286.05,174.14,310.85,957.2,286.05,54131.17
162,428,carton,712.88,234.04,327.9,220.17,712.88,234.04,72192.76
163,388,person,955.42,287.32,170.48,310.12,955.42,287.32,52868.45
163,428,carton,710.77,234.27,332.58,223.39,710.77,234.27,74297.32
164,388,person,954.82,287.62,167.2,309.47,954.82,287.62,51744.38
164,428,carton,710.07,234.12,334.05,224.48,710.07,234.12,74989.33
164,431,person,877.28,235.55,294.99,394.65,877.28,235.55,116420.19
165,388,person,954.06,285.58,157.54,297.29,954.06,285.58,46836.62
165,428,carton,705.76,238.54,333.2,223.82,705.76,238.54,74577.09
165,431,person,898.43,269.78,238.95,319.59,898.43,269.78,76365.46
166,388,person,954.04,284.63,152.03,292.16,954.04,284.63,44416.72
166,428,carton,704.04,239.82,334.08,224.35,704.04,239.82,74950.6
166,431,person,905.07,280.68,221.0,295.45,905.07,280.68,65292.84
167,388,person,943.31,283.28,151.98,291.9,943.31,283.28,44364.32
167,428,carton,701.9,239.13,334.47,224.56,701.9,239.13,75109.33
167,431,person,908.53,279.83,213.97,286.3,908.53,279.83,61257.9
168,388,person,939.25,276.29,147.63,285.22,939.25,276.29,42106.52
168,428,carton,699.19,237.28,333.2,223.64,699.19,237.28,74517.19
168,431,person,907.88,271.31,201.32,269.3,907.88,271.31,54213.85
169,388,person,936.69,278.15,148.52,290.66,936.69,278.15,43169.29
169,428,carton,697.49,235.42,334.26,224.43,697.49,235.42,75016.1
170,388,person,931.01,281.48,151.41,300.23,931.01,281.48,45456.49
170,428,carton,694.59,233.31,335.9,225.59,694.59,233.31,75776.02
171,388,person,927.45,285.87,153.04,308.93,927.45,285.87,47276.6
171,428,carton,690.88,234.05,333.26,223.51,690.88,234.05,74486.3
172,388,person,916.18,287.39,153.56,311.44,916.18,287.39,47825.12
172,428,carton,690.46,233.25,330.16,221.12,690.46,233.25,73003.42
173,388,person,893.36,288.66,156.7,311.86,893.36,288.66,48868.78
173,428,carton,688.67,231.64,330.51,221.44,688.67,231.64,73187.92
173,437,person,248.84,331.4,230.16,387.74,248.84,331.4,89240.48
174,388,person,884.96,289.65,158.2,311.49,884.96,289.65,49278.35
174,428,carton,687.24,230.36,330.44,221.59,687.24,230.36,73221.36
174,437,person,247.75,330.72,231.84,390.81,247.75,330.72,90603.3
175,388,person,878.4,291.66,158.98,310.85,878.4,291.66,49419.13
175,428,carton,687.15,231.15,330.97,222.17,687.15,231.15,73531.15
175,437,person,248.97,334.13,236.3,398.67,248.97,334.13,94205.88
176,388,person,871.26,293.99,160.04,312.01,871.26,293.99,49934.09
176,428,carton,685.22,232.05,332.61,224.04,685.22,232.05,74516.68
176,437,person,250.64,338.11,238.76,403.38,250.64,338.11,96310.48
177,388,person,861.67,294.91,161.72,312.2,861.67,294.91,50489.76
177,428,carton,682.93,232.38,332.63,225.21,682.93,232.38,74910.41
178,388,person,858.94,297.37,161.09,311.69,858.94,297.37,50210.95
179,388,person,858.43,298.28,160.76,311.63,858.43,298.28,50096.66
180,388,person,842.24,296.65,159.03,309.6,842.24,296.65,49236.79
181,388,person,836.09,296.16,158.04,308.87,836.09,296.16,48814.35
182,388,person,827.6,297.02,159.77,313.54,827.6,297.02,50092.87
183,388,person,820.39,298.15,164.33,321.19,820.39,298.15,52782.11
184,388,person,804.93,299.3,165.24,324.58,804.93,299.3,53633.97
185,388,person,797.17,299.5,164.98,324.44,797.17,299.5,53525.2
185,439,person,240.13,270.49,179.69,250.14,240.13,270.49,44948.68
186,388,person,790.76,300.03,165.21,323.71,790.76,300.03,53480.26
186,439,person,241.45,270.37,179.69,250.18,241.45,270.37,44954.89
187,388,person,786.86,313.43,175.29,343.9,786.86,313.43,60283.7
187,439,person,241.76,269.02,179.22,249.56,241.76,269.02,44726.7
187,437,person,249.13,336.61,229.12,394.69,249.13,336.61,90430.77
188,388,person,781.86,320.44,177.44,346.95,781.86,320.44,61563.36
188,439,person,243.92,269.99,180.78,251.85,243.92,269.99,45529.45
188,437,person,254.45,336.3,226.49,394.65,254.45,336.3,89382.64
189,388,person,778.59,321.88,170.97,333.23,778.59,321.88,56970.75
189,437,person,260.22,332.76,224.1,392.27,260.22,332.76,87907.59
190,388,person,777.33,322.04,168.48,327.57,777.33,322.04,55190.05
190,437,person,261.73,330.61,221.84,389.96,261.73,330.61,86508.62
191,388,person,763.88,316.4,171.01,331.71,763.88,316.4,56726.14
192,388,person,758.38,312.88,172.11,332.85,758.38,312.88,57288.41
193,388,person,750.1,308.16,171.73,325.88,750.1,308.16,55964.21
194,388,person,741.0,306.1,173.79,322.44,741.0,306.1,56037.55
195,388,person,733.5,310.47,175.96,324.09,733.5,310.47,57027.57
195,437,person,303.82,317.93,225.65,397.76,303.82,317.93,89752.82
196,388,person,721.51,314.54,179.17,320.36,721.51,314.54,57398.96
196,437,person,308.09,319.62,220.17,389.26,308.09,319.62,85703.01
197,388,person,718.95,325.63,179.46,309.92,718.95,325.63,55616.74
197,437,person,315.6,323.08,218.37,383.62,315.6,323.08,83768.98
198,388,person,719.58,331.03,186.3,312.99,719.58,331.03,58308.57
198,437,person,310.08,334.63,220.77,393.86,310.08,334.63,86953.89
199,388,person,717.61,341.5,194.17,315.56,717.61,341.5,61271.56
199,437,person,317.47,343.83,219.67,393.4,317.47,343.83,86417.46
200,388,person,714.4,355.14,200.41,317.69,714.4,355.14,63666.75
200,437,person,323.23,353.43,217.57,389.71,323.23,353.43,84788.14
201,388,person,713.86,367.65,206.64,320.67,713.86,367.65,66264.36
202,388,person,716.72,381.03,217.04,332.18,716.72,381.03,72094.7
203,388,person,721.31,390.17,224.06,339.07,721.31,390.17,75971.48
204,388,person,726.34,397.89,226.97,340.47,726.34,397.89,77277.95
205,388,person,731.59,404.92,232.45,343.02,731.59,404.92,79734.88
205,446,person,763.17,411.4,185.85,326.9,763.17,411.4,60754.89
205,437,person,348.65,385.92,214.87,382.91,348.65,385.92,82275.48
206,446,person,767.41,414.91,190.77,335.49,767.41,414.91,64001.67
207,446,person,769.3,416.04,192.95,338.6,769.3,416.04,65334.68
207,437,person,354.89,397.44,206.61,365.69,354.89,397.44,75554.73
208,437,person,356.24,398.37,208.37,368.89,356.24,398.37,76866.95
208,388,person,747.57,421.59,234.86,341.72,747.57,421.59,80257.39
209,437,person,366.14,416.21,212.7,378.79,366.14,416.21,80569.14
209,388,person,760.25,432.88,233.05,337.81,760.25,432.88,78727.4
210,437,person,373.72,436.54,214.77,384.16,373.72,436.54,82506.95
210,446,person,796.91,449.32,191.01,336.16,796.91,449.32,64210.95
211,437,person,381.04,457.73,215.73,385.16,381.04,457.73,83092.66
211,446,person,814.28,464.64,188.33,332.03,814.28,464.64,62529.35
212,437,person,383.87,465.29,216.02,385.04,383.87,465.29,83175.41
212,446,person,820.07,469.26,187.06,330.46,820.07,469.26,61815.37
213,437,person,400.1,468.12,216.67,380.03,400.1,468.12,82342.11
213,446,person,868.46,463.51,191.54,334.36,868.46,463.51,64042.78
214,437,person,406.86,468.46,218.07,377.55,406.86,468.46,82333.66
214,446,person,885.44,461.09,194.51,335.6,885.44,461.09,65277.05
215,437,person,413.64,461.58,211.17,359.55,413.64,461.58,75926.51
215,446,person,906.58,457.57,199.21,341.3,906.58,457.57,67989.59
216,437,person,435.45,497.97,222.95,366.82,435.45,497.97,81783.66
216,446,person,933.29,455.02,206.29,355.12,933.29,455.02,73259.13
217,446,person,970.35,437.22,207.07,360.1,970.35,437.22,74566.56
218,446,person,983.97,430.39,206.24,362.12,983.97,430.39,74684.19
219,446,person,1052.69,393.02,194.16,342.64,1052.69,393.02,66526.19
220,446,person,1081.98,388.95,188.1,330.76,1081.98,388.95,62215.92
221,446,person,1085.99,403.68,184.15,319.6,1085.99,403.68,58853.45
222,446,person,1081.98,415.16,185.13,323.94,1081.98,415.16,59972.04
223,446,person,1071.09,402.31,178.54,311.06,1071.09,402.31,55535.96
223,455,carton,815.84,347.44,314.9,202.89,815.84,347.44,63890.3
224,446,person,1074.94,394.87,177.25,313.61,1074.94,394.87,55588.1
224,455,carton,805.31,346.14,309.4,199.26,805.31,346.14,61651.43
225,446,person,1070.94,380.08,169.69,306.17,1070.94,380.08,51955.06
225,455,carton,786.8,344.48,306.0,196.93,786.8,344.48,60259.85
226,446,person,1057.64,352.86,156.84,286.11,1057.64,352.86,44873.07
226,455,carton,760.08,326.65,308.93,198.86,760.08,326.65,61433.11
226,458,pallet,708.26,453.04,626.21,186.41,708.26,453.04,116734.41
227,446,person,1048.81,321.03,152.64,277.59,1048.81,321.03,42371.17
227,455,carton,740.3,297.09,313.69,202.1,740.3,297.09,63397.34
227,458,pallet,689.32,432.22,629.47,187.69,689.32,432.22,118144.57
227,459,person,1219.83,521.23,120.34,293.69,1219.83,521.23,35341.64
228,446,person,1056.01,282.82,153.46,274.82,1056.01,282.82,42173.62
228,455,carton,725.96,264.28,321.59,207.78,725.96,264.28,66821.81
228,458,pallet,678.09,399.68,681.32,204.1,678.09,399.68,139058.23
228,459,person,1214.32,503.47,120.05,266.28,1214.32,503.47,31967.18
229,446,person,1058.62,269.5,155.1,274.02,1058.62,269.5,42500.81
229,455,carton,721.24,254.29,322.98,209.39,721.24,254.29,67628.07
229,458,pallet,674.48,389.35,694.87,209.38,674.48,389.35,145490.69
229,459,person,1210.47,500.89,113.57,250.28,1210.47,500.89,28423.85
230,446,person,1061.75,250.48,153.4,271.11,1061.75,250.48,41589.95
230,455,carton,713.34,246.92,311.0,201.38,713.34,246.92,62630.72
230,458,pallet,666.42,380.07,685.03,207.6,666.42,380.07,142214.22
231,446,person,1030.26,234.64,152.32,271.19,1030.26,234.64,41306.39
231,455,carton,700.34,247.86,309.14,200.34,700.34,247.86,61931.33
232,446,person,1005.83,201.93,140.25,249.24,1005.83,201.93,34956.63
232,455,carton,690.88,238.07,316.91,206.28,690.88,238.07,65372.57
233,446,person,989.19,187.7,138.03,245.6,989.19,187.7,33901.17
233,455,carton,684.93,230.41,319.11,208.45,684.93,230.41,66519.6
233,463,person,1012.3,428.06,189.87,242.77,1012.3,428.06,46095.46
233,458,pallet,633.6,374.34,620.21,188.57,633.6,374.34,116954.51
234,446,person,979.34,178.74,129.85,230.62,979.34,178.74,29946.32
234,455,carton,684.0,233.79,320.55,210.28,684.0,233.79,67406.49
234,463,person,977.32,425.3,194.18,248.37,977.32,425.3,48227.18
234,458,pallet,631.07,381.22,637.16,195.59,631.07,381.22,124622.17
235,455,carton,687.92,238.96,311.8,204.4,687.92,238.96,63730.72
235,463,person,923.37,421.42,200.86,256.39,923.37,421.42,51498.51
235,465,person,1205.93,421.54,148.14,351.9,1205.93,421.54,52131.78
236,455,carton,688.3,233.81,318.07,209.43,688.3,233.81,66612.84
236,463,person,867.85,410.98,218.65,278.64,867.85,410.98,60923.0
237,455,carton,688.61,231.68,318.93,210.93,688.61,231.68,67272.63
237,463,person,845.21,400.73,233.52,298.74,845.21,400.73,69762.04
237,465,person,1216.73,425.28,126.54,319.24,1216.73,425.28,40395.08
238,455,carton,691.06,233.87,316.37,210.0,691.06,233.87,66438.2
238,463,person,848.68,392.76,243.96,313.83,848.68,392.76,76563.0
239,455,carton,691.03,232.95,323.93,216.62,691.03,232.95,70167.24
239,463,person,855.48,384.13,254.32,330.15,855.48,384.13,83963.01
240,455,carton,683.28,225.03,318.66,213.59,683.28,225.03,68062.2
240,463,person,851.61,373.74,269.42,354.92,851.61,373.74,95620.89
241,455,carton,680.48,223.17,314.92,211.39,680.48,223.17,66570.62
241,463,person,850.73,369.77,272.34,364.22,850.73,369.77,99190.87
242,463,person,851.42,327.57,255.23,348.17,851.42,327.57,88862.4
243,463,person,858.26,312.45,248.94,344.18,858.26,312.45,85679.2
244,463,person,876.23,304.73,247.67,346.36,876.23,304.73,85781.03
244,455,carton,675.35,216.6,298.56,199.21,675.35,216.6,59476.0
245,463,person,898.9,296.21,237.04,336.52,898.9,296.21,79768.54
245,455,carton,684.48,214.85,296.0,196.74,684.48,214.85,58236.05
246,463,person,907.87,296.72,237.71,340.63,907.87,296.72,80972.52
246,455,carton,692.42,215.3,293.77,194.46,692.42,215.3,57124.67
247,463,person,917.97,297.24,234.26,341.19,917.97,297.24,79925.86
247,455,carton,703.14,213.97,296.37,195.65,703.14,213.97,57983.58
248,463,person,914.86,294.21,226.48,334.37,914.86,294.21,75726.61
248,455,carton,713.41,209.94,299.24,197.35,713.41,209.94,59054.89
249,463,person,906.42,292.04,218.81,327.97,906.42,292.04,71761.3
249,455,carton,721.25,202.7,311.29,206.47,721.25,202.7,64270.8
250,463,person,900.73,297.38,217.43,333.09,900.73,297.38,72424.27
250,455,carton,725.78,203.55,309.13,206.68,725.78,203.55,63891.33
250,468,person,678.84,68.09,99.0,102.08,678.84,68.09,10106.09
251,463,person,866.72,297.94,216.55,330.0,866.72,297.94,71462.31
252,463,person,838.55,291.93,223.91,350.24,838.55,291.93,78423.12
252,470,person,1200.74,477.56,155.69,154.41,1200.74,477.56,24040.11
253,463,person,803.35,259.14,214.76,339.18,803.35,259.14,72842.51
254,463,person,755.3,259.27,208.34,334.11,755.3,259.27,69608.52
255,463,person,713.65,270.1,205.67,329.78,713.65,270.1,67826.8
255,476,person,515.04,122.12,163.6,184.17,515.04,122.12,30130.36
256,463,person,686.27,267.77,198.91,320.85,686.27,267.77,63820.0
256,476,person,523.39,128.21,151.79,171.13,523.39,128.21,25977.25
257,463,person,688.97,260.49,197.86,320.23,688.97,260.49,63361.09
257,476,person,542.7,133.21,139.33,156.53,542.7,133.21,21808.72
258,463,person,692.42,259.77,196.11,321.93,692.42,259.77,63133.38
258,476,person,547.97,144.69,125.68,139.21,547.97,144.69,17497.02
259,463,person,694.29,259.89,194.33,323.29,694.29,259.89,62823.8
259,476,person,548.9,147.75,123.71,134.85,548.9,147.75,16681.51
260,463,person,693.52,257.36,193.3,326.24,693.52,257.36,63063.74
261,463,person,695.47,256.86,190.44,326.06,695.47,256.86,62096.47
261,481,person,528.58,120.49,140.87,186.18,528.58,120.49,26226.29
262,463,person,695.15,254.3,188.99,328.13,695.15,254.3,62013.64
262,481,person,521.76,115.91,142.22,188.03,521.76,115.91,26741.32
263,463,person,694.19,253.2,186.46,328.49,694.19,253.2,61250.34
263,481,person,532.48,115.89,141.19,188.31,532.48,115.89,26587.71
264,463,person,699.01,249.26,182.63,327.3,699.01,249.26,59774.64
264,481,person,532.37,113.99,142.15,189.76,532.37,113.99,26974.0
265,463,person,701.19,248.01,179.72,327.15,701.19,248.01,58795.26
265,481,person,546.42,113.41,140.3,189.84,546.42,113.41,26634.15
265,484,carton,829.91,174.31,207.65,192.84,829.91,174.31,40043.75
266,463,person,702.51,251.69,178.68,331.25,702.51,251.69,59189.27
266,484,carton,834.7,178.57,207.3,192.75,834.7,178.57,39956.62
267,463,person,701.99,252.37,180.49,339.09,701.99,252.37,61200.86
267,484,carton,833.98,174.28,204.56,190.35,833.98,174.28,38939.34
267,481,person,541.15,90.31,103.92,140.0,541.15,90.31,14549.03
268,463,person,707.81,253.51,175.68,331.71,707.81,253.51,58275.14
268,484,carton,827.25,169.18,204.99,189.65,827.25,169.18,38877.3
268,481,person,532.94,105.79,123.28,168.73,532.94,105.79,20802.21
269,463,person,704.89,255.44,171.12,314.05,704.89,255.44,53740.02
269,481,person,512.99,104.88,125.71,171.34,512.99,104.88,21540.05
270,463,person,710.0,271.04,152.53,266.13,710.0,271.04,40593.74
270,481,person,487.53,102.64,126.42,169.02,487.53,102.64,21367.42
270,455,carton,792.16,153.5,303.82,201.66,792.16,153.5,61269.67
271,463,person,693.56,267.99,142.74,226.45,693.56,267.99,32324.04
271,455,carton,790.94,151.62,301.31,198.63,790.94,151.62,59849.15
272,455,carton,786.17,150.54,296.72,194.4,786.17,150.54,57682.46
272,481,person,452.19,107.15,137.14,175.65,452.19,107.15,24088.68
273,455,carton,782.85,147.36,290.43,187.85,782.85,147.36,54557.36
273,481,person,414.97,113.7,149.35,189.82,414.97,113.7,28348.24
274,455,carton,781.47,146.17,289.82,185.63,781.47,146.17,53800.03
274,481,person,401.7,115.79,154.11,194.39,401.7,115.79,29956.54
275,455,carton,780.48,149.45,307.42,198.3,780.48,149.45,60962.07
276,455,carton,778.51,149.31,307.57,198.96,778.51,149.31,61193.93
277,455,carton,777.33,151.65,308.74,200.48,777.33,151.65,61896.46
278,455,carton,773.93,155.58,302.58,196.35,773.93,155.58,59411.03
279,455,carton,772.36,156.9,300.04,194.65,772.36,156.9,58404.17
280,455,carton,773.0,160.35,305.58,198.82,773.0,160.35,60754.79
280,499,person,484.54,415.28,612.19,220.59,484.54,415.28,135040.25
281,455,carton,778.72,164.19,310.94,203.62,778.72,164.19,63314.12
281,499,person,513.31,390.93,758.1,276.4,513.31,390.93,209539.67
282,455,carton,782.86,162.46,308.98,203.1,782.86,162.46,62752.92
282,463,person,610.35,343.3,228.86,364.86,610.35,343.3,83501.93
283,455,carton,775.34,154.54,295.13,192.4,775.34,154.54,56782.61
283,463,person,646.66,336.24,230.75,384.95,646.66,336.24,88825.84
286,503,person,869.0,314.11,134.58,337.65,869.0,314.11,45439.65
286,504,carton,895.59,77.93,277.29,123.19,895.59,77.93,34159.97
287,503,person,941.21,318.34,149.42,369.45,941.21,318.34,55203.5
287,504,carton,905.55,73.45,260.66,115.68,905.55,73.45,30154.33
287,455,carton,774.84,161.85,317.71,208.55,774.84,161.85,66259.54
288,504,carton,909.79,73.93,263.05,116.69,909.79,73.93,30694.75
288,455,carton,777.03,164.9,313.15,206.34,777.03,164.9,64615.96
288,499,pallet,716.35,302.46,559.38,202.95,716.35,302.46,113525.65
289,504,carton,908.17,75.53,267.47,118.67,908.17,75.53,31741.62
289,455,carton,773.78,169.27,310.18,204.84,773.78,169.27,63536.86
289,505,person,1113.55,318.45,187.64,344.19,1113.55,318.45,64584.12
289,499,pallet,721.15,302.58,544.86,196.42,721.15,302.58,107020.42
290,504,carton,903.46,74.96,265.55,117.66,903.46,74.96,31245.79
290,455,carton,769.62,169.44,313.63,208.39,769.62,169.44,65358.5
290,499,pallet,717.57,296.93,547.69,196.36,717.57,296.93,107547.41
291,504,carton,899.59,75.21,267.55,118.49,899.59,75.21,31703.1
291,455,carton,766.29,170.6,312.04,208.22,766.29,170.6,64973.64
291,499,pallet,711.97,293.77,548.02,195.11,711.97,293.77,106921.98
291,508,person,1196.9,327.54,166.2,321.09,1196.9,327.54,53366.43
292,504,carton,897.55,73.97,262.94,116.05,897.55,73.97,30513.95
292,455,carton,763.22,170.36,309.64,207.42,763.22,170.36,64227.17
292,499,pallet,708.2,292.47,555.86,196.94,708.2,292.47,109470.09
292,508,person,1197.26,370.09,152.86,289.57,1197.26,370.09,44264.74
293,504,carton,889.56,77.27,275.06,121.5,889.56,77.27,33420.1
293,455,carton,760.09,173.88,311.54,209.63,760.09,173.88,65308.27
293,499,pallet,702.17,301.24,572.51,202.7,702.17,301.24,116045.65
294,504,carton,882.25,82.24,292.4,129.92,882.25,82.24,37988.93
294,455,carton,755.18,183.89,306.81,206.78,755.18,183.89,63442.16
294,499,pallet,694.11,312.81,587.06,207.87,694.11,312.81,122031.37
295,455,carton,754.88,191.02,306.1,206.77,754.88,191.02,63292.38
295,499,pallet,693.31,319.33,594.35,210.85,693.31,319.33,125320.07
295,511,person,383.84,144.21,140.09,191.93,383.84,144.21,26886.99
296,455,carton,756.28,192.28,302.7,204.45,756.28,192.28,61885.5
296,499,pallet,696.44,320.59,596.2,212.07,696.44,320.59,126438.02
297,455,carton,754.82,193.28,303.61,205.3,754.82,193.28,62331.6
297,499,pallet,696.87,322.56,599.5,213.87,696.87,322.56,128217.46
297,511,person,391.17,141.31,132.21,180.1,391.17,141.31,23811.11
298,455,carton,756.89,194.06,298.41,201.93,756.89,194.06,60258.39
298,499,pallet,696.92,322.23,597.0,213.38,696.92,322.23,127389.94
298,511,person,398.45,136.8,128.75,173.43,398.45,136.8,22328.18
299,455,carton,763.01,191.98,297.7,201.11,763.01,191.98,59871.61
299,499,pallet,702.35,320.35,587.07,209.63,702.35,320.35,123068.98
300,455,carton,765.1,195.42,301.79,204.08,765.1,195.42,61587.87
300,499,pallet,704.08,325.98,583.35,208.12,704.08,325.98,121407.82
301,455,carton,764.78,203.27,299.18,202.57,764.78,203.27,60604.8
301,499,pallet,706.04,333.05,583.87,208.26,706.04,333.05,121596.2
302,455,carton,764.25,208.15,293.86,198.59,764.25,208.15,58358.81
302,499,pallet,706.06,336.53,582.38,207.57,706.06,336.53,120884.84
303,455,carton,766.52,206.89,297.84,201.56,766.52,206.89,60033.28
303,499,pallet,706.24,334.58,582.44,207.14,706.24,334.58,120645.27
304,455,carton,767.5,210.34,294.51,199.2,767.5,210.34,58667.6
304,499,pallet,708.42,335.13,584.19,207.78,708.42,335.13,121380.79
305,455,carton,768.09,217.78,284.77,191.07,768.09,217.78,54411.68
305,499,pallet,706.72,341.93,566.66,200.66,706.72,341.93,113705.17
306,455,carton,765.94,219.98,284.85,190.09,765.94,219.98,54147.22
306,499,pallet,702.61,344.26,553.84,194.72,702.61,344.26,107844.88
307,455,carton,765.22,220.45,286.14,190.06,765.22,220.45,54384.68
307,499,pallet,701.18,345.3,551.62,192.76,701.18,345.3,106331.63
309,515,person,1211.04,411.24,130.06,275.92,1211.04,411.24,35885.78
309,516,person,983.09,482.48,247.29,130.92,983.09,482.48,32375.47
310,515,person,1214.93,410.34,130.14,277.91,1214.93,410.34,36167.29
311,499,pallet,733.19,334.77,587.0,205.61,733.19,334.77,120694.6
313,499,pallet,742.07,342.94,556.59,191.95,742.07,342.94,106836.62
314,522,person,949.18,91.1,98.26,92.62,949.18,91.1,9100.85
315,522,person,937.33,83.59,102.12,96.17,937.33,83.59,9820.13
316,522,person,934.79,80.51,100.63,94.83,934.79,80.51,9542.33
316,525,carton,884.75,224.93,307.43,201.68,884.75,224.93,62003.03
316,515,person,1185.63,407.78,137.44,282.86,1185.63,407.78,38877.17
317,525,carton,884.63,228.31,317.32,208.31,884.63,228.31,66099.56
317,515,person,1183.08,409.81,141.67,282.71,1183.08,409.81,40050.88
318,525,carton,885.57,232.7,314.81,206.76,885.57,232.7,65092.49
318,515,person,1186.12,411.32,145.4,283.94,1186.12,411.32,41284.98
319,525,carton,887.99,251.73,313.88,206.19,887.99,251.73,64717.43
319,515,person,1193.69,428.92,148.19,287.0,1193.69,428.92,42530.57
320,525,carton,891.72,272.13,311.57,204.79,891.72,272.13,63805.71
320,515,person,1202.58,452.0,144.29,279.04,1202.58,452.0,40262.08
321,525,carton,899.66,282.97,312.2,205.25,899.66,282.97,64078.02
321,515,person,1208.39,471.3,134.47,258.56,1208.39,471.3,34769.69
322,525,carton,904.76,281.77,316.24,208.1,904.76,281.77,65810.22
322,515,person,1210.05,476.91,130.37,248.77,1210.05,476.91,32432.72
323,525,carton,904.14,272.79,319.97,210.95,904.14,272.79,67497.3
323,515,person,1208.49,474.0,130.07,245.41,1208.49,474.0,31921.91
324,525,carton,891.87,272.08,310.49,204.57,891.87,272.08,63516.5
324,515,person,1205.12,469.06,138.75,259.99,1205.12,469.06,36074.42
325,525,carton,881.61,282.93,306.62,201.53,881.61,282.93,61792.46
325,515,person,1203.05,467.59,146.95,274.51,1203.05,467.59,40339.72
326,525,carton,878.22,281.53,300.4,196.42,878.22,281.53,59005.84
326,515,person,1201.5,466.03,149.04,276.75,1201.5,466.03,41247.45
326,532,person,876.35,142.16,123.23,81.17,876.35,142.16,10002.62
327,525,carton,881.36,274.64,305.4,199.54,881.36,274.64,60939.02
327,515,person,1200.34,461.38,149.01,274.4,1200.34,461.38,40888.05
328,525,carton,882.81,270.04,311.42,203.75,882.81,270.04,63452.72
328,515,person,1200.01,459.87,148.3,270.67,1200.01,459.87,40141.47
329,525,carton,880.93,269.73,309.15,201.96,880.93,269.73,62436.93
329,515,person,1199.15,453.42,155.91,284.12,1199.15,453.42,44298.31
330,525,carton,879.9,266.54,311.32,203.35,879.9,266.54,63308.57
330,515,person,1198.67,452.77,155.97,282.8,1198.67,452.77,44107.27
331,525,carton,879.15,264.43,314.09,205.38,879.15,264.43,64506.21
331,515,person,1198.38,449.03,159.79,289.42,1198.38,449.03,46247.58
332,525,carton,878.88,263.66,314.31,205.65,878.88,263.66,64639.7
332,515,person,1198.49,452.93,156.8,282.43,1198.49,452.93,44285.73
332,536,person,868.41,120.09,104.07,81.85,868.41,120.09,8517.71
333,525,carton,879.15,261.47,310.22,202.67,879.15,261.47,62871.3
333,515,person,1197.81,444.6,163.23,294.33,1197.81,444.6,48042.31
333,516,person,868.35,479.77,271.65,138.59,868.35,479.77,37647.39
334,525,carton,881.48,262.62,307.83,200.91,881.48,262.62,61847.29
334,515,person,1199.01,445.68,161.72,291.64,1199.01,445.68,47165.23
334,516,person,887.65,482.15,272.37,134.47,887.65,482.15,36624.71
335,525,carton,882.65,265.62,307.33,200.43,882.65,265.62,61597.39
335,515,person,1200.48,457.4,153.14,274.3,1200.48,457.4,42006.56
336,525,carton,884.97,263.83,309.5,202.15,884.97,263.83,62564.88
336,515,person,1201.92,454.8,153.74,275.27,1201.92,454.8,42321.76
336,536,person,885.11,113.02,119.64,94.89,885.11,113.02,11353.02
337,525,carton,885.76,263.07,309.81,202.56,885.76,263.07,62755.42
337,515,person,1202.35,454.6,153.25,274.03,1202.35,454.6,41994.96
337,536,person,886.65,112.33,120.03,96.1,886.65,112.33,11535.2
338,525,carton,891.6,253.01,304.25,198.05,891.6,253.01,60258.39
338,515,person,1202.11,442.28,155.78,285.54,1202.11,442.28,44481.74
338,536,person,878.13,108.89,129.39,104.39,878.13,108.89,13506.61
339,525,carton,892.85,252.87,301.51,195.46,892.85,252.87,58932.94
339,515,person,1201.18,437.02,157.65,297.08,1201.18,437.02,46833.64
340,525,carton,893.24,252.91,301.51,194.79,893.24,252.91,58731.47
340,515,person,1201.79,438.22,156.42,294.88,1201.79,438.22,46127.11
341,525,carton,891.94,249.59,309.9,200.9,891.94,249.59,62257.91
341,515,person,1204.37,449.1,146.55,264.96,1204.37,449.1,38829.25
341,516,person,909.88,460.79,327.7,178.08,909.88,460.79,58357.48
342,525,carton,892.32,236.95,312.04,202.83,892.32,236.95,63292.62
342,515,person,1201.8,447.89,137.98,244.4,1201.8,447.89,33721.36
342,516,person,883.81,452.05,338.3,196.17,883.81,452.05,66366.21
343,525,carton,893.91,231.02,311.69,202.82,893.91,231.02,63218.3
343,515,person,1202.31,442.27,136.81,238.89,1202.31,442.27,32683.64
343,516,person,865.79,441.01,349.57,217.05,865.79,441.01,75873.61
344,525,carton,889.2,230.29,307.69,200.11,889.2,230.29,61572.44
344,515,person,1214.79,446.19,130.37,229.52,1214.79,446.19,29921.63
344,546,person,931.85,88.85,112.77,90.24,931.85,88.85,10176.57
345,525,carton,881.41,232.2,308.59,200.38,881.41,232.2,61833.84
345,515,person,1222.13,451.84,115.74,215.02,1222.13,451.84,24885.69
345,536,person,905.38,82.76,126.33,102.76,905.38,82.76,12981.15
346,525,carton,872.31,222.09,314.0,204.26,872.31,222.09,64136.93
346,515,person,1227.21,454.25,105.59,193.32,1227.21,454.25,20412.21
347,525,carton,868.25,217.38,318.39,207.86,868.25,217.38,66181.31
348,525,carton,867.93,221.08,314.8,205.53,867.93,221.08,64701.17
349,525,carton,863.87,227.79,316.77,207.27,863.87,227.79,65656.25
349,548,person,600.02,398.83,291.78,298.91,600.02,398.83,87217.25
350,525,carton,862.32,230.18,317.05,207.88,862.32,230.18,65907.41
350,548,person,598.6,396.47,294.84,302.89,598.6,396.47,89304.69
351,525,carton,862.38,231.69,321.24,211.52,862.38,231.69,67949.23
351,548,person,582.56,388.2,309.88,319.6,582.56,388.2,99034.91
352,525,carton,867.61,231.77,322.13,212.64,867.61,231.77,68496.76
352,548,person,567.38,384.19,314.83,327.16,567.38,384.19,102999.3
353,525,carton,871.35,228.08,316.77,208.7,871.35,228.08,66110.61
353,548,person,538.81,374.33,331.99,348.02,538.81,374.33,115539.38
354,525,carton,872.07,225.89,317.86,209.41,872.07,225.89,66562.3
354,548,person,491.91,360.92,347.87,370.79,491.91,360.92,128985.61
355,525,carton,872.39,225.21,318.02,209.46,872.39,225.21,66613.8
355,548,person,474.69,356.0,349.2,378.98,474.69,356.0,132336.56
356,525,carton,876.23,224.08,316.69,208.55,876.23,224.08,66047.75
356,548,person,483.6,341.88,349.01,387.0,483.6,341.88,135068.7
357,525,carton,877.93,224.97,314.73,207.11,877.93,224.97,65185.62
357,548,person,503.2,321.84,350.86,394.39,503.2,321.84,138378.22
358,548,person,489.47,316.6,340.74,391.96,489.47,316.6,133555.64
359,548,person,464.46,312.16,326.49,382.24,464.46,312.16,124798.8
359,525,carton,884.38,224.15,312.21,205.21,884.38,224.15,64070.0
360,548,person,435.56,317.31,324.65,391.42,435.56,317.31,127072.89
360,555,person,700.51,110.05,139.72,175.96,700.51,110.05,24584.58
360,525,carton,886.8,226.06,315.07,207.72,886.8,226.06,65446.33
361,548,person,425.03,319.95,318.2,394.85,425.03,319.95,125639.75
361,555,person,701.74,110.61,139.8,176.74,701.74,110.61,24708.39
361,525,carton,887.58,226.71,315.16,208.27,887.58,226.71,65637.66
362,548,person,419.1,334.99,320.11,409.28,419.1,334.99,131013.8
362,555,person,673.14,138.04,138.53,176.55,673.14,138.04,24456.44
362,525,carton,887.39,246.48,311.57,205.69,887.39,246.48,64085.2
363,548,forklift,380.43,310.32,362.25,470.28,380.43,310.32,170358.14
363,525,carton,897.5,262.53,310.89,204.46,897.5,262.53,63564.51
364,548,person,362.09,294.89,370.5,487.87,362.09,294.89,180756.61
364,525,carton,896.52,262.41,314.53,206.8,896.52,262.41,65045.18
365,525,carton,890.3,258.8,314.9,206.97,890.3,258.8,65175.16
366,525,carton,886.05,254.75,313.29,205.51,886.05,254.75,64384.89
367,525,carton,884.47,253.17,312.63,204.67,884.47,253.17,63986.47
367,562,person,493.79,165.66,128.48,175.41,493.79,165.66,22537.22
368,525,carton,883.21,241.19,316.91,207.65,883.21,241.19,65808.06
368,548,person,390.95,306.43,306.63,413.51,390.95,306.43,126795.74
369,525,carton,882.81,238.4,318.6,209.01,882.81,238.4,66589.66
369,565,person,514.17,132.3,136.64,171.63,514.17,132.3,23452.03
369,548,person,411.59,310.92,284.81,390.58,411.59,310.92,111242.54
370,525,carton,883.62,239.96,314.73,206.47,883.62,239.96,64983.84
370,548,person,428.87,325.09,265.91,371.83,428.87,325.09,98873.12
371,525,carton,883.82,241.0,313.53,205.69,883.82,241.0,64489.31
371,548,person,435.07,329.6,256.69,365.16,435.07,329.6,93733.46
372,525,carton,887.22,237.9,313.3,205.68,887.22,237.9,64440.15
372,548,person,445.79,351.81,258.38,373.49,445.79,351.81,96501.6
373,525,carton,887.05,230.91,313.25,205.77,887.05,230.91,64457.96
373,548,person,475.3,359.79,252.05,358.6,475.3,359.79,90386.3
374,525,carton,887.04,228.47,312.39,205.24,887.04,228.47,64115.24
374,548,person,487.18,362.79,250.32,350.74,487.18,362.79,87797.34
375,525,carton,886.69,228.87,311.17,204.54,886.69,228.87,63644.94
375,548,person,553.33,379.43,243.77,332.88,553.33,379.43,81147.55
375,562,person,498.29,153.07,102.88,137.49,498.29,153.07,14144.9
376,525,carton,886.51,231.78,317.8,209.65,886.51,231.78,66626.6
376,548,person,617.85,390.83,240.64,316.38,617.85,390.83,76133.72
377,525,carton,889.74,230.67,316.0,209.03,889.74,230.67,66053.31
377,548,person,690.72,408.44,221.02,283.21,690.72,408.44,62595.62
377,565,person,506.52,150.64,123.53,153.24,506.52,150.64,18929.41
378,525,carton,894.15,233.89,322.11,213.88,894.15,233.89,68891.84
378,548,person,738.83,428.38,202.1,245.58,738.83,428.38,49630.27
378,565,person,509.55,156.01,126.84,156.35,509.55,156.01,19830.55
379,525,carton,896.9,235.63,325.55,217.03,896.9,235.63,70652.27
379,548,person,781.92,437.38,196.46,225.46,781.92,437.38,44294.05
379,565,person,514.06,157.65,123.09,149.06,514.06,157.65,18348.65
380,525,carton,897.42,233.78,323.98,216.7,897.42,233.78,70208.45
380,548,person,814.43,437.99,203.64,223.59,814.43,437.99,45531.66
380,565,person,515.86,149.65,128.4,153.77,515.86,149.65,19744.06
381,525,carton,898.22,229.87,326.26,219.06,898.22,229.87,71469.48
381,548,person,837.23,436.04,215.87,229.53,837.23,436.04,49547.82
381,565,person,517.84,132.89,128.7,151.71,517.84,132.89,19524.15
382,525,carton,898.11,228.16,325.98,219.63,898.11,228.16,71594.45
382,548,person,845.26,435.57,223.52,230.6,845.26,435.57,51543.62
382,565,person,519.05,121.91,134.54,157.54,519.05,121.91,21195.88
383,525,carton,901.8,228.4,325.99,220.36,901.8,228.4,71836.34
383,548,person,855.46,435.07,230.96,232.57,855.46,435.07,53712.34
383,565,person,527.65,103.07,124.54,141.9,527.65,103.07,17671.34
384,548,person,861.1,431.36,240.63,237.71,861.1,431.36,57199.31
384,565,person,534.45,103.19,135.22,151.54,534.45,103.19,20492.24
385,548,person,863.18,429.65,247.03,240.09,863.18,429.65,59309.23
385,565,person,533.25,119.94,140.28,157.39,533.25,119.94,22078.88
386,548,person,860.04,428.9,251.41,240.79,860.04,428.9,60535.48
386,568,person,1183.43,400.04,193.13,315.77,1183.43,400.04,60984.89
386,562,person,509.1,136.14,119.95,156.51,509.1,136.14,18774.28
387,548,person,848.19,428.11,255.47,241.56,848.19,428.11,61711.46
387,568,person,1174.68,390.02,205.99,329.54,1174.68,390.02,67882.47
387,562,person,499.88,126.33,135.28,177.88,499.88,126.33,24063.0
388,548,person,838.41,427.54,259.36,242.62,838.41,427.54,62924.56
388,568,person,1163.19,382.91,207.71,334.18,1163.19,382.91,69413.16
388,562,person,492.67,118.94,140.63,185.78,492.67,118.94,26126.08
389,548,person,833.88,427.09,262.4,243.49,833.88,427.09,63891.61
389,568,person,1158.46,384.74,212.45,342.08,1158.46,384.74,72675.48
389,562,person,504.44,116.69,137.98,185.5,504.44,116.69,25595.66
390,548,person,834.83,428.87,262.1,240.52,834.83,428.87,63041.71
390,568,person,1149.0,388.33,207.84,329.93,1149.0,388.33,68572.12
390,565,person,533.0,116.46,159.6,187.98,533.0,116.46,30001.64
391,548,person,834.77,429.51,263.53,239.44,834.77,429.51,63100.86
391,568,person,1146.09,389.8,208.07,325.22,1146.09,389.8,67668.5
391,565,person,532.72,116.29,155.19,190.71,532.72,116.29,29596.19
392,548,person,879.79,430.92,262.43,234.54,879.79,430.92,61552.3
392,568,person,1160.12,397.61,203.59,316.17,1160.12,397.61,64368.11
393,548,person,915.23,435.1,256.65,224.91,915.23,435.1,57723.76
393,568,person,1170.83,399.46,201.9,313.02,1170.83,399.46,63199.74
394,548,person,931.77,446.33,241.83,205.23,931.77,446.33,49631.14
394,568,person,1174.02,397.98,206.28,319.84,1174.02,397.98,65975.35
395,548,person,939.39,459.79,220.72,177.99,939.39,459.79,39285.27
395,568,person,1175.88,392.99,208.24,327.14,1175.88,392.99,68122.41
396,548,person,948.6,470.86,205.32,155.64,948.6,470.86,31956.32
396,568,person,1176.74,388.9,206.52,329.55,1176.74,388.9,68058.37
396,525,carton,888.7,223.7,307.94,208.05,888.7,223.7,64065.26
397,548,person,984.02,482.07,190.06,134.98,984.02,482.07,25653.74
397,568,person,1180.1,388.86,199.79,332.39,1180.1,388.86,66409.88
397,525,carton,891.56,219.87,308.13,207.74,891.56,219.87,64010.26
398,548,person,993.35,485.29,191.93,129.11,993.35,485.29,24780.98
398,568,person,1181.54,388.47,196.93,334.07,1181.54,388.47,65787.45
398,525,carton,892.58,218.67,308.34,207.57,892.58,218.67,64001.55
398,574,person,789.15,73.96,90.24,110.03,789.15,73.96,9929.72
399,568,person,1163.07,393.89,209.13,326.01,1163.07,393.89,68180.27
399,525,carton,894.52,225.04,303.66,203.66,894.52,225.04,61841.71
400,568,person,1168.4,398.3,206.02,319.35,1168.4,398.3,65790.95
400,525,carton,896.74,228.79,300.69,200.4,896.74,228.79,60258.8
401,568,person,1170.92,399.6,205.25,316.68,1170.92,399.6,64997.79
402,568,person,1174.04,401.91,206.93,319.25,1174.04,401.91,66061.42
403,568,person,1176.14,404.49,207.72,322.8,1176.14,404.49,67049.94
403,525,carton,906.71,233.09,308.06,204.6,906.71,233.09,63029.1
404,568,person,1176.34,406.62,207.33,327.18,1176.34,406.62,67833.89
404,525,carton,908.09,238.52,307.92,203.54,908.09,238.52,62673.87
405,568,person,1176.45,411.29,207.11,328.28,1176.45,411.29,67989.18
405,525,carton,909.48,240.54,310.17,204.6,909.48,240.54,63461.59
406,568,person,1176.65,413.12,206.69,328.74,1176.65,413.12,67947.45
406,525,carton,909.8,241.56,310.78,204.53,909.8,241.56,63566.11
407,568,person,1178.66,420.0,202.68,329.27,1178.66,420.0,66738.23
407,525,carton,910.49,249.64,309.09,203.53,910.49,249.64,62910.98
408,568,person,1182.5,426.01,194.99,323.8,1182.5,426.01,63138.5
409,568,person,1184.31,428.32,191.39,320.9,1184.31,428.32,61416.66
409,578,person,1102.79,166.46,90.07,212.92,1102.79,166.46,19178.54
410,568,person,1185.86,431.67,188.28,318.99,1185.86,431.67,60060.5
411,568,person,1186.14,432.35,187.71,316.14,1186.14,432.35,59344.0
411,525,carton,917.53,263.01,312.11,206.06,917.53,263.01,64312.2
412,568,person,1187.15,430.6,185.71,315.27,1187.15,430.6,58546.47
412,525,carton,918.05,260.22,313.2,207.45,918.05,260.22,64973.43
413,568,person,1185.98,420.9,188.04,318.03,1185.98,420.9,59802.83
413,525,carton,921.33,251.06,307.96,202.93,921.33,251.06,62493.9
414,568,person,1184.68,412.66,190.64,325.66,1184.68,412.66,62083.5
414,525,carton,919.63,244.07,310.44,204.96,919.63,244.07,63629.22
415,568,person,1183.99,406.72,192.02,331.61,1183.99,406.72,63676.38
415,525,carton,920.37,243.18,307.86,203.16,920.37,243.18,62543.1
415,582,person,1222.8,142.03,114.39,158.43,1222.8,142.03,18123.15
416,568,person,1183.67,400.79,192.66,330.23,1183.67,400.79,63621.72
416,525,carton,925.7,238.07,310.11,204.3,925.7,238.07,63356.78
417,568,person,1184.04,401.0,191.93,328.43,1184.04,401.0,63035.34
417,525,carton,929.62,239.95,311.97,205.1,929.62,239.95,63984.21
418,568,person,1171.79,352.56,216.42,438.33,1171.79,352.56,94860.41
418,525,carton,929.25,240.78,314.28,206.39,929.25,240.78,64863.94
419,568,person,1172.42,334.43,215.16,476.46,1172.42,334.43,102514.42
419,525,carton,927.98,236.29,318.02,209.22,927.98,236.29,66534.55
420,525,carton,928.14,231.54,318.38,209.43,928.14,231.54,66676.55
421,525,carton,928.03,230.5,320.21,211.1,928.03,230.5,67596.57
422,525,carton,930.27,231.73,319.97,211.5,930.27,231.73,67673.71
423,525,carton,933.47,231.45,316.15,208.63,933.47,231.45,65957.78
424,525,carton,934.3,232.15,314.98,207.66,934.3,232.15,65410.05
425,525,carton,933.29,232.62,317.42,209.31,933.29,232.62,66438.55
426,525,carton,932.39,242.6,307.9,201.65,932.39,242.6,62087.72
427,525,carton,930.66,251.54,311.07,203.26,930.66,251.54,63225.84
429,525,carton,933.31,242.16,312.82,204.07,933.31,242.16,63838.7
430,525,carton,936.11,240.31,312.89,203.82,936.11,240.31,63775.16
431,525,carton,940.14,234.78,318.33,207.91,940.14,234.78,66184.75
432,525,carton,943.5,234.58,319.97,209.44,943.5,234.58,67012.68
433,525,carton,947.28,235.61,317.27,207.94,947.28,235.61,65972.91
433,592,person,1230.43,318.75,99.14,294.6,1230.43,318.75,29207.33
434,525,carton,952.02,233.71,312.53,204.79,952.02,233.71,64003.93
434,592,person,1203.88,311.68,110.24,303.59,1203.88,311.68,33466.18
435,592,person,1151.35,315.26,113.01,303.47,1151.35,315.26,34294.85
436,592,person,1124.11,279.43,88.67,231.61,1124.11,279.43,20536.64
437,525,person,1032.35,306.07,415.38,290.95,1032.35,306.07,120854.86
438,525,person,1036.89,310.22,425.17,319.02,1036.89,310.22,135637.83
440,592,person,981.28,290.14,121.24,314.03,981.28,290.14,38071.62
441,592,person,955.58,305.59,125.44,315.71,955.58,305.59,39601.66
442,592,person,948.85,325.91,128.86,316.5,948.85,325.91,40785.7
443,592,person,956.71,337.07,133.88,318.32,956.71,337.07,42615.74
444,525,person,1005.82,349.63,386.11,314.53,1005.82,349.63,121446.32
445,525,person,1017.03,356.79,359.91,315.12,1017.03,356.79,113415.75
446,525,person,1032.07,364.33,345.65,324.93,1032.07,364.33,112312.69
447,525,person,1024.44,364.11,316.95,314.06,1024.44,364.11,99542.02
448,525,person,1045.74,366.31,300.91,307.38,1045.74,366.31,92494.39
449,525,person,1056.0,367.35,292.82,310.7,1056.0,367.35,90979.59
449,597,person,1170.53,412.88,151.33,316.5,1170.53,412.88,47897.07
450,525,person,1072.63,399.25,290.49,314.0,1072.63,399.25,91215.3
451,597,person,1200.42,447.38,111.76,230.78,1200.42,447.38,25791.18
452,597,person,1194.1,451.78,112.87,228.23,1194.1,451.78,25761.01
452,525,person,1094.05,390.93,302.3,336.27,1094.05,390.93,101655.24
453,597,person,1162.47,459.25,113.36,221.66,1162.47,459.25,25127.21
453,525,person,1095.02,393.95,291.35,331.41,1095.02,393.95,96555.51
454,525,person,1089.02,401.42,288.84,334.15,1089.02,401.42,96514.91
455,525,person,1079.77,403.06,292.98,342.76,1079.77,403.06,100422.91
455,592,person,560.35,414.89,141.01,278.45,560.35,414.89,39264.16
456,525,person,1113.83,396.7,276.01,331.67,1113.83,396.7,91543.37
456,605,person,1017.35,453.71,216.61,223.61,1017.35,453.71,48437.5
456,592,person,537.31,407.86,157.13,293.5,537.31,407.86,46116.58
457,525,person,1144.14,403.88,268.71,325.33,1144.14,403.88,87417.62
457,605,person,974.73,440.68,224.3,232.22,974.73,440.68,52084.93
457,592,person,519.22,399.71,171.03,311.11,519.22,399.71,53208.8
458,525,person,1158.71,412.62,242.58,327.75,1158.71,412.62,79505.76
458,605,person,920.42,437.09,226.76,234.76,920.42,437.09,53234.07
458,592,person,494.65,400.57,176.48,311.37,494.65,400.57,54950.98
459,525,person,1173.36,409.87,213.27,338.89,1173.36,409.87,72274.79
459,605,person,879.42,431.63,238.88,247.1,879.42,431.63,59028.8
459,592,person,469.05,400.08,185.62,312.91,469.05,400.08,58082.42
460,525,person,1180.7,395.73,198.6,366.5,1180.7,395.73,72785.98
460,605,person,858.43,423.88,252.14,262.24,858.43,423.88,66121.86
460,592,person,443.39,398.61,193.17,315.71,443.39,398.61,60987.55
461,605,person,839.08,416.6,264.31,276.82,839.08,416.6,73166.7
461,592,person,447.65,391.57,199.05,319.66,447.65,391.57,63629.26
462,605,person,837.46,415.1,264.95,279.69,837.46,415.1,74104.09
462,592,person,481.09,402.91,188.38,293.23,481.09,402.91,55238.4
463,605,person,871.09,409.41,271.79,290.27,871.09,409.41,78892.95
463,592,person,528.28,400.65,189.8,286.52,528.28,400.65,54383.48
463,607,carton,1120.18,432.47,319.64,263.15,1120.18,432.47,84113.45
464,605,person,902.46,402.44,278.4,303.17,902.46,402.44,84402.66
464,592,person,554.35,400.7,194.93,293.04,554.35,400.7,57123.11
464,607,carton,1126.0,437.2,308.0,267.25,1126.0,437.2,82312.66
465,605,person,898.73,403.71,270.63,300.91,898.73,403.71,81435.1
465,592,person,540.38,402.04,192.66,287.12,540.38,402.04,55317.13
466,605,person,876.43,403.95,263.36,299.69,876.43,403.95,78928.27
466,592,person,518.09,413.04,187.47,271.65,518.09,413.04,50927.41
467,605,person,844.53,402.57,258.12,298.98,844.53,402.57,77172.3
467,592,person,499.42,413.97,186.53,264.54,499.42,413.97,49344.82
467,607,carton,1114.98,462.41,330.04,266.19,1114.98,462.41,87854.02
468,605,person,807.87,398.72,258.17,303.63,807.87,398.72,78389.2
468,607,carton,1115.8,460.4,328.4,262.49,1115.8,460.4,86204.15
469,605,person,790.03,393.12,262.62,315.0,790.03,393.12,82724.65
469,607,carton,1116.75,451.6,326.5,261.92,1116.75,451.6,85517.82
470,605,person,782.58,390.56,258.23,318.04,782.58,390.56,82128.22
470,607,carton,1119.37,454.39,321.25,257.46,1119.37,454.39,82710.34
471,605,person,772.75,392.77,248.24,315.94,772.75,392.77,78428.48
471,607,carton,1117.14,465.46,325.72,258.16,1117.14,465.46,84090.17
472,605,person,759.17,392.57,239.08,316.04,759.17,392.57,75558.06
472,607,carton,1112.79,467.87,333.66,261.63,1112.79,467.87,87296.59
473,605,person,734.71,389.8,233.31,318.6,734.71,389.8,74332.14
473,607,carton,1105.78,460.08,327.95,255.24,1105.78,460.08,83703.85
473,611,person,1165.99,226.33,133.76,219.3,1165.99,226.33,29333.53
474,605,person,692.88,374.32,234.8,328.1,692.88,374.32,77037.54
474,607,carton,1088.17,433.94,334.04,257.44,1088.17,433.94,85993.96
475,605,person,640.79,352.29,232.0,329.65,640.79,352.29,76479.72
475,607,carton,1061.42,408.3,340.88,260.01,1061.42,408.3,88631.45
476,605,person,606.12,346.69,228.54,327.76,606.12,346.69,74905.39
476,607,carton,1034.84,397.64,347.01,262.18,1034.84,397.64,90977.98
477,605,person,576.03,347.04,232.08,331.03,576.03,347.04,76827.29
477,607,carton,1021.25,395.05,351.77,263.91,1021.25,395.05,92837.78
478,605,person,587.53,338.96,228.87,331.36,587.53,338.96,75838.37
478,607,carton,1019.92,385.98,354.73,263.98,1019.92,385.98,93643.04
479,605,person,603.46,328.43,226.55,333.81,603.46,328.43,75623.0
479,607,carton,1020.94,377.63,356.09,263.11,1020.94,377.63,93689.64
479,616,person,969.86,121.22,91.3,205.51,969.86,121.22,18764.31
480,605,person,614.24,326.5,225.29,338.08,614.24,326.5,76166.13
480,607,carton,1024.68,377.03,358.04,263.23,1024.68,377.03,94246.55
480,616,person,964.59,124.79,93.7,209.72,964.59,124.79,19651.47
481,605,person,626.38,321.96,220.74,340.5,626.38,321.96,75160.7
481,607,carton,1028.87,376.35,359.64,263.38,1028.87,376.35,94721.88
481,616,person,967.02,126.24,95.7,212.55,967.02,126.24,20340.49
482,605,person,625.51,321.14,220.17,348.11,625.51,321.14,76643.06
482,607,carton,1027.84,374.25,359.22,261.52,1027.84,374.25,93944.17
482,616,person,972.29,123.98,95.18,210.67,972.29,123.98,20050.79
483,605,person,633.65,322.72,215.4,348.11,633.65,322.72,74983.23
483,607,carton,1023.04,367.08,366.55,266.12,1023.04,367.08,97546.62
483,616,person,973.44,119.1,92.04,202.85,973.44,119.1,18670.52
484,605,person,653.7,332.49,202.67,335.15,653.7,332.49,67925.33
484,607,carton,1025.5,361.85,372.02,269.99,1025.5,361.85,100443.77
484,616,person,980.22,116.5,89.78,197.24,980.22,116.5,17707.69
485,605,person,678.96,354.02,203.52,343.93,678.96,354.02,69995.96
485,607,carton,1029.79,359.2,369.19,267.07,1029.79,359.2,98599.48
485,616,person,988.86,114.64,87.66,192.59,988.86,114.64,16882.77
486,605,person,685.53,349.39,176.31,288.17,685.53,349.39,50806.53
486,607,carton,1028.41,359.82,370.9,268.15,1028.41,359.82,99458.02
486,616,person,986.34,113.71,87.17,190.75,986.34,113.71,16627.79
487,605,person,678.16,386.34,185.31,294.86,678.16,386.34,54642.56
487,607,carton,1020.5,361.53,368.43,265.7,1020.5,361.53,97890.84
487,616,person,977.58,114.56,89.26,194.34,977.58,114.56,17345.9
488,605,person,672.0,406.34,186.82,286.4,672.0,406.34,53505.51
488,607,carton,1014.49,363.29,367.92,264.93,1014.49,363.29,97474.68
488,616,person,972.37,115.15,90.19,195.65,972.37,115.15,17645.91
489,605,person,678.13,423.44,180.7,266.08,678.13,423.44,48081.5
489,607,carton,1010.52,359.6,365.58,262.76,1010.52,359.6,96060.64
489,616,person,967.82,112.77,88.02,190.48,967.82,112.77,16766.36
490,605,person,702.62,430.49,174.14,246.24,702.62,430.49,42881.4
490,607,carton,1009.37,350.33,368.4,264.53,1009.37,350.33,97452.46
490,616,person,965.06,108.08,84.81,181.76,965.06,108.08,15415.62
491,605,person,718.21,425.05,167.66,228.24,718.21,425.05,38265.84
491,607,carton,1009.69,336.5,367.96,263.79,1009.69,336.5,97064.98
492,605,person,713.36,417.69,164.78,217.1,713.36,417.69,35774.32
492,607,carton,1005.02,323.11,367.5,262.89,1005.02,323.11,96611.81
493,605,person,699.45,418.91,169.87,217.62,699.45,418.91,36968.86
493,607,carton,1001.44,322.34,365.92,261.16,1001.44,322.34,95563.34
493,616,person,961.39,95.21,77.55,157.97,961.39,95.21,12251.12
494,605,person,686.93,424.33,174.27,216.44,686.93,424.33,37718.69
494,607,carton,1000.53,327.0,366.41,261.01,1000.53,327.0,95636.7
494,616,person,963.63,96.17,81.56,160.29,963.63,96.17,13072.73
495,605,person,682.12,420.57,178.83,215.1,682.12,420.57,38465.06
495,607,carton,1005.94,322.43,366.57,260.95,1005.94,322.43,95655.51
496,605,person,684.49,415.9,182.01,213.25,684.49,415.9,38814.92
496,607,carton,1012.07,316.92,366.48,260.37,1012.07,316.92,95419.78
497,605,person,687.0,411.51,187.32,214.9,687.0,411.51,40256.08
497,607,carton,1015.27,313.4,367.8,260.88,1015.27,313.4,95953.24
498,605,person,688.21,412.83,193.1,218.38,688.21,412.83,42168.64
498,607,carton,1015.05,316.2,367.95,260.57,1015.05,316.2,95876.27
499,605,person,688.22,407.73,200.01,223.28,688.22,407.73,44658.3
499,607,carton,1015.37,313.91,368.4,260.5,1015.37,313.91,95966.14
500,605,person,689.33,405.73,204.09,225.7,689.33,405.73,46062.93
500,607,carton,1015.43,313.22,369.1,260.69,1015.43,313.22,96220.68
501,605,person,690.21,393.44,207.87,227.97,690.21,393.44,47387.04
501,607,carton,1018.87,301.53,374.14,264.32,1018.87,301.53,98893.08
502,605,person,685.1,392.44,213.03,231.37,685.1,392.44,49289.16
502,607,carton,1019.46,301.76,374.97,264.88,1019.46,301.76,99321.22
503,605,person,682.02,392.48,216.2,232.75,682.02,392.48,50321.07
503,607,carton,1018.78,302.1,375.06,264.92,1018.78,302.1,99362.23
504,605,person,673.5,391.81,220.14,233.19,673.5,391.81,51336.11
504,607,carton,1017.97,301.41,375.06,264.77,1017.97,301.41,99305.52
505,605,person,672.4,390.73,223.36,234.09,672.4,390.73,52286.67
505,607,carton,1017.49,300.42,374.67,264.3,1017.49,300.42,99024.84
506,605,person,668.2,390.88,227.61,235.62,668.2,390.88,53628.02
506,607,carton,1016.62,300.62,375.17,264.64,1016.62,300.62,99282.76
507,605,person,669.79,391.06,229.38,236.0,669.79,391.06,54134.8
507,607,carton,1015.73,300.9,374.85,264.4,1015.73,300.9,99110.38
508,605,person,672.05,390.28,230.34,236.11,672.05,390.28,54384.56
508,607,carton,1015.5,300.21,373.23,263.13,1015.5,300.21,98209.17
509,605,person,677.54,388.35,229.12,234.6,677.54,388.35,53751.66
509,607,carton,1016.04,298.16,372.78,262.72,1016.04,298.16,97938.72
510,605,person,682.9,386.35,228.27,234.14,682.9,386.35,53447.33
510,607,carton,1017.73,297.41,373.04,262.9,1017.73,297.41,98072.84
511,605,person,685.84,383.82,227.85,233.82,685.84,383.82,53276.33
511,607,carton,1021.41,296.59,374.51,264.09,1021.41,296.59,98902.69
512,605,person,687.95,384.05,228.62,234.55,687.95,384.05,53623.02
512,607,carton,1024.96,296.54,373.46,263.48,1024.96,296.54,98400.45
513,605,person,691.17,385.81,229.26,235.21,691.17,385.81,53923.82
513,607,carton,1033.9,299.41,370.46,262.76,1033.9,299.41,97340.38
514,605,person,688.53,388.09,232.52,237.08,688.53,388.09,55125.09
514,607,carton,1032.84,300.81,371.44,263.54,1032.84,300.81,97888.34
515,605,person,687.31,390.5,236.03,239.0,687.31,390.5,56410.52
515,607,carton,1032.08,303.31,371.31,263.52,1032.08,303.31,97849.62
516,605,person,690.23,393.57,237.3,239.5,690.23,393.57,56834.18
516,607,carton,1032.07,307.81,369.73,262.25,1032.07,307.81,96960.76
517,605,person,699.64,395.56,235.54,239.48,699.64,395.56,56408.0
517,607,carton,1032.43,311.5,367.54,260.39,1032.43,311.5,95703.41
518,605,person,704.88,396.77,233.07,239.08,704.88,396.77,55722.76
518,607,carton,1032.4,313.17,367.6,260.24,1032.4,313.17,95665.13
519,605,person,708.05,398.18,229.3,237.53,708.05,398.18,54465.46
519,607,carton,1031.19,314.35,368.11,260.37,1031.19,314.35,95845.93
520,605,person,707.37,399.69,226.62,236.6,707.37,399.69,53618.95
520,607,carton,1030.15,316.06,367.89,259.94,1030.15,316.06,95628.12
521,605,person,707.47,400.45,224.22,235.98,707.47,400.45,52911.1
521,607,carton,1029.32,317.24,367.58,259.42,1029.32,317.24,95357.7
522,605,person,707.71,398.96,223.1,236.95,707.71,398.96,52861.64
522,607,carton,1028.74,315.16,369.52,260.69,1028.74,315.16,96331.94
523,605,person,686.56,397.59,228.24,238.6,686.56,397.59,54459.87
523,607,carton,1027.67,314.21,370.89,261.69,1027.67,314.21,97055.33
524,605,person,682.67,396.43,230.34,239.39,682.67,396.43,55140.49
524,607,carton,1024.56,313.35,371.63,262.33,1024.56,313.35,97488.93
524,634,person,1180.2,58.18,97.47,104.27,1180.2,58.18,10163.27
525,605,person,685.22,394.62,229.4,238.81,685.22,394.62,54784.16
525,607,carton,1020.52,309.97,371.97,262.57,1020.52,309.97,97668.27
525,634,person,1180.42,59.66,98.77,105.56,1180.42,59.66,10426.44
526,605,person,671.82,391.78,231.95,238.04,671.82,391.78,55213.44
526,607,carton,1017.28,305.23,373.48,263.64,1017.28,305.23,98462.77
526,634,person,1179.64,59.21,97.22,103.61,1179.64,59.21,10072.73
526,635,person,951.73,83.04,189.07,136.2,951.73,83.04,25750.94
527,605,person,662.74,391.18,236.25,239.38,662.74,391.18,56553.34
527,607,carton,1014.59,303.17,374.36,264.37,1014.59,303.17,98968.9
527,634,person,1184.24,58.8,94.44,99.65,1184.24,58.8,9411.03
527,635,person,947.02,82.61,186.16,133.99,947.02,82.61,24944.23
528,605,person,668.06,391.0,235.22,238.63,668.06,391.0,56130.76
528,607,carton,1009.93,303.06,373.56,263.92,1009.93,303.06,98589.6
529,605,person,655.91,391.4,237.63,237.99,655.91,391.4,56553.21
529,607,carton,1007.36,303.9,372.86,264.43,1007.36,303.9,98595.18
529,634,person,1184.35,61.37,101.22,106.43,1184.35,61.37,10773.06
529,635,person,933.13,82.93,186.52,134.74,933.13,82.93,25131.15
530,605,person,648.19,390.98,241.39,238.39,648.19,390.98,57544.62
530,607,carton,1002.0,303.36,371.59,263.31,1002.0,303.36,97841.52
530,634,person,1184.51,61.11,102.51,107.56,1184.51,61.11,11025.16
530,635,person,929.78,82.88,187.13,135.37,929.78,82.88,25331.45
531,605,person,647.27,392.2,243.68,238.87,647.27,392.2,58207.7
531,607,carton,1002.32,305.25,371.75,264.32,1002.32,305.25,98263.14
531,635,person,924.5,82.51,187.03,135.18,924.5,82.51,25283.32
532,605,person,642.66,394.62,246.2,239.09,642.66,394.62,58864.01
532,607,carton,1002.23,307.7,370.83,264.85,1002.23,307.7,98214.45
532,635,person,915.93,82.78,186.42,135.47,915.93,82.78,25254.92
533,605,person,650.2,395.11,243.37,237.52,650.2,395.11,57805.25
533,607,carton,1006.47,308.81,367.08,264.57,1006.47,308.81,97116.62
533,635,person,913.49,84.22,187.43,137.37,913.49,84.22,25747.69
533,637,carton,900.74,273.72,184.29,200.83,900.74,273.72,37009.69
534,605,person,639.87,395.87,245.68,237.06,639.87,395.87,58241.47
534,607,carton,1005.34,308.82,364.45,264.7,1005.34,308.82,96470.53
534,635,person,912.09,85.22,188.31,139.24,912.09,85.22,26221.18
534,637,carton,899.29,272.85,183.7,200.15,899.29,272.85,36768.31
534,638,carton,667.12,63.49,102.98,77.51,667.12,63.49,7981.64
535,605,person,636.64,396.08,247.77,237.02,636.64,396.08,58726.51
535,607,carton,1000.98,308.41,362.94,264.76,1000.98,308.41,96091.15
535,635,person,909.9,84.77,186.52,138.68,909.9,84.77,25866.46
535,637,carton,897.43,271.51,182.93,199.21,897.43,271.51,36441.12
535,638,carton,665.94,62.35,102.47,77.1,665.94,62.35,7900.37
535,640,person,1208.83,81.23,137.71,136.18,1208.83,81.23,18753.2
536,605,person,634.56,396.03,250.44,237.59,634.56,396.03,59501.51
536,607,carton,994.6,307.72,362.29,264.37,994.6,307.72,95778.96
536,635,person,908.79,84.74,185.16,138.91,908.79,84.74,25720.04
536,638,carton,665.13,61.21,102.36,76.92,665.13,61.21,7873.56
536,640,person,1206.74,83.31,142.67,141.51,1206.74,83.31,20189.32
537,605,person,641.61,393.99,249.35,236.75,641.61,393.99,59034.0
537,607,carton,990.29,306.29,363.03,264.34,990.29,306.29,95965.22
537,635,person,908.41,83.88,182.27,137.62,908.41,83.88,25085.09
537,638,carton,665.54,60.07,102.82,77.19,665.54,60.07,7937.21
537,640,person,1209.25,84.37,141.5,143.27,1209.25,84.37,20272.15
538,605,person,639.6,392.37,250.14,235.75,639.6,392.37,58970.43
538,607,carton,989.15,304.21,362.29,262.93,989.15,304.21,95255.98
538,635,person,908.46,82.8,179.21,135.98,908.46,82.8,24369.37
538,640,person,1209.23,84.98,141.28,141.81,1209.23,84.98,20034.58
539,605,person,642.84,390.95,250.81,236.05,642.84,390.95,59204.47
539,607,carton,988.7,303.62,364.14,263.47,988.7,303.62,95942.0
539,635,person,910.57,82.52,177.37,135.38,910.57,82.52,24013.32
539,640,person,1210.42,84.26,138.81,140.47,1210.42,84.26,19498.13
540,605,person,647.61,389.6,250.31,235.68,647.61,389.6,58994.32
540,607,carton,992.03,301.33,365.49,263.93,992.03,301.33,96462.15
540,635,person,911.83,81.71,175.49,134.4,911.83,81.71,23585.38
540,640,person,1214.46,83.96,131.09,135.98,1214.46,83.96,17825.59
541,605,person,646.67,387.15,250.41,234.33,646.67,387.15,58678.34
541,607,carton,994.99,298.68,364.82,262.98,994.99,298.68,95939.32
541,635,person,920.91,80.21,172.66,131.56,920.91,80.21,22715.07
541,640,person,1217.28,82.22,125.44,134.64,1217.28,82.22,16889.56
542,605,person,646.0,386.98,251.32,232.98,646.0,386.98,58551.28
542,607,carton,996.63,297.31,364.78,262.59,996.63,297.31,95785.01
542,635,person,924.9,79.51,171.16,129.69,924.9,79.51,22196.88
542,640,person,1218.8,81.23,122.4,132.74,1218.8,81.23,16246.54
543,605,person,645.56,388.01,253.12,232.54,645.56,388.01,58861.5
543,607,carton,996.97,297.6,366.61,263.65,996.97,297.6,96656.92
543,635,person,927.94,80.01,173.49,130.93,927.94,80.01,22715.6
543,640,person,1216.69,88.11,126.63,144.22,1216.69,88.11,18261.62
543,634,person,1195.55,83.53,113.1,129.6,1195.55,83.53,14657.59
544,605,person,648.02,388.85,255.62,233.88,648.02,388.85,59784.66
544,607,carton,996.83,298.85,368.1,264.51,996.83,298.85,97363.25
544,635,person,928.68,80.91,176.75,133.08,928.68,80.91,23521.06
544,640,person,1216.86,89.12,126.28,146.64,1216.86,89.12,18517.27
544,634,person,1196.97,85.65,108.32,133.65,1196.97,85.65,14476.45
545,605,person,648.79,390.06,257.41,234.55,648.79,390.06,60377.4
545,607,carton,997.68,300.09,367.83,263.96,997.68,300.09,97091.54
545,635,person,930.67,81.65,179.85,134.52,930.67,81.65,24193.4
545,640,person,1217.03,89.11,125.93,148.63,1217.03,89.11,18716.51
546,605,person,650.87,391.11,258.04,234.53,650.87,391.11,60516.25
546,607,carton,998.37,300.41,367.28,263.12,998.37,300.41,96641.07
546,635,person,930.76,81.83,180.46,134.43,930.76,81.83,24259.84
546,640,person,1217.74,87.84,124.52,147.12,1217.74,87.84,18319.85
547,605,person,666.97,392.79,252.88,232.7,666.97,392.79,58844.97
547,607,carton,998.89,301.62,366.72,262.21,998.89,301.62,96156.4
547,635,person,927.33,82.22,180.52,134.34,927.33,82.22,24251.69
547,640,person,1213.01,98.88,133.97,173.2,1213.01,98.88,23204.18
548,605,person,676.63,394.81,247.79,231.57,676.63,394.81,57381.12
548,607,carton,999.56,304.32,366.56,261.8,999.56,304.32,95965.65
548,635,person,924.67,83.18,181.09,135.29,924.67,83.18,24499.44
548,640,person,1214.03,101.16,131.94,175.3,1214.03,101.16,23130.04
549,605,person,675.74,396.84,245.0,231.01,675.74,396.84,56597.59
549,607,carton,1000.02,306.9,366.9,261.84,1000.02,306.9,96069.07
549,635,person,924.57,84.45,182.1,136.9,924.57,84.45,24928.97
549,640,person,1215.23,103.62,129.54,177.89,1215.23,103.62,23043.29
549,637,carton,903.3,276.05,181.22,197.86,903.3,276.05,35855.86
550,605,person,673.91,398.21,243.48,231.01,673.91,398.21,56248.37
550,607,carton,1000.12,307.79,367.81,262.16,1000.12,307.79,96424.91
550,635,person,923.74,85.03,182.23,137.48,923.74,85.03,25053.71
550,637,carton,903.97,276.33,182.52,200.0,903.97,276.33,36505.14
551,605,person,672.51,399.49,241.74,230.35,672.51,399.49,55682.89
551,607,carton,1004.68,309.42,368.12,263.71,1004.68,309.42,97076.76
551,635,person,922.44,85.8,182.0,138.43,922.44,85.8,25193.24
551,637,carton,904.6,279.04,180.3,197.31,904.6,279.04,35574.52
551,640,person,1221.41,106.38,117.19,181.68,1221.41,106.38,21289.72
552,605,person,673.04,400.08,240.0,230.01,673.04,400.08,55203.0
552,607,carton,1004.36,310.53,367.37,264.01,1004.36,310.53,96988.81
552,635,person,922.83,86.16,183.56,139.39,922.83,86.16,25586.48
552,637,carton,904.77,280.45,179.08,195.47,904.77,280.45,35004.75
553,605,person,672.62,400.19,238.91,230.02,672.62,400.19,54954.9
553,607,carton,1003.28,310.78,367.4,264.61,1003.28,310.78,97217.37
553,635,person,924.79,85.8,183.62,139.09,924.79,85.8,25539.2
553,637,carton,904.39,280.48,179.77,196.0,904.39,280.48,35236.05
554,605,person,675.14,401.06,237.22,230.23,675.14,401.06,54613.59
554,607,carton,1005.01,311.28,365.77,264.41,1005.01,311.28,96715.54
554,635,person,929.4,86.31,185.2,138.96,929.4,86.31,25736.76
554,637,carton,906.45,281.51,181.2,196.24,906.45,281.51,35557.04
555,605,person,677.13,401.67,234.86,230.09,677.13,401.67,54038.33
555,607,carton,1004.81,311.43,363.04,263.23,1004.81,311.43,95563.36
555,635,person,932.44,86.92,186.71,139.49,932.44,86.92,26045.1
555,637,carton,902.94,281.22,181.06,195.97,902.94,281.22,35483.41
555,640,person,1219.11,137.64,121.78,240.46,1219.11,137.64,29283.6
556,605,person,678.76,401.67,232.14,229.68,678.76,401.67,53317.01
556,607,carton,998.25,311.78,362.92,262.33,998.25,311.78,95205.79
556,640,person,1220.96,142.44,118.08,251.18,1220.96,142.44,29659.79
557,605,person,676.58,401.71,230.61,229.43,676.58,401.71,52909.89
557,607,carton,996.85,311.55,364.59,263.49,996.85,311.55,96067.91
558,605,person,677.25,401.37,229.27,229.77,677.25,401.37,52679.62
558,607,carton,994.34,311.53,364.4,262.4,994.34,311.53,95619.2
558,650,person,1250.48,141.44,59.03,253.48,1250.48,141.44,14963.22
558,635,person,926.58,86.94,188.59,139.72,926.58,86.94,26348.5
559,605,person,674.91,401.68,228.16,229.64,674.91,401.68,52395.72
559,607,carton,991.02,312.0,364.84,261.46,991.02,312.0,95392.88
559,650,person,1250.17,141.19,59.19,252.53,1250.17,141.19,14946.23
560,605,person,671.11,402.98,227.63,229.54,671.11,402.98,52251.98
560,607,carton,990.21,312.4,365.63,261.63,990.21,312.4,95660.07
560,650,person,1250.13,142.84,59.74,255.15,1250.13,142.84,15242.19
561,605,person,664.14,405.12,226.81,227.65,664.14,405.12,51633.96
561,607,carton,986.43,314.39,365.07,260.06,986.43,314.39,94940.17
561,650,person,1251.07,140.66,57.87,248.48,1251.07,140.66,14378.82
562,605,person,658.18,406.92,227.93,226.9,658.18,406.92,51717.54
562,607,carton,984.06,316.28,365.98,259.81,984.06,316.28,95085.22
562,650,person,1250.92,137.96,56.74,241.88,1250.92,137.96,13724.46
563,605,person,652.9,408.45,229.58,226.55,652.9,408.45,52011.47
563,607,carton,980.41,317.87,366.46,259.96,980.41,317.87,95265.47
563,650,person,1248.98,140.35,57.98,246.07,1248.98,140.35,14267.04
564,605,person,649.83,409.51,231.08,226.06,649.83,409.51,52237.19
564,607,carton,980.45,318.98,366.46,259.34,980.45,318.98,95037.48
564,650,person,1248.49,160.0,63.02,279.52,1248.49,160.0,17614.64
565,605,person,650.63,409.76,232.64,226.62,650.63,409.76,52720.89
565,607,carton,978.13,319.02,367.46,259.87,978.13,319.02,95491.95
565,650,person,1247.64,173.36,64.73,299.52,1247.64,173.36,19387.35
566,605,person,650.89,409.8,233.36,226.65,650.89,409.8,52890.78
566,607,carton,978.25,318.8,368.3,260.09,978.25,318.8,95788.9
566,650,person,1247.25,184.31,65.5,310.59,1247.25,184.31,20342.6
567,605,person,651.97,409.17,232.83,225.94,651.97,409.17,52604.52
567,607,carton,975.36,318.46,369.17,260.86,975.36,318.46,96301.15
567,650,person,1230.44,190.08,76.63,320.42,1230.44,190.08,24553.06
568,605,person,658.58,406.85,232.54,227.27,658.58,406.85,52849.38
568,607,carton,976.9,317.48,369.14,260.64,976.9,317.48,96214.8
568,650,person,1223.55,191.64,80.46,322.96,1223.55,191.64,25983.87
569,605,person,662.83,404.41,230.69,227.35,662.83,404.41,52447.72
569,607,carton,978.31,314.53,368.83,260.09,978.31,314.53,95927.09
569,650,person,1225.85,195.29,82.0,321.3,1225.85,195.29,26345.63
570,605,person,662.47,401.78,229.94,227.59,662.47,401.78,52332.98
570,607,carton,979.7,312.93,368.29,259.42,979.7,312.93,95540.18
570,650,person,1228.7,190.08,83.76,323.3,1228.7,190.08,27081.0
570,635,person,915.29,87.09,182.28,138.38,915.29,87.09,25223.07
571,605,person,639.95,401.3,237.84,230.0,639.95,401.3,54704.38
571,607,carton,980.74,310.39,369.93,260.52,980.74,310.39,96373.61
571,650,person,1228.81,187.92,84.8,321.35,1228.81,187.92,27251.37
571,635,person,912.23,86.32,178.03,137.65,912.23,86.32,24506.52
572,605,person,640.33,398.88,239.51,229.56,640.33,398.88,54981.28
572,607,carton,981.86,307.58,371.41,261.62,981.86,307.58,97168.55
572,650,person,1236.04,181.43,85.64,327.1,1236.04,181.43,28013.92
572,635,person,910.23,84.82,173.9,136.04,910.23,84.82,23656.81
573,605,person,657.06,395.8,236.86,229.03,657.06,395.8,54247.28
573,607,carton,982.89,304.04,372.48,262.36,982.89,304.04,97725.79
573,635,person,908.67,83.08,170.67,134.36,908.67,83.08,22930.97
574,605,person,646.11,392.3,239.3,227.92,646.11,392.3,54540.96
574,607,carton,983.38,299.52,371.28,261.3,983.38,299.52,97012.89
574,635,person,905.98,81.65,169.24,132.83,905.98,81.65,22479.82
575,605,person,653.19,387.45,237.23,226.08,653.19,387.45,53632.7
575,607,carton,983.9,295.86,371.29,261.2,983.9,295.86,96981.68
575,635,person,906.49,80.18,167.86,130.79,906.49,80.18,21954.04
576,605,person,654.33,383.39,237.31,225.88,654.33,383.39,53602.96
576,607,carton,984.37,293.06,370.6,260.52,984.37,293.06,96548.48
576,635,person,910.38,78.35,166.95,127.6,910.38,78.35,21303.01
577,605,person,653.78,380.57,238.5,226.79,653.78,380.57,54089.9
577,607,carton,984.39,290.88,371.42,261.05,984.39,290.88,96957.36
577,635,person,914.98,77.08,168.86,126.21,914.98,77.08,21311.83
577,652,person,1255.38,252.93,49.24,324.59,1255.38,252.93,15981.55
578,605,person,652.44,379.6,239.3,227.18,652.44,379.6,54363.12
578,607,carton,982.85,289.33,372.13,261.52,982.85,289.33,97318.64
578,635,person,915.71,76.37,170.83,125.41,915.71,76.37,21424.12
578,652,person,1255.61,253.29,48.78,326.35,1255.61,253.29,15917.87
579,605,person,653.07,380.89,237.27,224.93,653.07,380.89,53369.31
579,607,carton,983.64,291.12,372.24,261.58,983.64,291.12,97368.99
579,635,person,911.72,77.08,173.13,126.33,911.72,77.08,21870.92
580,605,person,654.18,382.91,237.8,225.62,654.18,382.91,53652.81
580,607,carton,983.69,293.15,372.43,261.75,983.69,293.15,97481.65
580,635,person,909.8,78.19,176.28,128.35,909.8,78.19,22624.74
581,605,person,654.01,384.0,237.54,225.36,654.01,384.0,53532.58
581,607,carton,983.57,294.07,372.75,262.07,983.57,294.07,97686.54
581,635,person,908.68,78.55,176.81,128.71,908.68,78.55,22756.76
582,605,person,654.68,383.98,237.83,225.58,654.68,383.98,53649.59
582,607,carton,983.71,294.35,371.25,260.96,983.71,294.35,96880.48
582,635,person,907.55,78.57,176.63,128.55,907.55,78.57,22705.08
583,605,person,655.11,383.71,238.02,225.7,655.11,383.71,53721.98
583,607,carton,984.37,294.11,371.06,260.71,984.37,294.11,96738.83
583,635,person,908.03,78.23,175.83,127.64,908.03,78.23,22442.59
584,605,person,654.77,383.62,238.16,225.75,654.77,383.62,53765.54
584,607,carton,984.3,293.94,371.33,260.85,984.3,293.94,96863.0
584,635,person,908.17,78.34,175.36,126.68,908.17,78.34,22214.28
585,605,person,655.17,382.59,237.09,224.5,655.17,382.59,53226.46
585,607,carton,984.65,293.67,369.99,259.62,984.65,293.67,96056.8
585,635,person,911.13,78.26,175.65,125.69,911.13,78.26,22077.47
586,605,person,656.33,381.89,236.14,223.29,656.33,381.89,52727.85
586,607,carton,985.02,292.9,370.16,259.52,985.02,292.9,96065.73
586,635,person,910.69,77.45,176.38,125.69,910.69,77.45,22168.68
587,605,person,657.42,381.81,235.91,222.72,657.42,381.81,52542.23
587,607,carton,985.1,293.31,369.92,259.11,985.1,293.31,95849.3
587,635,person,906.21,76.84,174.4,124.84,906.21,76.84,21771.98
588,605,person,657.73,382.65,237.06,223.52,657.73,382.65,52988.64
588,607,carton,985.27,293.94,369.71,258.71,985.27,293.94,95650.04
589,605,person,657.59,383.86,237.98,223.76,657.59,383.86,53249.43
589,607,carton,985.48,294.89,370.79,259.32,985.48,294.89,96154.38
590,605,person,658.48,386.3,239.62,224.76,658.48,386.3,53857.11
590,607,carton,986.03,297.17,371.11,259.32,986.03,297.17,96235.9
591,605,person,667.67,388.53,237.89,224.62,667.67,388.53,53435.31
591,607,carton,986.64,298.79,371.27,259.21,986.64,298.79,96235.15
592,605,person,671.16,389.39,236.73,224.69,671.16,389.39,53189.36
592,607,carton,987.53,299.49,370.92,258.79,987.53,299.49,95992.13
593,605,person,671.82,390.49,236.13,224.84,671.82,390.49,53091.56
593,607,carton,988.87,300.74,370.6,258.29,988.87,300.74,95721.64
594,605,person,672.25,391.26,236.39,225.57,672.25,391.26,53322.23
594,607,carton,989.73,301.99,374.43,261.08,989.73,301.99,97757.98
595,605,person,672.03,391.11,236.77,226.07,672.03,391.11,53528.03
595,607,carton,991.31,302.39,375.89,262.17,991.31,302.39,98546.34
596,605,person,664.47,389.15,239.4,226.47,664.47,389.15,54216.59
596,607,carton,991.97,302.39,375.76,262.09,991.97,302.39,98484.48
597,605,person,666.53,387.92,238.61,224.94,666.53,387.92,53674.67
597,607,carton,992.07,301.22,374.84,261.49,992.07,301.22,98015.85
598,605,person,677.29,386.76,234.79,222.86,677.29,386.76,52326.07
598,607,carton,992.67,299.14,374.53,261.23,992.67,299.14,97837.78
599,605,person,676.28,384.37,235.2,223.84,676.28,384.37,52647.59
599,607,carton,991.77,296.66,373.62,260.25,991.77,296.66,97237.11
600,605,person,674.58,383.1,234.9,224.09,674.58,383.1,52637.78
600,607,carton,989.1,295.73,372.64,259.55,989.1,295.73,96717.63
601,605,person,672.35,382.48,234.03,223.87,672.35,382.48,52393.02
601,607,carton,987.17,295.43,369.65,257.1,987.17,295.43,95037.38
602,605,person,670.33,380.44,234.87,224.89,670.33,380.44,52820.27
602,607,carton,985.89,292.7,370.07,257.25,985.89,292.7,95198.82
603,605,person,673.03,375.25,234.78,225.7,673.03,375.25,52988.2
603,607,carton,985.13,287.77,374.17,260.47,985.13,287.77,97459.89
604,605,person,674.11,368.94,236.81,228.18,674.11,368.94,54035.55
604,607,carton,984.83,282.35,377.72,263.46,984.83,282.35,99511.35
605,605,person,675.04,365.93,237.25,228.9,675.04,365.93,54305.4
605,607,carton,984.81,279.09,379.02,264.86,984.81,279.09,100387.18
606,605,person,678.05,364.15,237.12,229.27,678.05,364.15,54364.79
606,607,carton,985.35,277.37,378.47,264.94,985.35,277.37,100269.77
607,605,person,683.15,361.82,237.25,230.0,683.15,361.82,54567.59
607,607,carton,986.7,274.54,377.25,264.43,986.7,274.54,99757.73
608,605,person,686.51,360.11,237.7,231.07,686.51,360.11,54923.53
608,607,carton,987.59,273.4,377.61,265.23,987.59,273.4,100154.64
609,605,person,690.23,359.38,237.72,231.63,690.23,359.38,55062.54
609,607,carton,988.41,272.96,377.11,265.3,988.41,272.96,100049.54
610,605,person,697.4,358.99,234.06,228.92,697.4,358.99,53582.24
610,607,carton,988.84,272.43,376.41,265.15,988.84,272.43,99803.84
611,605,person,700.16,358.76,231.9,227.62,700.16,358.76,52784.82
611,607,carton,988.19,272.55,375.96,265.09,988.19,272.55,99663.06
612,605,person,701.26,358.74,230.46,226.93,701.26,358.74,52296.35
612,607,carton,988.0,272.75,375.72,265.17,988.0,272.75,99628.85
613,605,person,698.89,356.81,224.79,221.88,698.89,356.81,49876.6
613,607,carton,985.8,270.33,372.92,263.01,985.8,270.33,98081.86
614,605,person,697.8,354.3,222.96,220.78,697.8,354.3,49225.78
614,607,carton,984.25,268.49,372.98,262.9,984.25,268.49,98057.68
615,605,person,697.37,349.15,225.68,224.78,697.37,349.15,50728.58
615,607,carton,983.05,266.37,373.07,262.9,983.05,266.37,98082.28
616,605,person,697.43,343.39,227.67,228.58,697.43,343.39,52041.54
616,607,carton,980.86,261.74,372.03,262.21,980.86,261.74,97550.18
617,605,person,698.05,337.06,230.27,233.82,698.05,337.06,53842.93
617,607,carton,980.16,257.56,369.93,260.43,980.16,257.56,96342.58
618,605,person,700.56,329.94,233.8,241.64,700.56,329.94,56496.14
618,607,carton,978.88,253.62,370.2,260.45,978.88,253.62,96419.33
619,605,person,702.83,322.17,237.48,251.18,702.83,322.17,59650.92
619,607,carton,975.87,249.55,372.84,262.45,975.87,249.55,97853.84
620,605,person,701.93,315.61,238.41,257.78,701.93,315.61,61456.63
620,607,carton,973.73,245.49,375.07,264.52,973.73,245.49,99214.79
621,605,person,701.46,313.13,235.86,260.23,701.46,313.13,61376.31
621,607,carton,972.81,244.25,375.45,265.21,972.81,244.25,99574.19
622,605,person,701.79,300.46,242.45,275.64,701.79,300.46,66830.94
622,607,carton,970.34,240.12,376.13,265.97,970.34,240.12,100037.83
623,605,person,699.78,294.78,243.08,284.46,699.78,294.78,69146.95
623,607,carton,968.06,239.08,376.64,266.67,968.06,239.08,100436.45
624,605,person,700.09,291.84,246.23,297.09,700.09,291.84,73150.91
624,607,carton,965.37,241.08,376.54,266.95,965.37,241.08,100518.8
625,605,person,699.42,291.52,245.08,303.9,699.42,291.52,74480.71
625,607,carton,962.3,246.25,376.89,267.6,962.3,246.25,100855.66
626,605,person,702.15,290.4,243.99,310.8,702.15,290.4,75831.08
626,607,carton,970.77,248.07,369.08,264.13,970.77,248.07,97486.0
627,605,person,700.46,286.1,246.32,322.47,700.46,286.1,79429.59
627,607,carton,972.47,249.64,364.37,262.78,972.47,249.64,95751.1
628,605,person,697.19,283.11,246.84,331.77,697.19,283.11,81894.18
628,607,carton,959.56,251.99,365.45,263.27,959.56,251.99,96209.88
629,605,person,692.19,281.81,244.49,336.04,692.19,281.81,82157.31
629,607,carton,951.86,254.05,366.2,263.2,951.86,254.05,96382.84
630,605,person,684.55,282.09,245.36,344.87,684.55,282.09,84616.91
630,607,carton,948.24,259.81,373.04,268.06,948.24,259.81,99998.05
631,605,person,676.32,280.97,240.79,343.36,676.32,280.97,82679.41
631,607,carton,945.44,259.76,370.08,265.18,945.44,259.76,98138.16
632,605,person,656.25,275.78,230.54,334.29,656.25,275.78,77068.38
632,607,carton,942.33,257.98,367.58,262.96,942.33,257.98,96658.7
633,605,person,635.86,271.12,225.1,327.3,635.86,271.12,73675.81
633,607,carton,940.95,255.91,366.87,262.04,940.95,255.91,96133.6
634,605,person,609.56,267.99,222.53,327.7,609.56,267.99,72922.3
634,607,carton,939.71,253.54,367.39,262.32,939.71,253.54,96373.3
635,605,person,589.39,265.78,219.48,327.74,589.39,265.78,71933.0
635,607,carton,939.31,251.63,366.78,261.91,939.31,251.63,96063.16
636,607,carton,942.52,253.5,366.74,261.42,942.52,253.5,95872.43
637,607,carton,944.28,256.11,367.08,261.26,944.28,256.11,95904.3
638,607,carton,945.69,258.62,367.02,260.88,945.69,258.62,95747.16
639,607,carton,946.11,259.52,367.12,260.65,946.11,259.52,95688.44
640,607,carton,948.97,259.29,367.7,260.77,948.97,259.29,95885.68
641,607,carton,951.91,259.04,368.59,261.23,951.91,259.04,96285.6
642,607,carton,957.62,262.02,373.98,265.58,957.62,262.02,99322.8
643,607,carton,962.37,268.01,373.4,265.53,962.37,268.01,99148.52
644,607,carton,966.16,274.3,371.6,264.27,966.16,274.3,98201.54
645,607,carton,972.31,279.87,372.85,265.57,972.31,279.87,99019.05
646,607,carton,974.02,286.6,368.61,262.38,974.02,286.6,96713.52
647,607,carton,974.56,289.14,367.08,261.14,974.56,289.14,95860.54
648,607,carton,977.6,293.86,364.18,258.81,977.6,293.86,94253.45
649,607,carton,980.36,295.9,364.15,258.34,980.36,295.9,94074.87
650,607,carton,981.35,296.6,364.56,258.22,981.35,296.6,94135.84
651,607,carton,983.75,297.89,367.23,259.47,983.75,297.89,95283.82
651,605,person,404.33,238.63,209.69,317.88,404.33,238.63,66657.3
652,607,carton,984.5,298.61,368.96,260.12,984.5,298.61,95974.43
652,605,person,382.46,223.71,206.51,301.68,382.46,223.71,62298.76
653,607,carton,984.71,298.8,370.21,260.51,984.71,298.8,96443.61
653,605,person,375.7,219.16,208.64,297.36,375.7,219.16,62040.6
653,661,person,380.96,283.33,237.88,444.09,380.96,283.33,105638.77
654,607,carton,986.09,294.09,373.99,262.99,986.09,294.09,98356.83
654,605,person,365.2,214.63,222.7,308.46,365.2,214.63,68694.52
655,607,carton,987.36,291.29,377.43,265.42,987.36,291.29,100177.02
655,605,person,355.48,212.08,238.87,324.66,355.48,212.08,77552.24
656,607,carton,987.88,290.03,378.77,266.36,987.88,290.03,100890.45
656,605,person,351.91,207.72,243.17,324.2,351.91,207.72,78836.11
657,607,carton,990.15,294.72,378.09,265.92,990.15,294.72,100541.09
657,605,person,368.22,216.21,246.01,331.07,368.22,216.21,81444.25
657,661,person,373.01,277.71,244.46,458.02,373.01,277.71,111968.02
658,607,carton,990.9,296.3,378.0,265.9,990.9,296.3,100511.46
658,605,person,374.54,220.57,247.19,335.54,374.54,220.57,82941.16
658,661,person,372.46,277.5,244.37,459.6,372.46,277.5,112312.37
659,607,carton,992.92,295.66,377.11,265.36,992.92,295.66,100072.64
659,605,person,372.8,225.45,249.88,345.97,372.8,225.45,86451.48
660,607,carton,992.23,295.95,376.9,264.72,992.23,295.95,99773.43
660,605,person,376.88,220.9,242.12,338.13,376.88,220.9,81866.86
660,661,person,369.61,272.86,237.06,449.62,369.61,272.86,106588.52
661,607,carton,991.52,296.09,377.02,264.33,991.52,296.09,99658.74
661,605,person,378.33,220.91,239.36,337.64,378.33,220.91,80818.54
661,661,person,367.51,271.8,232.63,445.56,367.51,271.8,103650.56
662,607,carton,991.14,296.27,377.48,264.24,991.14,296.27,99744.89
662,605,person,378.75,222.1,238.53,339.86,378.75,222.1,81065.59
662,661,person,366.52,270.13,228.6,441.85,366.52,270.13,101005.94
663,607,carton,990.97,294.44,376.13,263.15,990.97,294.44,98976.85
663,605,person,372.63,221.34,238.73,345.55,372.63,221.34,82492.81
664,607,carton,990.87,290.86,377.35,263.98,990.87,290.86,99613.47
664,605,person,371.74,214.76,238.49,347.46,371.74,214.76,82863.47
665,607,carton,988.0,289.58,380.43,266.36,988.0,289.58,101332.49
665,605,person,368.17,214.23,239.46,350.55,368.17,214.23,83944.26
666,607,carton,984.79,288.89,376.78,263.8,984.79,288.89,99395.21
666,605,person,363.22,208.4,226.13,327.94,363.22,208.4,74156.37
667,607,carton,982.59,286.26,376.65,263.58,982.59,286.26,99278.27
668,607,carton,983.62,282.68,381.04,267.07,983.62,282.68,101764.06
669,607,carton,984.69,279.94,380.68,266.85,984.69,279.94,101586.31
670,607,carton,984.14,279.96,382.45,268.4,984.14,279.96,102648.8
670,663,person,514.23,94.77,152.8,142.88,514.23,94.77,21832.29
671,607,carton,984.41,280.16,382.65,268.88,984.41,280.16,102886.01
672,607,carton,984.5,280.26,382.25,268.97,984.5,280.26,102812.78
673,607,carton,984.18,279.53,381.64,268.61,984.18,279.53,102512.09
674,607,carton,984.71,277.26,380.7,268.23,984.71,277.26,102114.63
674,605,person,338.32,195.41,227.57,321.38,338.32,195.41,73135.25
675,607,carton,984.54,275.84,379.94,268.07,984.54,275.84,101848.87
675,605,person,350.25,189.8,262.69,337.53,350.25,189.8,88666.72
676,607,carton,983.24,274.72,379.15,267.45,983.24,274.72,101403.52
676,605,person,329.22,191.82,262.12,327.86,329.22,191.82,85939.53
677,607,carton,982.51,273.14,376.93,265.54,982.51,273.14,100088.64
678,607,carton,980.67,270.85,375.91,265.02,980.67,270.85,99622.79
679,607,carton,978.3,270.13,372.85,262.73,978.3,270.13,97958.34
679,661,person,347.34,193.66,178.25,319.13,347.34,193.66,56885.61
679,605,person,367.18,184.83,281.26,336.62,367.18,184.83,94678.41
680,607,carton,975.87,267.69,373.72,263.51,975.87,267.69,98476.96
680,661,person,337.88,189.71,188.86,311.56,337.88,189.71,58840.49
680,605,person,359.11,182.56,290.91,334.45,359.11,182.56,97293.2
681,607,carton,974.97,266.89,373.42,263.38,974.97,266.89,98349.8
681,661,person,332.27,188.16,200.51,309.18,332.27,188.16,61991.72
681,605,person,352.87,181.58,300.28,333.37,352.87,181.58,100104.53
682,607,carton,972.44,257.69,374.28,264.25,972.44,257.69,98902.08
682,661,person,333.4,183.9,198.84,302.17,333.4,183.9,60083.19
682,670,person,1227.72,211.78,104.57,350.39,1227.72,211.78,36639.1
683,607,carton,971.6,254.18,374.42,264.56,971.6,254.18,99057.17
683,661,person,332.96,182.27,199.45,299.33,332.96,182.27,59701.5
683,670,person,1227.16,204.48,105.68,355.28,1227.16,204.48,37547.2
684,607,carton,968.48,252.28,374.07,264.22,968.48,252.28,98839.54
684,661,person,323.67,179.47,207.92,307.86,323.67,179.47,64010.48
684,670,person,1225.95,193.72,108.11,360.73,1225.95,193.72,38997.45
685,607,carton,966.83,250.54,374.59,264.3,966.83,250.54,99002.09
685,661,person,318.73,177.78,212.95,311.97,318.73,177.78,66434.66
685,670,person,1225.44,187.15,109.12,353.59,1225.44,187.15,38583.88
686,607,carton,965.76,248.41,375.59,264.61,965.76,248.41,99387.93
686,670,person,1221.32,184.9,107.97,347.38,1221.32,184.9,37507.35
687,607,carton,962.78,248.67,375.82,264.35,962.78,248.67,99348.17
688,607,carton,958.24,254.23,376.06,264.35,958.24,254.23,99410.2
688,661,person,309.92,173.93,203.7,298.21,309.92,173.93,60743.98
688,670,person,1201.61,157.57,94.98,289.76,1201.61,157.57,27521.92
689,607,carton,954.11,260.08,377.65,265.6,954.11,260.08,100302.22
689,661,person,305.05,176.13,203.82,297.23,305.05,176.13,60581.84
690,607,carton,951.52,263.2,376.28,264.61,951.52,263.2,99569.28
690,661,person,303.43,176.84,203.79,296.09,303.43,176.84,60341.0
690,670,person,1188.88,147.05,93.85,263.72,1188.88,147.05,24749.4
691,607,carton,948.98,266.04,376.39,264.91,948.98,266.04,99707.49
691,661,person,304.34,179.15,206.98,299.53,304.34,179.15,61996.12
691,670,person,1185.67,145.2,100.32,261.49,1185.67,145.2,26231.66
692,607,carton,945.12,270.71,377.94,266.41,945.12,270.71,100686.85
692,661,person,304.11,182.9,204.66,295.95,304.11,182.9,60569.02
692,670,person,1176.96,145.57,109.5,262.84,1176.96,145.57,28780.1
693,607,carton,942.7,273.94,378.23,267.04,942.7,273.94,101000.48
693,661,person,301.96,185.78,200.8,289.24,301.96,185.78,58079.5
693,670,person,1156.9,149.0,118.03,272.04,1156.9,149.0,32109.12
694,607,carton,942.73,275.3,377.84,266.98,942.73,275.3,100876.72
694,661,person,299.02,186.86,199.18,286.82,299.02,186.86,57128.13
694,670,person,1145.15,151.52,122.28,276.93,1145.15,151.52,33862.6
695,607,carton,942.8,275.94,377.25,266.85,942.8,275.94,100667.09
695,661,person,299.23,186.71,200.69,288.67,299.23,186.71,57932.68
695,670,person,1136.84,149.28,120.94,271.24,1136.84,149.28,32803.78
696,607,carton,944.2,276.0,376.03,266.04,944.2,276.0,100038.06
696,661,person,301.42,186.91,204.77,293.18,301.42,186.91,60033.56
697,607,carton,944.39,274.39,376.17,266.38,944.39,274.39,100205.71
697,661,person,299.2,185.36,203.81,290.23,299.2,185.36,59152.09
697,670,person,1116.23,124.56,101.83,219.36,1116.23,124.56,22337.36
698,607,carton,945.9,272.68,375.45,265.89,945.9,272.68,99828.2
698,661,person,293.07,182.86,207.59,292.5,293.07,182.86,60718.22
698,670,person,1112.69,120.14,100.69,209.04,1112.69,120.14,21049.31
699,607,carton,946.4,272.69,375.5,265.96,946.4,272.69,99866.3
699,661,person,278.64,183.01,213.43,295.31,278.64,183.01,63029.02
699,670,person,1108.91,110.8,95.91,189.86,1108.91,110.8,18209.52
700,607,carton,946.01,272.93,376.04,266.5,946.01,272.93,100215.8
700,661,person,287.78,185.62,215.5,300.03,287.78,185.62,64655.73
700,670,person,1099.06,107.23,95.28,182.5,1099.06,107.23,17389.04
701,607,carton,946.19,271.53,374.13,265.19,946.19,271.53,99213.52
701,661,person,292.12,186.75,214.44,298.94,292.12,186.75,64107.19
701,670,person,1090.63,105.74,96.32,179.56,1090.63,105.74,17294.8
702,607,carton,946.41,270.75,372.13,263.62,946.41,270.75,98100.02
702,661,person,289.21,187.04,218.22,302.01,289.21,187.04,65903.79
703,607,carton,945.8,270.54,370.64,262.24,945.8,270.54,97195.17
703,661,person,273.91,190.17,232.51,318.11,273.91,190.17,73963.97
704,607,carton,945.22,270.26,369.72,261.39,945.22,270.26,96641.86
704,661,person,270.29,189.45,241.56,326.93,270.29,189.45,78972.82
705,607,carton,945.07,270.18,369.51,261.11,945.07,270.18,96483.52
705,661,person,269.57,188.75,245.45,329.09,269.57,188.75,80773.45
706,607,carton,945.9,268.31,370.54,261.69,945.9,268.31,96968.41
706,661,person,286.45,194.34,232.1,305.26,286.45,194.34,70849.98
707,607,carton,947.32,266.2,372.63,263.14,947.32,266.2,98053.14
707,661,person,313.97,199.98,225.33,292.16,313.97,199.98,65832.77
708,607,carton,948.11,264.01,371.96,262.57,948.11,264.01,97665.77
708,661,person,336.2,196.53,224.59,288.26,336.2,196.53,64737.89
709,607,carton,948.62,260.66,370.35,261.11,948.62,260.66,96700.84
709,661,person,333.66,196.28,216.46,280.94,333.66,196.28,60811.27
709,673,person,1234.62,175.73,90.76,288.77,1234.62,175.73,26207.97
709,670,person,1000.58,81.94,77.56,130.85,1000.58,81.94,10149.03
710,607,carton,949.31,258.21,370.07,260.65,949.31,258.21,96458.02
710,661,person,333.26,197.7,208.97,273.36,333.26,197.7,57123.2
710,673,person,1228.08,174.38,100.49,305.95,1228.08,174.38,30744.56
710,670,person,994.8,80.95,80.41,128.12,994.8,80.95,10301.79
711,607,carton,956.52,253.66,368.46,260.45,956.52,253.66,95966.66
711,661,person,335.27,200.39,200.75,262.92,335.27,200.39,52780.94
711,673,person,1223.98,168.54,99.69,302.24,1223.98,168.54,30131.01
711,670,person,995.76,82.99,83.82,130.58,995.76,82.99,10945.71
712,607,carton,963.64,250.17,366.21,260.59,963.64,250.17,95429.05
712,673,person,1221.58,160.16,95.42,286.62,1221.58,160.16,27348.48
712,670,person,993.74,78.51,79.26,120.46,993.74,78.51,9547.28
713,607,carton,967.88,248.07,364.64,261.19,967.88,248.07,95238.36
713,673,person,1216.38,159.77,97.56,288.8,1216.38,159.77,28175.82
714,607,carton,968.6,246.67,365.26,262.83,968.6,246.67,95999.97
715,607,carton,966.22,245.65,365.6,263.57,966.22,245.65,96358.3
715,673,person,1205.44,148.1,93.44,265.15,1205.44,148.1,24775.01
716,607,carton,962.65,245.3,366.46,264.17,962.65,245.3,96807.95
716,673,person,1203.92,145.72,95.39,259.73,1203.92,145.72,24774.68
717,607,carton,971.78,243.21,363.5,263.79,971.78,243.21,95889.65
718,607,carton,974.27,242.74,361.94,263.82,974.27,242.74,95487.33
719,607,carton,970.76,242.26,362.06,264.01,970.76,242.26,95588.4
720,607,carton,965.75,242.15,363.55,264.48,965.75,242.15,96151.66
721,607,carton,969.09,242.32,362.7,264.26,969.09,242.32,95846.91
721,676,person,1226.3,112.71,103.09,199.09,1226.3,112.71,20524.24
722,607,carton,964.64,243.16,365.15,265.06,964.64,243.16,96785.63
722,676,person,1224.44,111.25,102.53,197.69,1224.44,111.25,20269.61
723,607,carton,963.35,244.74,364.82,263.82,963.35,244.74,96245.86
723,676,person,1219.62,106.53,96.79,185.11,1219.62,106.53,17916.12
723,679,pallet,579.87,227.51,411.38,186.54,579.87,227.51,76741.44
724,607,carton,975.0,244.08,361.23,263.12,975.0,244.08,95048.34
724,679,pallet,580.94,228.77,405.81,183.97,580.94,228.77,74659.05
725,607,carton,968.45,243.4,361.52,262.34,968.45,243.4,94839.76
725,679,pallet,583.46,230.82,386.88,175.08,583.46,230.82,67732.38
726,607,carton,966.24,242.87,364.27,263.47,966.24,242.87,95975.8
726,679,pallet,590.59,230.81,389.59,176.22,590.59,230.81,68652.65
727,607,carton,979.8,243.8,361.62,264.22,979.8,243.8,95547.81
727,679,pallet,598.93,229.58,392.97,177.65,598.93,229.58,69810.4
728,607,carton,986.25,245.49,355.84,262.47,986.25,245.49,93397.33
728,679,pallet,603.79,228.55,405.34,183.41,603.79,228.55,74341.55
729,607,carton,983.74,246.21,353.65,262.06,983.74,246.21,92677.7
729,679,pallet,607.47,227.14,417.42,188.96,607.47,227.14,78875.93
730,607,carton,980.21,246.69,353.69,262.66,980.21,246.69,92898.27
730,679,pallet,610.67,216.01,469.21,213.93,610.67,216.01,100379.81
731,607,carton,980.04,247.51,352.18,262.09,980.04,247.51,92303.75
731,679,pallet,610.22,214.4,480.69,220.68,610.22,214.4,106080.13
731,686,person,1169.77,71.72,104.37,124.06,1169.77,71.72,12947.67
732,607,carton,980.45,247.84,351.22,262.02,980.45,247.84,92026.41
732,686,person,1166.21,60.85,91.31,108.38,1166.21,60.85,9896.98
733,607,carton,978.65,246.54,352.27,262.95,978.65,246.54,92628.33
734,607,carton,989.14,242.8,352.13,264.85,989.14,242.8,93262.61
735,607,carton,992.68,241.35,350.56,265.44,992.68,241.35,93053.76
736,607,carton,993.1,241.44,348.34,265.34,993.1,241.44,92427.12
737,607,carton,993.3,241.41,346.06,265.08,993.3,241.41,91733.0
737,689,person,308.48,180.87,231.81,294.44,308.48,180.87,68253.66
738,607,carton,992.84,240.91,343.45,264.16,992.84,240.91,90726.75
738,689,person,343.74,191.38,214.95,271.98,343.74,191.38,58462.4
739,607,carton,991.91,240.63,341.91,263.84,991.91,240.63,90211.19
739,689,person,351.83,193.53,203.05,256.19,351.83,193.53,52019.78
740,607,carton,991.6,240.57,339.63,262.71,991.6,240.57,89222.27
740,689,person,352.28,192.62,200.92,252.79,352.28,192.62,50791.79
741,607,carton,976.26,243.5,346.27,265.28,976.26,243.5,91858.78
742,607,carton,971.33,245.72,350.6,266.45,971.33,245.72,93417.19
743,607,carton,972.23,245.12,351.46,265.2,972.23,245.12,93207.59
744,607,carton,973.14,242.9,354.83,265.96,973.14,242.9,94372.31
744,679,pallet,645.71,199.26,506.57,238.15,645.71,199.26,120637.05
745,607,carton,975.32,242.56,355.96,265.31,975.32,242.56,94440.57
745,679,pallet,642.74,202.82,484.19,231.15,642.74,202.82,111920.38
746,607,carton,976.7,242.73,356.84,264.53,976.7,242.73,94395.59
746,689,person,367.17,187.36,221.35,276.58,367.17,187.36,61221.87
747,607,carton,977.57,243.36,358.31,264.02,977.57,243.36,94601.17
748,607,carton,979.04,243.78,359.55,263.41,979.04,243.78,94706.64
749,607,carton,981.45,245.24,359.94,262.23,981.45,245.24,94387.81
750,607,carton,979.78,247.95,362.54,263.02,979.78,247.95,95356.07
751,607,carton,979.34,250.02,366.32,265.05,979.34,250.02,97092.32
752,607,carton,979.19,250.8,368.35,265.78,979.19,250.8,97900.76
752,695,pallet,619.69,238.2,377.83,173.21,619.69,238.2,65443.95
753,607,carton,981.14,250.07,368.93,265.46,981.14,250.07,97937.53
753,695,pallet,618.93,231.55,399.7,183.41,618.93,231.55,73309.45
754,607,carton,980.41,249.29,370.01,265.48,980.41,249.29,98231.37
754,695,pallet,616.39,211.82,488.11,225.53,616.39,211.82,110084.0
755,607,carton,980.77,248.37,370.7,265.38,980.77,248.37,98374.08
756,607,carton,981.43,247.2,372.24,265.84,981.43,247.2,98956.95
757,607,carton,983.77,245.96,372.26,265.05,983.77,245.96,98668.78
758,607,carton,985.41,243.46,371.4,263.42,985.41,243.46,97836.25
759,607,carton,987.18,242.18,371.6,262.88,987.18,242.18,97685.87
760,607,carton,989.33,241.26,371.99,262.58,989.33,241.26,97679.0
761,607,carton,991.67,240.93,373.51,263.08,991.67,240.93,98262.81
762,607,carton,994.57,241.54,376.31,264.87,994.57,241.54,99673.07
763,607,carton,994.71,241.28,375.99,264.23,994.71,241.28,99345.6
764,607,carton,1002.86,239.61,375.31,265.58,1002.86,239.61,99673.33
764,699,person,351.43,191.37,241.64,233.52,351.43,191.37,56428.23
765,607,carton,1010.71,239.46,373.54,266.81,1010.71,239.46,99663.09
765,699,person,358.85,190.79,241.48,233.54,358.85,190.79,56396.67
765,700,carton,901.81,210.78,181.91,185.67,901.81,210.78,33775.8
766,607,carton,1017.77,240.96,369.75,267.23,1017.77,240.96,98806.09
766,699,person,372.18,189.62,240.36,233.27,372.18,189.62,56070.23
766,700,carton,901.45,213.29,183.94,187.82,901.45,213.29,34547.19
767,607,carton,1021.49,242.83,365.82,267.53,1021.49,242.83,97868.01
767,699,person,373.31,191.61,236.33,229.98,373.31,191.61,54349.5
767,700,carton,901.41,215.0,184.9,188.95,901.41,215.0,34937.21
768,607,carton,1023.4,245.14,361.68,267.41,1023.4,245.14,96715.59
768,699,person,375.64,199.17,233.76,228.87,375.64,199.17,53500.67
768,700,carton,901.2,215.76,184.42,188.69,901.2,215.76,34798.09
769,607,carton,1022.54,247.94,357.97,267.07,1022.54,247.94,95603.69
769,699,person,372.53,200.15,226.79,223.64,372.53,200.15,50719.08
769,700,carton,901.85,217.44,185.65,190.17,901.85,217.44,35306.21
770,607,carton,1015.6,251.23,356.48,266.66,1015.6,251.23,95056.49
770,699,person,355.41,201.58,233.5,229.98,355.41,201.58,53700.48
771,607,carton,1005.01,255.96,359.74,267.76,1005.01,255.96,96326.16
771,699,person,356.83,204.87,228.55,226.7,356.83,204.87,51812.17
772,607,carton,1002.41,257.8,360.26,267.09,1002.41,257.8,96223.37
772,699,person,357.58,206.09,224.18,223.28,357.58,206.09,50054.65
773,607,carton,1000.93,256.51,359.98,265.93,1000.93,256.51,95729.9
773,699,person,338.33,213.3,227.23,224.71,338.33,213.3,51062.54
774,607,carton,1001.81,258.58,361.87,266.5,1001.81,258.58,96438.59
774,699,person,334.89,214.77,229.78,226.32,334.89,214.77,52004.62
775,607,carton,1003.15,260.25,363.22,266.9,1003.15,260.25,96943.01
775,699,person,325.94,215.99,224.14,217.95,325.94,215.99,48852.04
776,607,carton,1002.32,258.32,363.2,266.15,1002.32,258.32,96665.41
776,699,person,322.91,215.78,223.34,214.56,322.91,215.78,47919.57
777,607,carton,1003.28,260.95,364.33,266.36,1003.28,260.95,97043.72
778,607,carton,1002.33,262.72,365.64,266.54,1002.33,262.72,97457.58
779,607,carton,1001.75,263.63,367.22,267.02,1001.75,263.63,98057.57
779,699,person,316.63,201.1,185.69,170.67,316.63,201.1,31691.5
780,607,carton,1001.24,263.55,369.14,267.97,1001.24,263.55,98918.91
781,700,carton,794.34,208.77,199.25,191.04,794.34,208.77,38063.2
782,700,carton,792.21,208.1,209.88,191.7,792.21,208.1,40234.95
783,700,carton,795.19,212.24,218.84,192.98,795.19,212.24,42229.78
784,700,carton,799.05,218.58,226.83,194.14,799.05,218.58,44035.23
785,700,carton,801.75,217.82,234.93,196.76,801.75,217.82,46224.24
786,700,carton,802.96,217.64,240.13,197.38,802.96,217.64,47396.04
787,700,carton,806.91,216.04,243.48,196.67,806.91,216.04,47883.7
788,700,carton,816.18,213.4,248.41,197.78,816.18,213.4,49131.16
789,700,carton,825.28,214.83,249.68,196.48,825.28,214.83,49056.16
790,700,carton,832.98,218.28,252.41,196.47,832.98,218.28,49590.32
791,700,carton,837.57,220.53,257.72,199.06,837.57,220.53,51299.79
792,700,carton,841.6,225.17,257.18,196.71,841.6,225.17,50588.34
793,700,carton,843.12,226.8,258.35,195.9,843.12,226.8,50611.11
794,700,carton,843.12,237.98,263.75,198.76,843.12,237.98,52421.31
795,700,carton,840.39,240.14,267.5,200.38,840.39,240.14,53601.52
796,700,carton,836.21,242.73,267.91,199.08,836.21,242.73,53336.98
797,700,carton,833.2,247.21,268.79,197.91,833.2,247.21,53196.05
798,700,carton,836.05,249.05,271.69,199.19,836.05,249.05,54118.74
799,700,carton,842.0,249.44,277.08,202.27,842.0,249.44,56046.38
800,700,carton,850.87,246.79,276.01,200.56,850.87,246.79,55357.34
801,700,carton,862.1,243.49,275.23,198.73,862.1,243.49,54695.54
802,700,carton,871.64,245.15,280.5,202.15,871.64,245.15,56703.66
802,703,person,754.11,70.95,123.09,105.35,754.11,70.95,12968.38
803,700,carton,879.69,245.8,284.64,204.82,879.69,245.8,58301.35
803,703,person,768.83,71.93,125.05,106.83,768.83,71.93,13358.47
804,700,carton,885.81,247.98,282.56,202.51,885.81,247.98,57220.25
804,703,person,777.06,72.22,128.01,109.21,777.06,72.22,13979.99
805,700,carton,887.47,244.66,282.52,201.88,887.47,244.66,57034.31
805,703,person,781.88,69.06,120.7,102.58,781.88,69.06,12380.96
806,700,carton,892.96,245.6,283.01,201.42,892.96,245.6,57005.16
806,703,person,792.29,69.57,122.39,103.6,792.29,69.57,12679.61
807,700,carton,903.1,245.19,282.38,200.19,903.1,245.19,56531.87
807,703,person,799.88,69.04,121.18,103.51,799.88,69.04,12543.81
808,700,carton,907.01,245.73,281.41,198.89,907.01,245.73,55970.21
808,703,person,794.98,69.81,122.51,104.45,794.98,69.81,12796.39
809,700,carton,895.67,248.95,276.87,197.18,895.67,248.95,54592.47
809,703,person,804.56,68.69,119.26,103.99,804.56,68.69,12401.77
810,703,person,808.98,70.17,120.07,107.77,808.98,70.17,12939.88
811,703,person,815.86,70.63,117.65,109.15,815.86,70.63,12842.35
811,709,person,763.29,66.57,53.84,72.79,763.29,66.57,3919.28
811,700,person,940.76,266.26,291.97,214.91,940.76,266.26,62748.2
812,703,person,830.83,68.67,109.78,102.29,830.83,68.67,11228.87
812,700,person,929.07,256.76,316.31,235.83,929.07,256.76,74595.59
813,703,person,836.4,66.66,105.11,97.3,836.4,66.66,10227.26
813,700,person,916.84,248.4,329.13,246.16,916.84,248.4,81017.05
814,700,person,896.64,241.25,346.06,257.1,896.64,241.25,88971.58
814,712,person,806.87,240.14,193.19,255.3,806.87,240.14,49322.02
816,700,carton,929.84,232.44,309.49,230.85,929.84,232.44,71446.72
816,712,person,759.89,214.9,201.29,267.56,759.89,214.9,53857.07
817,700,carton,937.16,232.32,300.48,223.82,937.16,232.32,67252.66
817,712,person,738.07,215.57,213.79,287.08,738.07,215.57,61376.73
818,700,carton,941.55,239.15,292.72,217.32,941.55,239.15,63612.12
818,712,person,713.42,225.19,219.18,298.53,713.42,225.19,65431.38
819,700,carton,945.02,242.72,286.82,211.99,945.02,242.72,60803.73
819,712,person,688.53,225.69,225.61,309.17,688.53,225.69,69749.42
820,700,carton,948.3,242.97,279.32,204.62,948.3,242.97,57153.81
820,712,person,656.09,213.29,215.56,296.03,656.09,213.29,63811.45
821,700,carton,951.04,241.59,277.99,202.26,951.04,241.59,56225.8
821,712,person,611.22,202.89,192.11,263.17,611.22,202.89,50555.62
822,700,carton,954.38,241.02,277.61,200.3,954.38,241.02,55605.4
822,712,person,585.56,201.08,208.25,287.01,585.56,201.08,59769.95
823,700,carton,957.88,245.68,280.49,201.24,957.88,245.68,56446.83
823,712,person,564.1,198.82,212.68,294.8,564.1,198.82,62698.61
824,700,carton,957.46,250.0,286.28,204.73,957.46,250.0,58608.77
824,712,person,544.08,198.84,209.07,292.69,544.08,198.84,61192.05
825,700,carton,952.08,253.8,286.68,204.05,952.08,253.8,58498.5
825,712,person,513.85,192.04,195.75,280.74,513.85,192.04,54953.31
826,700,carton,947.54,256.07,287.89,204.13,947.54,256.07,58766.16
826,712,person,492.51,183.67,189.06,278.3,492.51,183.67,52615.77
827,700,carton,948.69,254.51,289.27,204.2,948.69,254.51,59068.76
827,712,person,483.57,174.17,197.82,298.71,483.57,174.17,59089.59
828,700,carton,948.92,249.65,290.86,204.52,948.92,249.65,59486.71
828,712,person,470.12,172.09,190.23,290.13,470.12,172.09,55191.15
828,719,person,848.31,66.56,82.02,99.58,848.31,66.56,8167.5
829,700,carton,947.64,248.44,298.02,209.45,947.64,248.44,62420.6
829,712,person,451.13,169.61,187.66,283.0,451.13,169.61,53108.19
829,719,person,853.2,69.62,86.1,103.93,853.2,69.62,8948.15
830,700,carton,949.25,252.52,295.79,207.24,949.25,252.52,61299.1
830,712,person,436.91,171.03,193.48,285.15,436.91,171.03,55171.37
830,719,person,843.06,70.36,87.97,106.19,843.06,70.36,9341.51
831,700,carton,951.67,260.07,293.8,205.28,951.67,260.07,60313.25
831,712,person,438.37,180.73,203.96,294.78,438.37,180.73,60122.96
831,719,person,837.93,76.99,97.9,118.7,837.93,76.99,11621.11
832,700,carton,951.83,264.22,293.51,204.57,951.83,264.22,60041.99
832,712,person,446.14,180.89,205.61,293.9,446.14,180.89,60429.3
833,700,carton,952.14,266.98,295.56,205.78,952.14,266.98,60819.87
833,712,person,451.35,184.12,206.75,294.49,451.35,184.12,60885.89
833,719,person,835.25,77.51,96.14,117.49,835.25,77.51,11295.81
834,700,carton,953.27,268.11,294.76,204.9,953.27,268.11,60396.34
834,712,person,447.09,183.41,205.12,287.23,447.09,183.41,58915.83
835,700,carton,952.81,264.99,292.68,202.89,952.81,264.99,59381.99
835,712,person,441.62,174.26,204.93,281.48,441.62,174.26,57683.54
836,700,carton,950.43,263.35,293.3,202.81,950.43,263.35,59485.61
836,712,person,450.6,169.59,202.31,276.94,450.6,169.59,56026.16
837,700,carton,948.75,265.26,294.2,203.08,948.75,265.26,59745.95
837,712,person,445.58,177.73,217.01,295.52,445.58,177.73,64129.79
838,700,carton,953.2,266.07,295.89,204.19,953.2,266.07,60418.98
838,712,person,450.3,172.08,216.85,295.56,450.3,172.08,64092.4
839,700,carton,956.1,267.38,295.56,203.77,956.1,267.38,60227.62
839,712,person,452.51,176.33,211.52,285.06,452.51,176.33,60295.47
840,700,carton,958.31,263.87,298.38,206.01,958.31,263.87,61470.09
840,712,person,457.75,170.71,212.82,286.88,457.75,170.71,61055.59
841,700,carton,962.51,264.64,299.76,207.06,962.51,264.64,62070.21
841,712,person,460.43,173.72,206.99,276.37,460.43,173.72,57205.97
842,700,carton,966.05,264.0,300.77,207.92,966.05,264.0,62535.39
842,712,person,464.1,175.99,204.68,271.33,464.1,175.99,55537.55
842,721,person,855.04,76.11,80.97,121.61,855.04,76.11,9846.75
843,700,carton,967.47,263.0,302.3,209.27,967.47,263.0,63260.89
843,712,person,464.5,173.99,207.91,273.17,464.5,173.99,56794.86
843,721,person,855.91,74.41,80.04,120.22,855.91,74.41,9622.5
844,700,carton,966.04,260.98,303.41,209.92,966.04,260.98,63691.79
844,712,person,465.26,172.11,212.31,277.98,465.26,172.11,59016.71
844,721,person,858.41,72.97,76.87,114.87,858.41,72.97,8830.6
845,700,carton,969.87,259.96,301.28,208.6,969.87,259.96,62846.8
845,712,person,467.3,175.45,211.79,275.74,467.3,175.45,58397.8
845,721,person,858.63,71.14,74.4,109.41,858.63,71.14,8139.89
846,700,carton,973.63,262.94,303.12,210.47,973.63,262.94,63797.88
846,712,person,469.16,178.26,216.3,278.66,469.16,178.26,60274.93
846,721,person,850.39,71.32,75.16,109.43,850.39,71.32,8225.02
847,700,carton,975.3,267.65,301.67,209.87,975.3,267.65,63312.46
847,712,person,468.47,189.09,211.5,267.96,468.47,189.09,56672.75
847,721,person,843.18,70.86,75.52,108.64,843.18,70.86,8205.08
848,700,carton,975.95,271.14,302.45,210.93,975.95,271.14,63796.76
848,712,person,470.0,199.36,209.51,263.05,470.0,199.36,55111.65
848,721,person,836.01,75.2,82.29,116.5,836.01,75.2,9587.72
849,700,carton,969.57,274.49,304.23,212.47,969.57,274.49,64641.11
849,712,person,469.7,206.81,203.45,252.65,469.7,206.81,51402.09
850,700,carton,967.17,276.08,304.36,212.72,967.17,276.08,64744.15
850,712,person,469.46,208.62,203.26,250.25,469.46,208.62,50867.66
851,700,carton,963.43,280.56,302.81,211.71,963.43,280.56,64108.89
851,712,person,459.63,223.68,199.31,245.19,459.63,223.68,48867.73
852,700,carton,964.82,287.67,300.38,209.74,964.82,287.67,63001.16
852,712,person,462.36,247.31,218.54,270.1,462.36,247.31,59027.7
853,700,carton,964.2,295.6,298.46,208.17,964.2,295.6,62131.13
853,712,person,461.9,253.59,218.03,269.58,461.9,253.59,58775.12
854,700,carton,959.52,294.16,301.31,210.27,959.52,294.16,63355.78
854,712,person,453.94,244.4,217.83,267.67,453.94,244.4,58307.74
855,700,carton,957.54,294.28,298.78,208.45,957.54,294.28,62281.49
855,712,person,451.85,240.81,224.58,275.98,451.85,240.81,61980.05
855,721,person,788.1,83.89,93.25,133.45,788.1,83.89,12443.63
856,700,carton,956.37,293.79,302.43,211.18,956.37,293.79,63866.25
856,712,person,453.84,243.8,234.65,288.67,453.84,243.8,67737.73
856,721,person,788.51,84.76,93.89,135.49,788.51,84.76,12720.77
857,700,carton,948.9,300.39,299.19,208.74,948.9,300.39,62452.86
857,712,person,447.67,245.3,245.27,301.42,447.67,245.3,73930.67
857,721,person,787.08,88.0,98.52,142.8,787.08,88.0,14068.96
858,700,carton,943.21,306.62,301.95,211.17,943.21,306.62,63763.24
858,712,person,443.31,261.25,238.53,291.0,443.31,261.25,69410.28
858,721,person,781.29,93.17,102.8,149.35,781.29,93.17,15352.53
859,700,carton,940.19,312.66,301.24,210.79,940.19,312.66,63498.89
859,712,person,463.94,269.87,221.95,272.24,463.94,269.87,60423.46
859,721,person,783.44,98.08,102.19,149.0,783.44,98.08,15225.5
860,700,carton,941.71,314.61,300.53,210.32,941.71,314.61,63206.62
860,712,person,481.9,274.01,214.21,265.8,481.9,274.01,56936.27
860,721,person,789.05,98.27,103.66,150.24,789.05,98.27,15574.54
861,700,carton,943.06,314.21,295.91,206.65,943.06,314.21,61148.3
861,712,person,489.35,274.87,203.81,256.76,489.35,274.87,52330.75
861,721,person,795.23,96.77,103.74,150.42,795.23,96.77,15605.46
862,700,carton,943.43,310.5,289.88,201.62,943.43,310.5,58444.12
862,712,person,491.79,267.11,204.22,261.64,491.79,267.11,53431.87
862,721,person,797.89,92.3,102.69,147.96,797.89,92.3,15194.68
863,700,carton,943.66,305.21,293.47,203.92,943.66,305.21,59844.23
863,712,person,493.51,262.61,202.57,263.62,493.51,262.61,53400.74
863,721,person,802.47,88.79,99.4,143.2,802.47,88.79,14233.83
864,700,carton,945.55,304.29,293.18,203.25,945.55,304.29,59587.52
864,712,person,503.12,262.23,200.26,261.4,503.12,262.23,52346.09
864,721,person,805.91,89.06,99.83,143.89,805.91,89.06,14364.98
865,700,carton,946.65,303.82,295.85,204.92,946.65,303.82,60625.84
865,712,person,503.68,257.82,204.29,269.41,503.68,257.82,55038.86
865,721,person,807.11,89.42,100.63,144.96,807.11,89.42,14586.89
866,700,carton,947.21,303.97,296.33,205.0,947.21,303.97,60748.05
866,712,person,504.31,256.3,204.04,271.26,504.31,256.3,55347.62
866,721,person,807.84,89.57,101.04,145.44,807.84,89.57,14695.49
867,700,carton,951.05,305.94,297.45,205.38,951.05,305.94,61091.62
867,712,person,499.29,252.27,206.58,279.83,499.29,252.27,57806.52
867,721,person,811.88,90.2,101.63,146.04,811.88,90.2,14842.31
868,700,carton,951.19,313.41,294.12,202.2,951.19,313.41,59470.75
868,712,person,493.21,254.68,207.94,287.44,493.21,254.68,59770.91
868,721,person,811.44,94.71,103.44,149.35,811.44,94.71,15448.21
869,700,carton,949.28,321.51,294.41,201.83,949.28,321.51,59419.8
869,712,person,489.68,259.17,204.19,287.11,489.68,259.17,58625.98
869,721,person,809.45,102.91,103.49,150.03,809.45,102.91,15526.61
870,700,carton,940.34,329.01,296.81,203.2,940.34,329.01,60313.37
870,712,person,481.51,268.58,200.86,287.36,481.51,268.58,57720.65
870,721,person,803.62,112.39,102.87,149.38,803.62,112.39,15366.35
871,700,carton,930.33,327.97,300.89,206.13,930.33,327.97,62022.82
871,712,person,469.31,265.99,201.16,292.42,469.31,265.99,58822.28
871,721,person,792.91,112.8,103.65,151.28,792.91,112.8,15679.86
872,700,carton,926.93,322.51,299.23,204.89,926.93,322.51,61311.43
872,712,person,461.76,257.57,206.27,307.19,461.76,257.57,63364.02
872,721,person,788.01,106.22,103.24,151.15,788.01,106.22,15605.45
873,700,carton,926.04,316.61,301.11,206.33,926.04,316.61,62128.94
873,712,person,459.5,255.5,202.16,308.01,459.5,255.5,62266.97
873,721,person,786.86,99.84,103.7,152.52,786.86,99.84,15816.42
874,700,carton,926.0,313.57,299.42,205.04,926.0,313.57,61393.55
874,712,person,460.64,256.16,198.49,308.25,460.64,256.16,61186.76
874,721,person,787.02,96.96,103.8,152.91,787.02,96.96,15870.98
875,700,carton,926.28,312.3,304.44,209.03,926.28,312.3,63638.01
875,712,person,464.63,259.17,194.78,308.69,464.63,259.17,60128.0
875,721,person,787.05,95.93,103.53,153.07,787.05,95.93,15848.17
876,700,carton,925.03,312.06,304.52,209.41,925.03,312.06,63769.57
876,712,person,468.74,260.59,188.25,302.86,468.74,260.59,57012.77
876,721,person,784.79,95.16,103.72,153.22,784.79,95.16,15892.32
877,700,carton,920.02,311.0,303.64,208.78,920.02,311.0,63395.11
877,712,person,468.99,268.95,169.22,274.31,468.99,268.95,46419.75
877,721,person,779.58,95.19,103.34,152.74,779.58,95.19,15784.56
878,700,carton,913.9,312.66,303.36,208.59,913.9,312.66,63278.02
878,712,person,464.94,263.35,170.23,281.95,464.94,263.35,47996.13
878,721,person,774.5,94.88,102.45,151.83,774.5,94.88,15555.18
879,700,carton,910.33,311.91,305.67,210.44,910.33,311.91,64324.12
879,712,person,466.4,275.63,174.54,295.68,466.4,275.63,51607.57
879,721,person,769.77,94.69,101.9,150.89,769.77,94.69,15376.37
880,700,carton,905.09,308.45,304.33,209.44,905.09,308.45,63737.93
880,721,person,763.34,92.33,101.75,150.84,763.34,92.33,15348.52
881,700,carton,901.09,304.11,303.2,208.58,901.09,304.11,63243.42
881,721,person,757.54,89.69,100.21,147.31,757.54,89.69,14762.58
881,712,person,473.08,268.95,159.86,272.19,473.08,268.95,43511.17
882,700,carton,901.75,300.11,300.6,206.47,901.75,300.11,62064.94
882,721,person,758.89,86.72,97.17,142.45,758.89,86.72,13842.35
883,700,carton,903.71,300.83,299.26,205.37,903.71,300.83,61459.04
883,721,person,760.31,86.81,98.11,143.78,760.31,86.81,14105.71
883,712,person,530.16,260.62,164.63,275.43,530.16,260.62,45344.46
884,700,carton,903.91,308.52,295.35,202.14,903.91,308.52,59703.91
884,721,person,760.57,91.33,101.67,149.78,760.57,91.33,15228.46
884,732,forklift,492.07,228.34,411.68,418.82,492.07,228.34,172418.59
884,712,person,554.67,259.89,156.38,261.54,554.67,259.89,40898.3
885,700,carton,906.66,313.97,297.26,203.27,906.66,313.97,60421.98
885,721,person,761.59,94.05,102.39,150.33,761.59,94.05,15392.21
885,732,forklift,506.89,235.27,423.41,429.6,506.89,235.27,181898.03
885,712,person,574.66,258.49,156.85,262.88,574.66,258.49,41231.13
886,700,carton,910.18,317.79,296.71,202.56,910.18,317.79,60100.86
886,721,person,763.83,96.68,102.82,150.23,763.83,96.68,15445.73
886,712,person,624.86,258.04,155.76,246.88,624.86,258.04,38452.57
887,700,carton,913.23,318.19,300.46,205.1,913.23,318.19,61625.21
887,721,person,768.86,99.03,102.05,149.2,768.86,99.03,15225.95
887,712,person,646.65,291.98,177.29,278.9,646.65,291.98,49446.27
888,700,carton,916.74,318.72,298.56,203.38,916.74,318.72,60720.23
888,721,person,773.82,100.26,102.16,149.51,773.82,100.26,15273.24
888,712,person,670.43,305.24,182.92,285.21,670.43,305.24,52170.97
889,700,carton,918.21,318.44,300.78,204.48,918.21,318.44,61503.25
889,721,person,777.8,101.7,101.63,148.67,777.8,101.7,15109.79
889,712,person,702.99,313.51,185.48,284.65,702.99,313.51,52797.1
890,700,carton,930.28,321.34,300.77,206.03,930.28,321.34,61967.79
890,721,person,781.69,106.22,102.98,150.72,781.69,106.22,15522.12
890,712,person,730.62,322.59,183.7,277.67,730.62,322.59,51006.53
891,721,person,783.21,115.43,104.03,152.06,783.21,115.43,15818.32
891,712,person,762.57,336.58,179.57,269.78,762.57,336.58,48444.26
892,721,person,780.04,116.98,102.95,151.4,780.04,116.98,15587.54
892,712,person,794.67,342.55,171.43,255.74,794.67,342.55,43840.6
893,721,person,778.75,117.5,102.09,150.96,778.75,117.5,15411.67
893,712,person,805.76,344.48,168.97,250.5,805.76,344.48,42327.62
894,721,person,771.17,101.47,101.27,148.39,771.17,101.47,15028.13
894,700,person,904.98,326.41,332.38,229.72,904.98,326.41,76356.48
895,721,person,758.89,97.3,104.11,151.54,758.89,97.3,15777.43
895,700,person,916.73,335.66,311.35,220.53,916.73,335.66,68660.53
896,721,person,749.03,95.37,103.05,151.26,749.03,95.37,15588.2
896,700,person,943.16,349.49,266.62,191.93,943.16,349.49,51173.52
897,721,person,739.85,92.04,101.88,151.04,739.85,92.04,15388.14
897,700,person,973.31,359.52,228.95,166.73,973.31,359.52,38173.27
898,721,person,732.69,90.22,98.69,147.87,732.69,90.22,14592.76
898,700,person,1005.01,365.7,199.73,145.15,1005.01,365.7,28991.96
899,721,person,722.06,88.4,96.48,146.66,722.06,88.4,14149.85
899,712,carton,896.31,305.98,163.1,209.27,896.31,305.98,34131.2
900,721,person,709.67,85.49,90.56,139.76,709.67,85.49,12656.83
900,712,carton,896.8,299.42,177.11,203.72,896.8,299.42,36081.15
901,712,carton,894.59,293.23,190.28,201.67,894.59,293.23,38373.68
902,712,carton,894.43,287.87,200.64,198.75,894.43,287.87,39877.15
903,712,carton,893.92,287.56,210.17,196.96,893.92,287.56,41395.08
904,712,carton,892.91,287.57,219.0,196.09,892.91,287.57,42942.67
905,712,carton,894.13,291.26,229.3,198.18,894.13,291.26,45443.02
906,712,carton,897.2,295.6,235.68,197.2,897.2,295.6,46476.03
907,712,carton,899.39,294.8,242.03,197.07,899.39,294.8,47698.17
908,712,carton,899.58,292.63,254.23,203.25,899.58,292.63,51671.51
909,712,carton,901.66,294.28,260.01,204.26,901.66,294.28,53110.27
910,712,carton,902.15,294.9,264.52,204.63,902.15,294.9,54129.38
911,712,carton,906.12,294.11,269.13,205.49,906.12,294.11,55302.52
912,712,carton,908.04,291.47,271.67,204.87,908.04,291.47,55657.0
913,712,carton,908.81,290.5,273.57,203.96,908.81,290.5,55798.62
914,712,carton,911.3,291.62,273.75,201.92,911.3,291.62,55276.15
915,712,carton,916.41,292.72,274.11,200.2,916.41,292.72,54877.65
915,738,person,588.33,87.61,110.32,145.18,588.33,87.61,16016.73
916,712,carton,922.37,297.3,277.99,201.6,922.37,297.3,56042.37
916,738,person,593.56,93.61,117.33,154.53,593.56,93.61,18131.2
917,712,carton,927.05,297.13,277.93,199.84,927.05,297.13,55540.88
917,738,person,602.05,93.28,116.85,154.14,602.05,93.28,18011.35
918,712,carton,931.28,293.2,282.89,201.74,931.28,293.2,57069.04
919,712,carton,933.6,288.15,287.38,203.56,933.6,288.15,58497.55
919,738,person,620.24,88.49,107.83,141.97,620.24,88.49,15307.75
920,712,carton,931.19,287.4,289.05,203.98,931.19,287.4,58960.67
920,738,person,625.28,88.99,108.96,144.08,625.28,88.99,15698.42
921,712,carton,927.67,285.21,289.87,203.72,927.67,285.21,59053.84
921,738,person,628.14,89.28,109.1,144.9,628.14,89.28,15809.39
922,712,carton,926.2,283.99,291.67,204.34,926.2,283.99,59600.73
922,738,person,628.91,89.4,108.99,145.39,628.91,89.4,15845.97
923,712,carton,930.08,280.28,297.27,208.07,930.08,280.28,61853.84
923,738,person,631.28,88.3,107.08,143.64,631.28,88.3,15380.77
924,712,carton,927.01,280.62,291.67,203.41,927.01,280.62,59329.73
924,738,person,627.12,88.1,106.21,143.27,627.12,88.1,15216.11
925,712,carton,923.47,271.01,294.18,204.65,923.47,271.01,60204.48
925,738,person,617.74,82.94,98.51,132.94,617.74,82.94,13096.58
926,712,carton,921.47,258.76,296.26,205.65,921.47,258.76,60925.59
926,738,person,617.21,76.17,87.65,118.38,617.21,76.17,10376.4
927,712,carton,922.73,251.29,293.78,203.34,922.73,251.29,59736.82
927,738,person,619.67,71.34,81.54,109.58,619.67,71.34,8934.72
928,712,carton,923.67,252.38,293.59,202.82,923.67,252.38,59546.32
928,738,person,620.36,72.85,83.54,112.17,620.36,72.85,9370.87
929,712,carton,924.26,256.19,296.96,205.06,924.26,256.19,60893.7
929,738,person,617.48,75.2,86.09,116.11,617.48,75.2,9995.08
930,712,carton,921.98,259.84,299.78,207.14,921.98,259.84,62096.59
930,738,person,601.76,77.36,91.81,120.59,601.76,77.36,11071.32
931,712,carton,915.72,255.76,304.99,211.07,915.72,255.76,64375.74
931,738,person,597.55,75.71,90.69,118.93,597.55,75.71,10785.86
932,712,carton,909.93,252.56,303.64,210.1,909.93,252.56,63795.04
932,738,person,591.97,74.09,87.89,115.16,591.97,74.09,10121.94
933,712,carton,906.33,253.51,298.24,205.66,906.33,253.51,61335.2
933,738,person,589.57,74.54,88.48,115.67,589.57,74.54,10234.6
934,712,carton,907.25,252.68,294.17,203.42,907.25,252.68,59841.97
934,738,person,597.92,74.76,88.03,114.6,597.92,74.76,10088.47
934,741,person,1037.47,300.53,223.84,173.8,1037.47,300.53,38902.63
935,738,person,610.09,75.16,88.33,114.41,610.09,75.16,10105.97
935,741,person,1034.87,291.55,243.67,190.75,1034.87,291.55,46480.14
936,738,person,619.75,76.75,92.77,118.78,619.75,76.75,11019.38
936,712,person,945.98,276.45,309.94,217.64,945.98,276.45,67456.56
937,738,person,617.1,79.51,100.1,124.81,617.1,79.51,12493.41
937,712,person,959.87,280.85,317.73,227.73,959.87,280.85,72357.57
938,738,person,612.64,80.13,103.92,126.25,612.64,80.13,13118.98
938,712,person,954.85,279.01,331.85,241.99,954.85,279.01,80301.85
939,738,person,623.24,78.14,100.62,123.57,623.24,78.14,12432.74
939,712,person,910.41,276.36,323.07,247.27,910.41,276.36,79884.66
940,738,person,624.43,77.07,99.11,121.21,624.43,77.07,12013.26
940,712,person,875.47,272.74,314.85,251.96,875.47,272.74,79329.07
941,712,person,847.89,260.93,308.43,260.41,847.89,260.93,80319.03
942,712,person,814.48,256.33,304.4,269.86,814.48,256.33,82146.7
942,741,carton,970.46,245.72,280.72,221.19,970.46,245.72,62090.89
942,738,person,620.84,78.14,99.95,122.79,620.84,78.14,12272.56
943,712,person,790.22,259.27,296.04,275.74,790.22,259.27,81629.37
943,741,carton,959.83,255.24,273.34,215.32,959.83,255.24,58855.81
943,738,person,613.93,82.29,106.03,130.23,613.93,82.29,13808.77
944,712,person,750.72,256.87,295.15,282.05,750.72,256.87,83246.96
944,741,carton,946.99,252.89,279.06,218.58,946.99,252.89,60998.13
944,738,person,609.26,83.0,108.71,132.17,609.26,83.0,14368.76
945,712,person,736.31,232.38,252.61,244.69,736.31,232.38,61810.3
945,741,carton,945.85,255.02,284.45,221.2,945.85,255.02,62920.41
945,738,person,607.59,83.95,112.36,134.81,607.59,83.95,15147.98
946,712,person,722.76,241.57,272.3,272.46,722.76,241.57,74191.12
946,741,carton,948.61,260.45,285.37,220.18,948.61,260.45,62830.93
946,738,person,610.83,86.81,116.78,139.82,610.83,86.81,16327.44
947,712,person,705.39,236.72,257.99,266.46,705.39,236.72,68746.12
947,741,carton,951.32,270.42,281.62,215.66,951.32,270.42,60733.75
947,738,person,607.91,91.55,122.52,148.51,607.91,91.55,18195.32
948,712,person,689.3,233.78,243.56,258.85,689.3,233.78,63046.14
948,741,carton,953.98,275.76,282.4,215.0,953.98,275.76,60714.74
948,738,person,605.83,94.59,126.53,153.73,605.83,94.59,19451.84
949,712,person,682.49,235.25,232.06,253.98,682.49,235.25,58938.24
949,741,carton,961.69,280.2,280.56,211.97,961.69,280.2,59469.42
949,738,person,609.62,96.46,126.19,155.66,609.62,96.46,19642.67
950,712,person,676.33,238.26,215.88,240.44,676.33,238.26,51906.5
950,741,carton,971.85,286.08,279.99,210.08,971.85,286.08,58819.69
950,738,person,622.98,95.99,122.77,151.89,622.98,95.99,18647.91
951,712,person,673.42,230.75,214.85,243.3,673.42,230.75,52271.95
951,741,carton,983.58,284.13,283.24,211.44,983.58,284.13,59888.32
952,712,person,665.56,238.98,221.35,254.85,665.56,238.98,56409.82
952,741,carton,989.85,288.98,285.33,211.9,989.85,288.98,60461.73
953,712,person,658.33,247.34,219.35,257.51,658.33,247.34,56484.95
953,741,carton,992.68,296.8,284.3,209.94,992.68,296.8,59685.25
954,712,person,655.83,250.59,216.38,258.54,655.83,250.59,55944.01
954,741,carton,993.88,300.22,283.79,208.45,993.88,300.22,59155.17
955,712,person,662.52,250.51,214.13,261.98,662.52,250.51,56098.5
955,741,carton,1001.24,301.81,281.59,205.56,1001.24,301.81,57881.4
956,712,person,676.41,251.6,215.32,268.99,676.41,251.6,57917.85
956,741,carton,1005.54,302.26,281.27,204.14,1005.54,302.26,57418.65
957,712,person,690.33,252.4,210.22,268.2,690.33,252.4,56381.21
957,741,carton,1005.78,305.57,278.76,200.73,1005.78,305.57,55955.13
958,712,person,704.12,257.83,201.27,263.15,704.12,257.83,52964.54
958,741,carton,1005.46,312.28,281.51,201.63,1005.46,312.28,56761.22
958,738,person,652.09,103.69,122.96,156.68,652.09,103.69,19265.05
959,712,person,720.87,267.22,189.21,251.86,720.87,267.22,47655.57
959,741,carton,1005.59,317.97,284.37,202.78,1005.59,317.97,57664.45
959,738,person,654.05,113.09,123.98,162.97,654.05,113.09,20205.67
960,712,person,736.57,270.91,177.95,246.21,736.57,270.91,43812.97
960,741,carton,1006.46,321.58,283.91,201.65,1006.46,321.58,57251.48
960,738,person,656.73,119.16,126.83,172.17,656.73,119.16,21836.06
961,712,person,752.47,275.21,170.65,245.0,752.47,275.21,41809.43
961,741,carton,1007.06,322.83,284.74,201.38,1007.06,322.83,57341.99
961,738,person,658.52,121.92,126.66,176.71,658.52,121.92,22381.33
962,712,person,757.93,276.74,164.44,244.48,757.93,276.74,40202.98
962,741,carton,1007.28,323.21,285.85,201.36,1007.28,323.21,57558.72
962,738,person,658.13,123.6,124.79,178.64,658.13,123.6,22291.39
963,738,person,650.08,121.55,120.25,175.81,650.08,121.55,21141.64
964,738,person,645.66,129.17,115.16,169.99,645.66,129.17,19576.26
964,741,carton,992.59,316.62,310.29,219.78,992.59,316.62,68195.61
965,738,person,635.97,129.13,116.68,175.06,635.97,129.13,20425.17
965,741,carton,983.73,316.15,309.82,220.31,983.73,316.15,68254.73
966,738,person,625.88,127.78,113.62,173.01,625.88,127.78,19657.14
966,741,carton,973.33,307.77,320.17,229.48,973.33,307.77,73472.67
967,738,person,616.41,123.35,115.42,178.0,616.41,123.35,20544.86
967,741,carton,961.4,310.96,308.44,220.47,961.4,310.96,68001.26
968,738,person,608.49,125.82,113.24,177.06,608.49,125.82,20049.46
968,741,carton,954.91,316.6,296.9,210.75,954.91,316.6,62571.6
969,738,person,604.7,126.0,111.89,178.1,604.7,126.0,19928.35
969,741,carton,949.6,319.16,291.17,204.94,949.6,319.16,59670.99
970,738,person,597.54,120.29,108.76,174.4,597.54,120.29,18967.94
970,741,carton,945.05,316.15,294.69,206.56,945.05,316.15,60872.68
971,738,person,593.6,116.42,107.5,172.93,593.6,116.42,18590.52
971,741,carton,943.57,312.64,294.54,206.06,943.57,312.64,60693.58
971,712,person,819.21,292.7,155.61,213.75,819.21,292.7,33260.34
972,738,person,591.85,115.01,106.68,170.74,591.85,115.01,18214.26
972,741,carton,947.89,309.4,292.57,205.38,947.89,309.4,60088.52
972,712,person,821.18,292.24,163.04,211.04,821.18,292.24,34408.79
973,738,person,594.14,111.22,104.32,165.94,594.14,111.22,17310.58
973,741,carton,956.58,304.53,289.97,205.03,956.58,304.53,59452.64
973,712,person,828.64,289.68,172.48,214.08,828.64,289.68,36925.98
974,738,person,599.71,105.85,103.64,162.99,599.71,105.85,16891.92
974,741,carton,960.22,297.89,285.03,202.18,960.22,297.89,57627.62
974,712,person,834.43,284.21,179.18,214.49,834.43,284.21,38432.25
975,738,person,599.17,102.45,103.44,161.62,599.17,102.45,16718.2
975,741,carton,958.98,294.45,283.3,201.7,958.98,294.45,57142.17
975,712,person,834.19,281.69,184.67,215.24,834.19,281.69,39746.81
976,738,person,597.16,102.81,104.28,162.31,597.16,102.81,16925.76
976,741,carton,953.93,295.08,284.44,202.85,953.93,295.08,57697.45
976,712,person,832.54,282.77,188.59,214.94,832.54,282.77,40536.73
977,738,person,598.08,99.88,103.69,160.57,598.08,99.88,16649.07
977,741,carton,956.77,290.37,283.53,203.4,956.77,290.37,57669.61
977,712,person,832.14,278.79,192.23,215.04,832.14,278.79,41336.68
978,738,person,599.06,97.26,102.67,157.56,599.06,97.26,16177.11
978,741,carton,957.88,287.8,287.2,207.11,957.88,287.8,59481.42
978,712,person,834.1,275.08,194.52,213.51,834.1,275.08,41531.99
979,738,person,598.76,98.24,103.6,159.51,598.76,98.24,16525.53
979,741,carton,951.62,288.47,289.46,208.28,951.62,288.47,60289.79
979,712,person,834.13,276.78,197.84,213.9,834.13,276.78,42316.78
980,738,person,599.15,97.61,103.56,159.57,599.15,97.61,16525.29
980,741,carton,946.86,288.41,289.89,207.51,946.86,288.41,60153.43
980,712,person,832.68,276.33,199.09,212.47,832.68,276.33,42299.2
980,749,person,561.37,80.94,34.78,109.59,561.37,80.94,3811.56
981,738,person,599.16,96.95,102.91,158.39,599.16,96.95,16300.25
981,741,carton,952.58,287.78,289.58,207.23,952.58,287.78,60008.52
981,712,person,833.11,275.36,202.44,213.65,833.11,275.36,43250.93
982,738,person,602.9,98.29,105.1,160.58,602.9,98.29,16876.15
982,741,carton,954.79,289.35,287.95,205.73,954.79,289.35,59238.62
982,712,person,834.54,277.03,205.92,215.31,834.54,277.03,44336.33
983,738,person,602.89,100.72,107.15,163.15,602.89,100.72,17481.94
983,741,carton,953.44,294.01,287.49,204.93,953.44,294.01,58915.11
983,712,person,833.91,281.63,209.98,218.02,833.91,281.63,45780.42
983,749,person,563.29,87.03,35.41,111.21,563.29,87.03,3938.05
984,738,person,602.52,102.3,108.26,163.96,602.52,102.3,17749.85
984,741,carton,946.81,295.79,290.02,205.92,946.81,295.79,59718.7
984,712,person,831.24,284.18,211.74,218.64,831.24,284.18,46294.16
985,738,person,602.47,100.25,107.81,161.43,602.47,100.25,17403.84
985,741,carton,943.5,291.21,291.6,206.14,943.5,291.21,60108.54
985,712,person,830.61,279.51,210.58,216.09,830.61,279.51,45503.86
986,738,person,602.53,99.49,108.36,160.69,602.53,99.49,17412.13
986,741,carton,941.94,289.6,293.18,206.42,941.94,289.6,60519.14
986,712,person,830.29,277.97,211.48,215.94,830.29,277.97,45666.77
987,738,person,601.19,97.49,106.58,156.0,601.19,97.49,16626.26
987,741,carton,937.01,286.81,299.02,210.5,937.01,286.81,62942.36
987,712,person,827.28,270.5,210.55,213.79,827.28,270.5,45013.7
988,738,person,602.04,98.34,106.2,154.17,602.04,98.34,16371.94
988,741,carton,936.98,286.32,299.54,210.86,936.98,286.32,63162.6
988,712,person,827.22,269.73,209.67,211.65,827.22,269.73,44376.55
989,738,person,607.49,98.18,106.68,153.22,607.49,98.18,16345.79
989,741,carton,949.14,286.6,301.5,213.46,949.14,286.6,64358.39
989,712,person,834.18,272.29,217.01,218.33,834.18,272.29,47380.07
990,738,person,614.73,97.24,106.7,151.67,614.73,97.24,16183.9
990,741,carton,950.15,285.44,301.37,212.37,950.15,285.44,64003.13
990,712,person,840.16,271.86,222.27,223.66,840.16,271.86,49711.55
991,738,person,620.29,97.24,108.21,152.2,620.29,97.24,16469.66
991,741,carton,958.12,286.63,299.65,210.81,958.12,286.63,63168.54
991,712,person,846.01,272.27,222.17,223.28,846.01,272.27,49606.52
991,751,person,920.33,279.79,370.33,236.2,920.33,279.79,87473.05
992,738,person,626.86,101.0,112.89,157.83,626.86,101.0,17818.19
992,741,carton,978.47,291.64,293.45,208.51,978.47,291.64,61187.71
992,712,person,854.36,277.67,219.2,219.65,854.36,277.67,48148.99
993,738,person,634.63,102.59,114.93,160.04,634.63,102.59,18393.59
993,741,carton,985.64,293.63,290.01,206.67,985.64,293.63,59936.0
993,712,person,862.88,281.75,219.43,218.89,862.88,281.75,48029.65
993,751,person,910.28,288.5,356.09,227.8,910.28,288.5,81118.77
994,738,person,637.37,102.75,114.41,158.37,637.37,102.75,18120.28
994,741,carton,984.42,291.36,291.82,208.42,984.42,291.36,60819.84
994,712,person,864.93,279.98,218.54,216.92,864.93,279.98,47406.16
994,751,person,917.12,286.59,353.9,226.72,917.12,286.59,80237.67
995,738,person,633.29,104.24,114.62,158.19,633.29,104.24,18131.06
995,741,carton,977.23,292.77,291.95,208.11,977.23,292.77,60757.01
995,712,person,860.71,281.15,218.82,216.49,860.71,281.15,47372.6
995,751,person,916.24,287.62,347.02,222.23,916.24,287.62,77116.73
996,738,person,630.37,106.35,117.18,161.84,630.37,106.35,18964.56
996,741,carton,983.83,296.74,286.58,205.72,983.83,296.74,58955.22
996,712,person,856.94,286.26,219.71,216.77,856.94,286.26,47625.2
997,738,person,630.66,108.15,118.44,163.84,630.66,108.15,19404.04
997,741,carton,980.98,299.94,286.21,205.56,980.98,299.94,58832.34
997,712,person,856.68,289.76,220.13,216.68,856.68,289.76,47697.18
998,738,person,632.75,106.64,120.02,166.88,632.75,106.64,20027.78
998,741,carton,974.98,299.96,288.97,206.45,974.98,299.96,59658.28
998,712,person,858.3,290.0,220.18,216.31,858.3,290.0,47627.05
999,738,person,633.65,104.94,119.29,166.51,633.65,104.94,19862.38
999,741,carton,973.08,298.35,288.02,204.62,973.08,298.35,58933.98
999,712,person,858.05,288.71,220.38,216.12,858.05,288.71,47629.5
1000,738,person,633.68,104.38,118.69,166.1,633.68,104.38,19714.9
1000,741,carton,972.32,297.71,288.64,204.05,972.32,297.71,58899.21
1000,712,person,857.97,288.16,220.87,216.28,857.97,288.16,47768.43
1001,738,person,637.03,104.91,115.88,163.21,637.03,104.91,18912.92
1001,741,carton,972.17,296.82,289.48,203.74,972.17,296.82,58978.45
1001,712,person,857.13,287.43,220.21,215.38,857.13,287.43,47427.77
1002,738,person,637.06,104.08,114.88,161.99,637.06,104.08,18609.12
1002,741,carton,976.02,295.56,289.79,203.91,976.02,295.56,59092.22
1002,712,person,858.48,286.09,219.61,214.33,858.48,286.09,47067.87
1003,738,person,634.92,103.3,114.84,161.69,634.92,103.3,18567.77
1003,741,carton,978.85,293.53,290.63,204.98,978.85,293.53,59575.17
1003,712,person,858.22,283.36,220.92,215.25,858.22,283.36,47551.1
1003,751,person,916.54,288.64,345.34,220.94,916.54,288.64,76301.64
1004,738,person,632.24,102.6,114.68,160.94,632.24,102.6,18456.66
1004,741,carton,986.85,292.39,287.6,204.68,986.85,292.39,58864.86
1004,712,person,856.5,281.3,221.54,215.29,856.5,281.3,47693.3
1005,738,person,632.04,102.1,115.3,161.61,632.04,102.1,18633.85
1005,741,carton,991.01,291.78,282.88,203.06,991.01,291.78,57442.18
1005,712,person,857.63,279.32,220.41,213.56,857.63,279.32,47071.98
1006,738,person,632.76,101.25,114.64,160.34,632.76,101.25,18381.55
1006,741,carton,991.99,289.76,280.04,202.57,991.99,289.76,56726.76
1006,712,person,857.93,277.28,220.75,213.55,857.93,277.28,47142.03
1007,738,person,630.89,98.14,113.19,157.75,630.89,98.14,17855.44
1007,741,carton,986.48,286.92,281.48,204.29,986.48,286.92,57502.89
1007,712,person,856.85,271.76,216.93,208.99,856.85,271.76,45335.93
1008,738,person,630.53,96.35,112.43,156.83,630.53,96.35,17632.46
1008,741,carton,993.73,285.31,276.28,202.95,993.73,285.31,56072.12
1008,712,person,857.37,269.23,215.29,206.51,857.37,269.23,44459.06
1009,738,person,628.47,97.27,112.23,158.04,628.47,97.27,17735.88
1009,741,carton,985.46,286.44,277.56,203.68,985.46,286.44,56533.02
1009,712,person,858.45,270.85,215.59,205.84,858.45,270.85,44378.67
1009,751,person,921.16,282.5,347.46,221.38,921.16,282.5,76920.45
1010,738,person,625.2,98.87,112.38,159.14,625.2,98.87,17884.82
1010,741,carton,986.98,287.73,274.14,201.99,986.98,287.73,55372.88
1010,712,person,857.69,273.42,216.39,205.76,857.69,273.42,44525.25
1011,738,person,623.93,99.51,112.16,159.71,623.93,99.51,17913.13
1011,741,carton,988.21,288.32,271.96,201.26,988.21,288.32,54733.5
1011,712,person,857.39,273.91,216.44,204.93,857.39,273.91,44355.98
