frame,object_id,class,x,y,width,height,center_x,center_y,area
1,1087,person,186.73,529.27,191.13,213.2,186.73,529.27,40748.93
2,1087,person,186.76,529.91,190.87,212.91,186.76,529.91,40636.48
3,1087,person,186.86,529.8,191.2,213.29,186.86,529.8,40781.94
4,1087,person,185.71,530.84,188.67,210.61,185.71,530.84,39737.11
5,1087,person,186.7,531.35,189.07,211.03,186.7,531.35,39899.04
6,1087,person,187.35,531.53,189.45,211.4,187.35,531.53,40049.8
7,1087,person,187.84,531.71,189.58,211.42,187.84,531.71,40081.42
8,1087,person,188.08,531.89,189.92,211.69,188.08,531.89,40205.05
9,1087,person,188.0,532.05,190.13,211.8,188.0,532.05,40268.0
10,1087,person,187.57,532.28,190.16,211.75,187.57,532.28,40267.35
10,1098,person,592.29,348.46,112.94,250.3,592.29,348.46,28269.73
10,1099,person,28.44,467.69,56.88,212.42,28.44,467.69,12082.42
11,1087,person,187.05,532.53,190.01,211.51,187.05,532.53,40187.55
11,1098,person,585.6,348.65,112.42,249.93,585.6,348.65,28095.66
11,1099,person,28.26,468.5,56.51,210.83,28.26,468.5,11914.57
12,1087,person,186.57,532.39,189.15,210.69,186.57,532.39,39853.46
12,1098,person,583.47,347.43,113.52,253.53,583.47,347.43,28780.41
12,1099,person,28.17,467.37,56.33,212.69,28.17,467.37,11981.17
13,1087,person,186.49,532.31,189.24,210.96,186.49,532.31,39923.0
13,1098,person,580.91,345.21,112.61,253.12,580.91,345.21,28504.34
13,1099,person,28.47,465.03,56.94,217.88,28.47,465.03,12405.32
14,1087,person,186.08,532.3,189.42,211.56,186.08,532.3,40073.29
14,1098,person,579.64,342.26,109.58,247.64,579.64,342.26,27137.66
14,1099,person,28.22,466.57,56.43,214.99,28.22,466.57,12132.45
15,1087,person,186.18,532.31,189.37,211.82,186.18,532.31,40112.59
15,1098,person,578.99,341.08,108.38,246.38,578.99,341.08,26703.38
15,1099,person,28.34,465.28,56.69,217.75,28.34,465.28,12343.12
16,1087,person,186.59,532.29,189.23,211.9,186.59,532.29,40097.55
16,1098,person,579.71,339.91,107.27,244.74,579.71,339.91,26254.07
16,1099,person,28.44,463.81,56.88,220.67,28.44,463.81,12552.3
17,1087,person,179.83,533.12,187.74,212.55,179.83,533.12,39904.69
17,1099,person,28.82,462.69,57.65,223.64,28.82,462.69,12892.35
18,1087,person,177.88,533.93,186.48,213.45,177.88,533.93,39804.09
18,1099,person,29.03,462.52,58.06,225.8,29.03,462.52,13110.61
19,1087,person,177.27,534.31,185.15,214.08,177.27,534.31,39638.67
19,1099,person,29.03,462.54,58.06,226.73,29.03,462.54,13164.2
20,1087,person,177.55,534.48,183.28,213.95,177.55,534.48,39212.1
20,1099,person,29.15,463.47,58.29,225.8,29.15,463.47,13162.52
21,1087,person,178.03,534.58,181.6,213.89,178.03,534.58,38842.17
21,1099,person,29.16,464.95,58.31,223.17,29.16,464.95,13013.32
21,1098,person,585.16,342.27,105.55,244.87,585.16,342.27,25844.96
22,1087,person,178.33,535.12,179.58,213.19,178.33,535.12,38285.75
22,1099,person,29.18,467.49,57.45,218.22,29.18,467.49,12536.43
23,1087,person,178.27,535.31,178.17,213.12,178.27,535.31,37972.79
23,1099,person,29.3,466.95,57.9,219.76,29.3,466.95,12724.87
24,1087,person,178.81,535.55,176.67,212.86,178.81,535.55,37606.59
24,1099,person,29.73,463.38,59.46,229.31,29.73,463.38,13635.33
25,1087,person,178.46,535.77,175.52,212.8,178.46,535.77,37351.43
25,1099,person,29.5,464.73,59.0,225.62,29.5,464.73,13310.81
26,1087,person,179.07,535.67,174.34,212.73,179.07,535.67,37087.81
26,1099,person,30.07,461.46,60.14,233.57,30.07,461.46,14046.06
27,1087,person,179.82,536.16,172.49,211.74,179.82,536.16,36524.21
27,1099,person,30.32,460.94,60.65,235.72,30.32,460.94,14295.27
28,1087,person,179.63,536.22,171.42,211.43,179.63,536.22,36243.58
28,1099,person,30.35,460.59,60.71,236.9,30.35,460.59,14381.42
29,1087,person,178.72,536.17,170.9,211.73,178.72,536.17,36183.83
29,1099,person,30.14,460.04,60.27,237.91,30.14,460.04,14339.13
30,1087,person,179.06,536.14,169.89,211.38,179.06,536.14,35910.18
30,1099,person,30.12,460.41,60.23,237.35,30.12,460.41,14296.51
31,1087,person,179.19,536.15,169.12,211.33,179.19,536.15,35739.42
31,1099,person,30.1,460.09,60.21,237.8,30.1,460.09,14317.56
32,1087,person,179.13,536.06,168.41,211.22,179.13,536.06,35572.75
32,1099,person,29.9,460.58,59.81,236.66,29.9,460.58,14153.73
33,1087,person,179.5,536.33,167.69,210.95,179.5,536.33,35373.17
33,1099,person,29.62,461.92,59.24,233.93,29.62,461.92,13857.19
34,1087,person,181.68,537.44,168.17,212.15,181.68,537.44,35676.74
34,1099,person,30.68,465.96,58.47,226.51,30.68,465.96,13245.36
35,1087,person,185.01,538.09,167.56,211.97,185.01,538.09,35517.36
35,1099,person,31.71,471.23,56.9,216.89,31.71,471.23,12341.13
36,1087,person,186.62,538.34,166.94,211.9,186.62,538.34,35374.01
36,1099,person,32.27,473.34,56.93,213.76,32.27,473.34,12169.47
37,1087,person,187.61,538.78,166.53,212.04,187.61,538.78,35309.54
37,1099,person,32.5,474.17,57.59,213.45,32.5,474.17,12293.62
38,1087,person,188.16,540.38,167.54,214.47,188.16,540.38,35932.25
38,1099,person,34.0,472.84,60.43,221.18,34.0,472.84,13366.56
39,1087,person,188.91,540.96,167.5,215.69,188.91,540.96,36126.55
39,1099,person,34.94,474.71,61.1,220.01,34.94,474.71,13441.84
40,1087,person,189.03,540.67,166.8,215.85,189.03,540.67,36005.13
40,1099,person,34.36,476.4,60.56,215.3,34.36,476.4,13037.61
41,1087,person,188.61,540.12,165.91,215.42,188.61,540.12,35740.77
41,1099,person,34.09,475.03,61.62,217.1,34.09,475.03,13378.29
42,1087,person,188.59,540.06,165.59,215.75,188.59,540.06,35726.84
42,1099,person,34.07,477.28,61.0,212.14,34.07,477.28,12939.71
43,1087,person,189.11,540.31,165.27,216.18,189.11,540.31,35728.9
43,1099,person,34.15,483.06,58.8,200.48,34.15,483.06,11787.88
44,1087,person,189.39,539.35,164.75,216.39,189.39,539.35,35651.34
44,1099,person,34.1,483.06,59.43,199.71,34.1,483.06,11868.66
45,1087,person,188.84,539.44,164.56,216.75,188.84,539.44,35667.66
45,1099,person,33.74,482.84,59.9,198.9,33.74,482.84,11913.44
46,1087,person,188.6,539.51,164.26,216.86,188.6,539.51,35621.77
46,1099,person,33.24,501.72,51.54,163.59,33.24,501.72,8431.7
47,1087,person,188.74,538.49,163.78,216.77,188.74,538.49,35502.64
47,1099,person,32.89,508.36,49.57,151.72,32.89,508.36,7521.44
47,1101,person,32.31,475.67,63.04,213.36,32.31,475.67,13450.09
48,1087,person,188.58,538.03,163.4,216.77,188.58,538.03,35420.72
48,1101,person,32.26,476.95,61.66,208.51,32.26,476.95,12857.84
49,1087,person,188.6,537.91,163.27,217.09,188.6,537.91,35443.98
49,1101,person,32.08,476.72,61.6,208.11,32.08,476.72,12820.51
50,1087,person,189.02,538.19,162.9,217.14,189.02,538.19,35373.16
50,1101,person,32.48,475.26,62.68,211.53,32.48,475.26,13259.53
51,1087,person,189.81,538.35,162.34,216.85,189.81,538.35,35203.38
51,1101,person,32.77,474.62,63.22,213.01,32.77,474.62,13466.2
52,1087,person,190.25,538.42,162.02,216.82,190.25,538.42,35127.78
52,1101,person,33.2,474.06,63.78,214.49,33.2,474.06,13680.49
53,1087,person,189.95,538.12,161.71,216.61,189.95,538.12,35027.74
53,1101,person,32.98,474.7,63.37,212.65,32.98,474.7,13476.3
54,1087,person,189.75,537.77,161.83,216.92,189.75,537.77,35103.73
54,1101,person,32.71,475.18,63.05,211.12,32.71,475.18,13310.54
55,1087,person,189.54,537.59,161.84,217.08,189.54,537.59,35132.12
55,1101,person,32.64,476.39,62.44,208.43,32.64,476.39,13015.23
56,1087,person,189.55,537.63,161.55,216.82,189.55,537.63,35028.4
56,1101,person,32.63,476.71,62.44,207.79,32.63,476.71,12974.86
57,1087,person,189.59,537.61,161.36,216.61,189.59,537.61,34952.77
57,1101,person,32.62,476.76,62.57,207.61,32.62,476.76,12990.95
58,1087,person,189.05,538.28,161.49,216.51,189.05,538.28,34963.94
58,1101,person,32.37,477.2,62.33,206.27,32.37,477.2,12856.98
59,1087,person,188.69,538.56,161.47,216.23,188.69,538.56,34915.95
59,1101,person,32.21,478.2,61.86,204.01,32.21,478.2,12619.3
60,1087,person,188.86,538.07,161.27,215.91,188.86,538.07,34820.16
60,1101,person,32.28,477.8,62.16,204.45,32.28,477.8,12709.59
61,1087,person,188.7,537.28,161.65,216.38,188.7,537.28,34977.31
61,1101,person,32.29,477.49,62.33,204.42,32.29,477.49,12740.73
62,1087,person,188.61,536.96,161.84,216.51,188.61,536.96,35040.14
62,1101,person,32.22,478.1,62.01,202.67,32.22,478.1,12566.77
63,1087,person,188.04,536.54,161.38,215.61,188.04,536.54,34794.93
63,1101,person,32.03,478.14,61.89,201.78,32.03,478.14,12487.8
64,1087,person,187.75,536.21,161.52,215.57,187.75,536.21,34820.45
64,1101,person,31.94,477.93,61.99,201.66,31.94,477.93,12500.09
65,1087,person,187.46,536.17,161.38,215.14,187.46,536.17,34719.09
65,1101,person,31.89,478.28,61.86,200.74,31.89,478.28,12418.58
66,1087,person,187.18,536.21,161.28,214.79,187.18,536.21,34641.19
66,1101,person,31.74,478.99,61.48,198.95,31.74,478.99,12231.64
67,1087,person,187.33,536.38,161.48,214.89,187.33,536.38,34699.86
67,1101,person,31.76,479.68,61.27,197.57,31.76,479.68,12104.14
68,1087,person,187.8,536.71,162.2,215.71,187.8,536.71,34987.03
68,1101,person,31.89,478.25,62.45,201.23,31.89,478.25,12567.01
69,1087,person,187.98,536.7,162.08,215.36,187.98,536.7,34904.74
69,1101,person,31.98,477.7,62.83,202.25,31.98,477.7,12708.04
70,1087,person,188.0,536.58,162.08,215.16,188.0,536.58,34872.39
70,1101,person,31.9,477.86,62.7,201.56,31.9,477.86,12636.97
71,1087,person,187.64,536.31,161.82,214.7,187.64,536.31,34742.54
71,1101,person,31.82,478.02,62.41,200.34,31.82,478.02,12503.84
72,1087,person,187.7,535.69,161.4,213.67,187.7,535.69,34486.62
72,1101,person,31.71,478.96,61.91,198.27,31.71,478.96,12274.68
73,1087,person,187.7,535.49,161.28,213.1,187.7,535.49,34369.6
73,1101,person,31.63,478.84,61.94,198.08,31.63,478.84,12268.6
74,1087,person,187.68,535.94,161.96,213.87,187.68,535.94,34637.05
74,1101,person,31.63,479.7,61.64,196.65,31.63,479.7,12121.61
75,1087,person,187.68,536.3,162.16,213.96,187.68,536.3,34694.88
75,1101,person,31.61,480.18,61.48,195.64,31.61,480.18,12027.07
76,1087,person,187.69,535.63,161.68,212.84,187.69,535.63,34412.57
76,1101,person,31.31,479.31,61.69,196.27,31.31,479.31,12106.98
77,1087,person,186.79,535.24,162.7,213.94,186.79,535.24,34808.79
77,1101,person,30.49,480.05,60.69,193.2,30.49,480.05,11725.38
78,1087,person,186.51,534.97,163.21,214.51,186.51,534.97,35010.61
78,1101,person,30.33,479.84,60.66,193.26,30.33,479.84,11722.39
79,1087,person,186.7,535.08,163.24,214.51,186.7,535.08,35015.31
79,1101,person,30.83,494.06,54.27,168.6,30.83,494.06,9150.68
80,1087,person,186.88,535.19,163.39,214.68,186.88,535.19,35075.68
80,1101,person,30.99,499.42,52.16,158.41,30.99,499.42,8263.12
81,1087,person,187.06,534.88,163.71,215.07,187.06,534.88,35208.64
81,1101,person,31.19,500.82,52.61,156.77,31.19,500.82,8247.86
82,1087,person,186.65,534.91,163.43,214.49,186.65,534.91,35053.98
82,1101,person,30.92,501.69,52.94,155.21,30.92,501.69,8216.35
83,1087,person,186.44,534.82,163.44,214.26,186.44,534.82,35018.43
83,1101,person,30.74,485.48,61.49,182.86,30.74,485.48,11243.12
84,1087,person,186.12,534.5,163.52,214.12,186.12,534.5,35014.07
84,1101,person,31.37,478.95,62.74,193.93,31.37,478.95,12166.29
85,1087,person,185.14,534.15,163.45,213.65,185.14,534.15,34921.63
85,1101,person,31.7,473.96,63.41,202.5,31.7,473.96,12839.65
85,1104,person,608.63,346.89,96.36,238.35,608.63,346.89,22968.77
86,1087,person,184.57,533.77,163.88,213.9,184.57,533.77,35052.79
86,1101,person,32.12,469.85,64.23,210.51,32.12,469.85,13521.56
86,1104,person,608.25,346.71,96.84,239.74,608.25,346.71,23217.19
87,1087,person,184.6,533.61,164.16,214.09,184.6,533.61,35145.75
87,1101,person,31.84,470.34,63.68,209.48,31.84,470.34,13338.92
87,1104,person,609.5,346.01,96.84,240.06,609.5,346.01,23247.08
88,1087,person,184.21,533.35,164.52,214.3,184.21,533.35,35256.81
88,1101,person,31.49,471.25,62.98,207.78,31.49,471.25,13085.04
88,1104,person,608.73,345.94,97.17,241.6,608.73,345.94,23475.2
89,1087,person,183.66,532.91,165.07,214.71,183.66,532.91,35442.75
89,1101,person,31.71,467.58,63.42,214.44,31.71,467.58,13598.52
89,1104,person,609.56,345.24,97.45,242.59,609.56,345.24,23638.97
90,1087,person,183.65,532.79,165.31,214.84,183.65,532.79,35515.68
90,1101,person,31.82,465.75,63.65,217.94,31.82,465.75,13871.64
90,1104,person,609.28,345.07,97.3,242.95,609.28,345.07,23638.89
91,1087,person,183.38,532.32,165.88,215.48,183.38,532.32,35743.93
91,1101,person,31.4,466.77,62.8,215.15,31.4,466.77,13510.33
91,1104,person,608.05,345.0,96.66,242.45,608.05,345.0,23435.4
92,1087,person,182.36,531.75,166.55,216.35,182.36,531.75,36032.9
92,1101,person,31.05,465.46,62.1,216.75,31.05,465.46,13460.19
92,1104,person,607.91,343.67,95.87,241.02,607.91,343.67,23107.52
93,1087,person,181.89,531.36,166.89,216.72,181.89,531.36,36169.2
93,1101,person,30.55,468.99,61.11,208.78,30.55,468.99,12758.55
93,1104,person,607.7,343.45,95.34,240.19,607.7,343.45,22898.48
94,1087,person,181.67,530.65,167.43,217.36,181.67,530.65,36394.18
94,1101,person,30.62,468.6,61.25,209.54,30.62,468.6,12834.16
94,1104,person,608.05,343.38,95.72,241.43,608.05,343.38,23109.92
95,1087,person,181.56,530.36,167.72,217.8,181.56,530.36,36530.62
95,1101,person,30.26,470.17,60.51,205.27,30.26,470.17,12421.16
95,1104,person,607.77,342.97,95.68,241.72,607.77,342.97,23127.19
96,1087,person,181.94,530.39,167.69,217.79,181.94,530.39,36522.47
96,1101,person,30.97,464.07,61.94,218.53,30.97,464.07,13535.87
96,1104,person,607.55,342.92,95.41,241.68,607.55,342.92,23057.6
97,1087,person,182.0,530.36,167.8,217.9,182.0,530.36,36564.1
97,1101,person,30.78,464.0,61.55,218.4,30.78,464.0,13443.32
97,1104,person,607.23,343.33,95.47,242.84,607.23,343.33,23184.42
98,1087,person,181.17,530.29,167.69,217.57,181.17,530.29,36484.69
98,1101,person,29.46,471.54,58.93,202.18,29.46,471.54,11914.28
98,1104,person,606.92,342.23,95.05,242.19,606.92,342.23,23019.34
99,1087,person,179.97,530.11,167.73,217.44,179.97,530.11,36471.31
99,1101,person,29.02,472.04,58.03,200.75,29.02,472.04,11650.54
99,1104,person,607.7,341.0,95.26,242.63,607.7,341.0,23114.12
100,1087,person,178.31,529.7,167.69,217.34,178.31,529.7,36446.14
100,1101,person,28.58,474.69,57.17,195.02,28.58,474.69,11149.25
100,1104,person,605.44,340.08,94.22,240.77,605.44,340.08,22684.93
101,1087,person,177.18,529.5,167.59,217.07,177.18,529.5,36380.43
101,1101,person,28.37,474.57,56.74,193.74,28.37,474.57,10992.79
101,1104,person,603.59,339.37,93.5,239.8,603.59,339.37,22422.65
102,1087,person,176.35,528.78,167.58,217.02,176.35,528.78,36366.7
102,1101,person,28.73,470.52,57.46,200.9,28.73,470.52,11544.29
102,1104,person,602.14,338.85,92.77,238.36,602.14,338.85,22113.2
103,1087,person,175.59,528.3,167.52,216.9,175.59,528.3,36335.3
103,1101,person,29.14,465.93,58.29,209.48,29.14,465.93,12210.31
103,1104,person,600.54,338.48,92.42,238.06,600.54,338.48,21999.87
104,1087,person,175.23,528.02,167.5,216.8,175.23,528.02,36314.36
104,1101,person,29.01,465.39,58.02,209.33,29.01,465.39,12144.54
104,1104,person,599.89,337.92,92.79,239.99,599.89,337.92,22268.1
105,1087,person,175.09,528.24,167.43,216.6,175.09,528.24,36264.57
105,1101,person,28.55,467.99,57.1,203.63,28.55,467.99,11627.49
106,1087,person,174.4,528.1,167.82,217.16,174.4,528.1,36443.96
106,1101,person,28.47,467.16,56.95,205.26,28.47,467.16,11689.42
107,1087,person,173.89,527.99,167.94,217.25,173.89,527.99,36484.81
107,1101,person,28.05,468.4,56.1,202.8,28.05,468.4,11377.71
108,1087,person,173.89,528.15,167.92,217.21,173.89,528.15,36474.37
108,1101,person,27.75,468.54,55.5,202.4,27.75,468.54,11233.24
109,1087,person,173.77,528.29,167.97,217.21,173.77,528.29,36486.23
109,1101,person,27.34,470.83,54.68,198.2,27.34,470.83,10838.36
110,1087,person,173.39,528.66,168.27,217.51,173.39,528.66,36600.69
110,1101,person,27.15,470.22,54.29,200.27,27.15,470.22,10872.93
111,1087,person,172.97,528.66,168.47,217.68,172.97,528.66,36671.79
111,1101,person,26.72,473.33,53.43,194.48,26.72,473.33,10391.3
112,1087,person,172.78,528.36,168.32,217.41,172.78,528.36,36593.1
112,1101,person,26.63,472.14,53.26,195.81,26.63,472.14,10428.29
113,1087,person,173.06,528.59,167.51,216.21,173.06,528.59,36217.98
113,1101,person,26.54,476.1,52.22,187.25,26.54,476.1,9779.02
114,1087,person,173.85,529.36,166.6,214.96,173.85,529.36,35812.58
114,1101,person,27.34,482.56,49.72,175.47,27.34,482.56,8724.78
115,1087,person,173.61,529.64,166.46,214.65,173.61,529.64,35731.16
115,1101,person,27.18,481.69,50.65,177.66,27.18,481.69,8998.11
116,1087,person,172.95,529.47,167.19,215.49,172.95,529.47,36026.96
116,1101,person,26.61,475.49,53.22,190.2,26.61,475.49,10123.1
117,1087,person,172.67,530.38,167.29,215.46,172.67,530.38,36044.23
117,1101,person,27.21,468.98,54.42,204.56,27.21,468.98,11133.16
118,1087,person,172.62,531.5,166.64,214.42,172.62,531.5,35732.06
118,1101,person,26.84,471.33,53.68,202.22,26.84,471.33,10856.0
119,1087,person,172.96,532.25,165.85,213.33,172.96,532.25,35380.46
119,1101,person,26.59,472.83,53.18,200.8,26.59,472.83,10679.12
120,1087,person,172.97,532.67,165.82,213.21,172.97,532.67,35354.88
120,1101,person,26.37,475.17,52.74,197.56,26.37,475.17,10418.92
121,1087,person,172.93,533.38,166.06,213.48,172.93,533.38,35449.59
121,1101,person,26.28,474.18,52.55,200.33,26.28,474.18,10527.6
122,1087,person,172.46,533.84,166.63,213.98,172.46,533.84,35656.41
122,1101,person,25.78,475.53,51.57,197.89,25.78,475.53,10204.59
123,1087,person,172.55,533.98,166.88,214.44,172.55,533.98,35785.61
123,1101,person,25.89,475.94,51.78,198.43,25.89,475.94,10273.6
124,1087,person,172.85,534.55,166.79,214.42,172.85,534.55,35763.63
124,1101,person,26.04,477.65,52.08,196.39,26.04,477.65,10228.62
125,1087,person,172.79,534.97,166.36,213.81,172.79,534.97,35570.49
125,1101,person,26.05,478.86,52.1,194.68,26.05,478.86,10143.34
126,1087,person,172.31,535.82,166.11,213.13,172.31,535.82,35403.29
126,1101,person,26.38,475.18,52.76,202.19,26.38,475.18,10668.54
127,1087,person,172.05,536.56,166.29,213.04,172.05,536.56,35426.06
128,1087,person,172.15,536.99,166.73,213.2,172.15,536.99,35547.89
129,1087,person,172.57,536.36,167.1,213.69,172.57,536.36,35708.96
130,1087,person,173.13,535.93,166.46,212.81,173.13,535.93,35424.66
131,1087,person,173.46,536.14,165.72,211.7,173.46,536.14,35083.48
132,1087,person,172.91,538.45,167.66,214.14,172.91,538.45,35903.39
132,1101,person,26.56,476.41,53.13,202.78,26.56,476.41,10772.83
133,1087,person,173.01,539.13,167.97,214.51,173.01,539.13,36032.37
134,1087,person,173.98,539.38,167.86,214.27,173.98,539.38,35967.26
135,1087,person,174.84,538.9,167.63,214.02,174.84,538.9,35875.89
136,1087,person,174.99,538.67,167.42,213.74,174.99,538.67,35783.68
137,1087,person,174.31,538.53,167.29,213.29,174.31,538.53,35681.57
138,1087,person,174.06,538.85,167.44,213.21,174.06,538.85,35700.18
139,1087,person,174.25,539.08,167.5,212.99,174.25,539.08,35676.7
140,1087,person,174.37,539.18,167.45,212.69,174.37,539.18,35614.96
141,1087,person,174.64,539.37,167.45,212.38,174.64,539.37,35563.82
142,1087,person,174.94,539.54,167.52,212.15,174.94,539.54,35540.49
143,1087,person,175.64,539.68,167.46,212.1,175.64,539.68,35518.28
144,1087,person,176.21,539.73,167.4,212.14,176.21,539.73,35513.04
145,1087,person,176.26,539.92,167.44,212.2,176.26,539.92,35529.59
146,1087,person,175.82,539.71,167.59,212.1,175.82,539.71,35544.76
147,1087,person,175.63,539.89,168.08,212.56,175.63,539.89,35727.0
148,1087,person,176.77,540.2,167.72,212.24,176.77,540.2,35598.16
149,1087,person,177.44,540.31,167.37,212.01,177.44,540.31,35483.81
150,1087,person,177.63,540.36,167.26,211.99,177.63,540.36,35457.91
151,1087,person,177.76,540.38,166.95,211.79,177.76,540.38,35359.91
151,1101,person,29.44,466.31,58.87,232.61,29.44,466.31,13694.2
152,1087,person,177.67,540.9,166.75,211.76,177.67,540.9,35309.55
152,1101,person,29.06,467.78,58.12,230.22,29.06,467.78,13379.81
153,1087,person,177.42,540.85,166.76,211.85,177.42,540.85,35327.17
154,1087,person,176.68,540.65,167.05,212.06,176.68,540.65,35424.48
154,1101,person,27.96,472.31,55.92,219.45,27.96,472.31,12272.63
155,1087,person,176.67,540.38,167.3,212.3,176.67,540.38,35518.83
156,1087,person,177.08,540.47,167.26,212.34,177.08,540.47,35516.26
157,1087,person,177.5,540.93,167.15,212.36,177.5,540.93,35496.8
157,1101,person,29.27,463.56,58.55,238.59,29.27,463.56,13969.56
158,1087,person,177.5,541.55,167.05,212.4,177.5,541.55,35481.46
158,1101,person,28.33,470.25,56.67,224.1,28.33,470.25,12699.26
159,1087,person,177.81,541.85,166.74,212.32,177.81,541.85,35402.07
159,1101,person,28.38,474.64,55.22,215.15,28.38,474.64,11880.74
160,1087,person,178.18,542.06,166.36,212.31,178.18,542.06,35320.75
160,1101,person,29.1,476.61,54.92,211.4,29.1,476.61,11610.12
161,1087,person,178.19,542.14,165.95,212.17,178.19,542.14,35208.94
161,1101,person,29.2,476.5,55.4,211.71,29.2,476.5,11728.4
162,1087,person,178.33,542.58,166.12,212.83,178.33,542.58,35354.11
162,1101,person,29.51,473.19,57.48,219.37,29.51,473.19,12609.15
163,1087,person,178.67,543.04,166.08,213.06,178.67,543.04,35385.89
163,1101,person,29.7,473.85,57.53,218.61,29.7,473.85,12577.45
164,1087,person,178.87,543.12,165.78,212.88,178.87,543.12,35291.75
164,1101,person,30.05,475.71,57.07,215.11,30.05,475.71,12276.38
165,1087,person,179.13,543.56,165.26,212.44,179.13,543.56,35107.19
165,1101,person,30.41,479.51,55.86,207.76,30.41,479.51,11605.85
166,1087,person,179.37,543.89,164.87,212.12,179.37,543.89,34970.67
166,1101,person,30.83,481.36,55.73,204.47,30.83,481.36,11394.67
167,1087,person,188.24,543.65,167.76,212.69,188.24,543.65,35681.24
167,1101,person,30.62,477.25,58.02,212.27,30.62,477.25,12316.22
168,1087,person,190.87,543.21,170.33,213.18,190.87,543.21,36310.81
168,1101,person,30.07,472.06,60.14,222.39,30.07,472.06,13373.84
169,1087,person,192.02,542.86,172.64,213.61,192.02,542.86,36879.18
169,1101,person,30.54,468.57,61.08,230.36,30.54,468.57,14070.7
170,1087,person,192.82,542.92,174.72,213.97,192.82,542.92,37386.13
170,1101,person,30.86,468.05,61.72,232.06,30.86,468.05,14321.45
170,1115,person,926.74,380.4,81.44,143.25,926.74,380.4,11665.37
171,1087,person,193.47,543.25,176.5,214.11,193.47,543.25,37788.59
171,1101,person,31.23,466.91,62.46,234.59,31.23,466.91,14652.73
171,1115,person,927.61,380.54,81.68,143.74,927.61,380.54,11740.69
172,1087,person,194.16,543.95,177.5,213.15,194.16,543.95,37834.97
172,1101,person,31.31,467.08,62.62,234.68,31.31,467.08,14694.54
172,1115,person,927.18,380.94,81.45,143.71,927.18,380.94,11704.23
172,1118,person,544.1,576.2,154.27,113.85,544.1,576.2,17564.65
173,1087,person,194.0,544.22,179.03,213.11,194.0,544.22,38153.23
173,1101,person,31.38,467.01,62.77,235.28,31.38,467.01,14768.05
173,1115,person,927.21,382.01,80.21,142.11,927.21,382.01,11399.67
173,1118,person,560.51,571.09,163.28,120.93,560.51,571.09,19745.35
174,1087,person,194.17,544.39,180.19,212.89,194.17,544.39,38361.07
174,1101,person,31.27,467.76,62.54,233.74,31.27,467.76,14617.9
174,1115,person,927.01,382.28,79.64,141.95,927.01,382.28,11304.1
174,1118,person,572.28,566.22,172.4,128.66,572.28,566.22,22182.3
174,1119,person,1114.74,439.45,116.13,237.17,1114.74,439.45,27543.75
175,1087,person,194.45,544.59,181.24,212.59,194.45,544.59,38530.36
175,1101,person,31.58,465.54,63.17,238.49,31.58,465.54,15064.41
175,1115,person,931.38,380.57,81.84,146.06,931.38,380.57,11953.28
175,1118,person,585.49,561.11,180.37,136.17,585.49,561.11,24561.85
176,1087,person,193.96,544.29,182.4,212.8,193.96,544.29,38814.21
176,1101,person,31.75,463.74,63.5,242.12,31.75,463.74,15374.23
176,1118,person,598.65,555.23,189.74,145.49,598.65,555.23,27606.23
177,1087,person,194.21,544.36,183.38,212.39,194.21,544.36,38947.7
177,1101,person,31.46,465.09,62.92,239.22,31.46,465.09,15052.44
177,1118,person,613.72,550.86,196.67,153.59,613.72,550.86,30206.86
178,1087,person,194.07,544.21,184.67,212.54,194.07,544.21,39249.68
178,1101,person,31.41,464.77,62.82,239.67,31.41,464.77,15055.36
178,1118,person,622.38,548.65,196.6,156.89,622.38,548.65,30845.3
179,1087,person,193.7,544.22,185.56,212.72,193.7,544.22,39473.06
179,1101,person,31.68,463.32,63.36,243.08,31.68,463.32,15402.31
179,1118,person,635.46,546.25,197.69,161.56,635.46,546.25,31938.96
180,1087,person,194.1,544.28,186.38,212.47,194.1,544.28,39599.1
180,1101,person,31.34,466.16,62.69,237.16,31.34,466.16,14867.17
180,1118,person,650.23,543.84,196.36,164.59,650.23,543.84,32318.55
181,1087,person,194.62,544.63,187.04,212.1,194.62,544.63,39670.55
181,1101,person,31.4,466.32,62.59,236.53,31.4,466.32,14803.36
181,1118,person,660.31,542.97,191.87,165.14,660.31,542.97,31685.29
182,1087,person,194.63,544.68,187.94,212.14,194.63,544.68,39870.38
182,1101,person,31.39,465.74,62.78,237.61,31.39,465.74,14917.75
182,1118,person,673.73,541.42,186.63,165.21,673.73,541.42,30833.38
183,1087,person,194.61,544.64,188.78,212.17,194.61,544.64,40053.8
183,1101,person,31.54,464.16,63.08,240.98,31.54,464.16,15200.53
183,1118,person,689.46,538.48,187.62,169.88,689.46,538.48,31872.8
184,1087,person,194.5,544.58,189.31,211.95,194.5,544.58,40124.01
184,1101,person,31.78,461.39,63.56,246.59,31.78,461.39,15673.13
184,1118,person,703.8,536.21,185.92,172.2,703.8,536.21,32016.38
184,1119,person,1114.57,428.82,126.75,262.09,1114.57,428.82,33219.23
185,1087,person,194.17,544.39,189.88,212.25,194.17,544.39,40302.2
185,1101,person,31.73,461.17,63.46,246.89,31.73,461.17,15667.07
185,1118,person,718.17,534.16,184.14,174.15,718.17,534.16,32066.94
185,1119,person,1114.89,431.15,125.23,261.87,1114.89,431.15,32793.49
186,1087,person,194.88,544.74,190.43,212.09,194.88,544.74,40389.45
186,1101,person,31.83,459.88,63.66,249.43,31.83,459.88,15877.31
186,1118,person,728.86,532.14,184.78,178.28,728.86,532.14,32943.73
186,1119,person,1115.81,431.81,125.93,266.57,1115.81,431.81,33570.11
187,1087,person,195.14,544.76,191.22,212.24,195.14,544.76,40584.49
187,1101,person,31.87,459.0,63.73,251.29,31.87,459.0,16014.68
187,1118,person,738.44,530.13,184.32,181.53,738.44,530.13,33459.21
187,1119,person,1116.21,435.52,126.74,271.69,1116.21,435.52,34434.91
188,1087,person,195.14,544.91,191.44,211.81,195.14,544.91,40548.7
188,1101,person,31.66,459.49,63.32,249.94,31.66,459.49,15825.54
188,1118,person,749.03,527.85,186.03,186.69,749.03,527.85,34729.99
188,1119,person,1116.5,435.9,125.1,270.94,1116.5,435.9,33895.44
189,1087,person,195.18,544.89,192.21,212.03,195.18,544.89,40752.7
189,1101,person,31.61,459.93,63.22,249.33,31.61,459.93,15761.85
189,1118,person,758.06,526.33,185.18,189.05,758.06,526.33,35007.2
189,1119,person,1116.8,437.02,123.76,271.31,1116.8,437.02,33577.71
190,1087,person,196.04,545.31,192.74,211.95,196.04,545.31,40852.57
190,1101,person,31.67,460.94,63.34,247.43,31.67,460.94,15672.1
190,1118,person,764.69,524.92,182.74,190.19,764.69,524.92,34755.18
190,1119,person,1117.99,438.19,122.11,270.69,1117.99,438.19,33053.23
190,1122,person,859.19,555.44,176.25,121.0,859.19,555.44,21325.56
191,1087,person,196.57,545.38,193.32,211.96,196.57,545.38,40975.6
191,1101,person,31.82,461.51,63.51,246.75,31.82,461.51,15669.97
191,1118,person,770.29,523.37,181.68,193.42,770.29,523.37,35140.93
191,1119,person,1118.28,438.61,120.33,269.32,1118.28,438.61,32408.22
191,1122,person,859.68,553.24,182.43,125.05,859.68,553.24,22811.91
192,1087,person,197.01,545.33,193.82,212.01,197.01,545.33,41092.15
192,1101,person,32.13,461.62,63.57,246.65,32.13,461.62,15680.21
192,1118,person,773.88,520.55,181.32,198.55,773.88,520.55,36000.89
192,1119,person,1118.24,438.86,118.78,268.04,1118.24,438.86,31839.01
192,1122,person,864.11,550.59,186.71,127.55,864.11,550.59,23814.64
193,1087,person,197.63,545.29,194.25,212.19,197.63,545.29,41219.38
193,1101,person,32.14,468.21,60.92,234.27,32.14,468.21,14271.22
193,1118,person,776.73,519.25,179.92,202.85,776.73,519.25,36497.11
193,1119,person,1118.39,439.04,118.94,270.07,1118.39,439.04,32121.38
193,1122,person,868.7,549.93,191.78,130.51,868.7,549.93,25029.78
194,1087,person,197.91,545.63,194.37,212.07,197.91,545.63,41220.7
194,1101,person,32.28,471.04,60.2,229.5,32.28,471.04,13814.75
194,1118,person,782.01,516.72,178.93,207.2,782.01,516.72,37073.18
194,1119,person,1119.32,439.23,118.61,271.13,1119.32,439.23,32158.37
194,1122,person,876.14,548.29,195.95,133.06,876.14,548.29,26072.27
195,1087,person,197.78,545.66,194.54,212.04,197.78,545.66,41250.34
195,1101,person,32.26,471.75,60.29,228.21,32.26,471.75,13758.06
195,1118,person,787.55,514.26,178.57,212.13,787.55,514.26,37880.63
195,1119,person,1119.66,439.48,118.41,272.29,1119.66,439.48,32241.19
195,1122,person,888.24,546.45,199.62,135.78,888.24,546.45,27104.75
196,1087,person,197.62,545.4,195.0,212.3,197.62,545.4,41398.61
196,1101,person,32.22,471.45,60.67,228.27,32.22,471.45,13848.73
196,1118,person,788.61,512.47,177.37,216.11,788.61,512.47,38331.18
196,1119,person,1119.83,439.08,118.11,273.15,1119.83,439.08,32260.22
196,1122,person,888.91,545.85,204.61,138.94,888.91,545.85,28428.93
196,1124,person,612.93,358.14,99.62,240.54,612.93,358.14,23962.88
197,1087,person,197.68,545.86,194.71,211.96,197.68,545.86,41270.2
197,1101,person,32.24,471.75,60.96,228.08,32.24,471.75,13904.79
197,1118,person,795.55,510.7,175.99,219.27,795.55,510.7,38588.34
197,1119,person,1120.42,440.35,116.31,270.22,1120.42,440.35,31429.91
197,1122,person,895.76,544.84,206.97,140.73,895.76,544.84,29126.43
197,1124,person,612.95,358.2,99.12,239.24,612.95,358.2,23713.62
198,1087,person,197.53,546.43,194.21,211.67,197.53,546.43,41109.9
198,1101,person,32.67,473.01,61.25,227.4,32.67,473.01,13927.38
198,1118,person,800.35,509.66,175.46,222.93,800.35,509.66,39116.15
198,1119,person,1121.25,441.46,114.44,266.81,1121.25,441.46,30535.43
198,1122,person,901.16,544.01,210.51,143.22,901.16,544.01,30149.17
198,1124,person,613.65,357.87,98.61,237.82,613.65,357.87,23450.45
199,1087,person,196.76,546.53,193.43,211.46,196.76,546.53,40903.67
199,1101,person,33.4,475.36,61.18,224.61,33.4,475.36,13741.27
199,1118,person,802.97,508.91,172.53,222.87,802.97,508.91,38451.91
199,1119,person,1121.96,442.5,113.2,264.73,1121.96,442.5,29966.25
199,1122,person,905.02,543.8,213.05,145.19,905.02,543.8,30933.82
199,1124,person,614.71,358.07,98.87,238.19,614.71,358.07,23550.17
200,1087,person,196.28,546.63,192.84,211.52,196.28,546.63,40788.56
200,1101,person,33.74,477.87,60.68,220.02,33.74,477.87,13350.73
200,1118,person,805.23,508.01,171.06,224.85,805.23,508.01,38463.06
200,1119,person,1122.56,443.2,112.2,263.12,1122.56,443.2,29522.01
200,1122,person,907.77,543.39,214.39,145.98,907.77,543.39,31297.26
200,1124,person,616.54,358.8,99.63,239.56,616.54,358.8,23866.9
201,1087,person,196.02,546.95,192.16,211.5,196.02,546.95,40642.36
201,1101,person,33.88,479.01,61.01,218.86,33.88,479.01,13353.72
201,1118,person,808.51,507.48,168.72,226.02,808.51,507.48,38135.16
201,1119,person,1123.35,444.18,111.78,262.57,1123.35,444.18,29350.87
201,1122,person,910.11,542.36,218.69,149.04,910.11,542.36,32594.54
201,1124,person,616.23,359.7,99.66,239.52,616.23,359.7,23869.54
202,1087,person,196.13,547.14,191.39,211.3,196.13,547.14,40440.85
202,1101,person,34.14,479.93,61.39,217.73,34.14,479.93,13365.14
202,1118,person,807.89,507.14,165.9,226.59,807.89,507.14,37590.46
202,1119,person,1123.69,444.29,111.69,262.72,1123.69,444.29,29342.01
202,1122,person,912.08,542.22,219.44,149.65,912.08,542.22,32837.8
202,1124,person,616.24,360.19,99.6,239.23,616.24,360.19,23828.19
203,1087,person,196.76,547.22,191.09,211.49,196.76,547.22,40412.17
203,1101,person,34.8,479.89,62.82,220.38,34.8,479.89,13845.2
203,1118,person,809.26,506.49,164.43,228.78,809.26,506.49,37617.35
203,1119,person,1124.03,445.11,111.27,261.97,1124.03,445.11,29148.55
203,1122,person,911.41,541.8,221.05,150.52,911.41,541.8,33273.72
203,1124,person,616.88,360.13,99.26,238.08,616.88,360.13,23631.22
204,1087,person,196.54,547.3,190.58,211.49,196.54,547.3,40306.17
204,1101,person,34.41,479.84,63.01,219.29,34.41,479.84,13818.0
204,1118,person,811.17,506.32,162.31,229.14,811.17,506.32,37191.92
204,1119,person,1124.43,445.01,111.42,262.4,1124.43,445.01,29236.17
204,1122,person,913.34,541.97,220.66,150.46,913.34,541.97,33200.67
204,1124,person,616.93,359.99,98.27,235.4,616.93,359.99,23132.97
204,1125,person,944.57,541.37,148.88,150.06,944.57,541.37,22341.17
205,1087,person,196.0,546.61,190.69,212.11,196.0,546.61,40448.34
205,1101,person,33.97,478.07,63.69,220.58,33.97,478.07,14049.62
205,1118,person,813.5,505.58,161.98,231.35,813.5,505.58,37474.86
205,1119,person,1123.74,444.31,111.53,263.12,1123.74,444.31,29346.06
205,1122,person,916.45,541.89,218.38,149.73,916.45,541.89,32698.18
205,1124,person,616.51,359.76,99.85,239.02,616.51,359.76,23865.69
205,1125,person,951.46,541.31,147.37,148.94,951.46,541.31,21949.4
206,1087,person,196.5,546.19,191.1,212.79,196.5,546.19,40664.8
206,1101,person,33.74,477.5,63.93,220.41,33.74,477.5,14091.45
206,1118,person,817.32,504.54,160.31,230.65,817.32,504.54,36975.34
206,1119,person,1122.89,443.48,111.77,264.25,1122.89,443.48,29535.42
206,1122,person,914.51,541.75,218.12,150.14,914.51,541.75,32749.04
206,1124,person,615.73,359.2,100.05,239.22,615.73,359.2,23934.58
206,1125,person,955.15,541.09,144.65,146.85,955.15,541.09,21240.88
207,1087,person,195.54,546.65,190.01,212.19,195.54,546.65,40318.53
207,1101,person,34.21,478.51,63.91,218.61,34.21,478.51,13971.9
207,1118,person,823.5,504.57,160.57,231.76,823.5,504.57,37212.11
207,1119,person,1122.85,443.22,111.41,263.84,1122.85,443.22,29395.3
207,1122,person,914.49,542.74,215.3,148.4,914.49,542.74,31951.95
207,1124,person,615.0,359.74,99.89,239.26,615.0,359.74,23898.5
208,1087,person,195.08,547.2,188.92,211.64,195.08,547.2,39981.87
208,1101,person,34.51,480.2,63.88,216.65,34.51,480.2,13840.2
208,1118,person,827.73,505.48,159.14,231.48,827.73,505.48,36838.58
208,1119,person,1123.57,443.81,111.25,263.47,1123.57,443.81,29311.61
208,1122,person,926.92,543.4,209.54,146.88,926.92,543.4,30776.88
208,1124,person,615.88,359.5,98.96,237.16,615.88,359.5,23469.3
208,1125,person,958.84,542.71,141.22,144.49,958.84,542.71,20405.06
209,1087,person,195.9,547.23,188.66,211.8,195.9,547.23,39958.05
209,1101,person,34.78,481.42,63.93,214.81,34.78,481.42,13734.0
209,1118,person,832.74,505.52,156.94,230.39,832.74,505.52,36156.85
209,1119,person,1123.89,443.99,111.18,263.24,1123.89,443.99,29266.44
209,1122,person,921.79,542.67,212.81,150.12,921.79,542.67,31945.56
209,1124,person,615.74,359.76,98.92,237.3,615.74,359.76,23472.63
209,1125,person,950.24,543.92,141.56,144.78,950.24,543.92,20495.96
210,1087,person,197.58,547.33,188.69,211.97,197.58,547.33,39996.95
210,1101,person,34.86,482.86,63.72,211.99,34.86,482.86,13507.25
210,1118,person,841.04,505.47,155.15,230.12,841.04,505.47,35702.7
210,1119,person,1124.18,443.96,110.94,262.48,1124.18,443.96,29118.06
210,1124,person,616.29,360.0,98.99,237.13,616.29,360.0,23473.92
210,1125,person,957.22,545.31,136.33,141.01,957.22,545.31,19224.68
211,1087,person,198.92,547.77,188.64,212.05,198.92,547.77,40000.77
211,1101,person,34.98,484.42,63.73,209.92,34.98,484.42,13377.96
211,1118,person,851.87,505.22,153.86,229.37,851.87,505.22,35291.52
211,1119,person,1124.75,444.67,111.05,262.58,1124.75,444.67,29160.63
211,1125,person,960.69,546.46,134.21,140.56,960.69,546.46,18864.88
212,1087,person,199.69,548.36,188.72,212.46,199.69,548.36,40095.55
212,1101,person,35.27,483.44,65.55,214.55,35.27,483.44,14064.24
212,1118,person,861.35,503.26,151.75,225.74,861.35,503.26,34255.61
212,1119,person,1125.56,445.5,110.96,262.16,1125.56,445.5,29089.14
212,1125,person,959.51,548.15,133.11,140.53,959.51,548.15,18705.5
213,1087,person,202.36,548.67,189.36,213.04,202.36,548.67,40342.39
213,1101,person,35.89,481.6,67.6,220.04,35.89,481.6,14873.96
213,1118,person,873.01,503.46,155.59,230.27,873.01,503.46,35827.79
213,1119,person,1126.32,445.94,110.9,262.37,1126.32,445.94,29096.91
213,1122,person,910.73,548.22,206.48,144.3,910.73,548.22,29795.15
214,1087,person,203.62,549.6,189.16,212.67,203.62,549.6,40227.09
214,1101,person,36.35,481.69,68.69,222.31,36.35,481.69,15270.18
214,1118,person,877.06,502.96,157.58,233.55,877.06,502.96,36801.87
214,1119,person,1127.27,446.47,110.77,262.91,1127.27,446.47,29121.62
214,1122,person,911.11,548.96,206.85,144.02,911.11,548.96,29790.12
215,1087,person,204.64,550.29,188.71,212.05,204.64,550.29,40016.21
215,1101,person,36.99,481.83,69.54,223.49,36.99,481.83,15541.58
215,1118,person,886.88,502.29,160.79,236.46,886.88,502.29,38021.49
215,1119,person,1127.92,446.77,110.44,263.02,1127.92,446.77,29047.71
215,1122,person,912.82,548.58,208.73,145.6,912.82,548.58,30391.43
215,1124,person,620.57,364.27,99.65,239.24,620.57,364.27,23839.27
216,1087,person,205.28,550.67,188.71,212.1,205.28,550.67,40024.53
216,1101,person,37.52,482.05,70.21,223.96,37.52,482.05,15724.5
216,1118,person,903.89,502.27,167.75,240.3,903.89,502.27,40310.2
216,1119,person,1127.55,447.69,110.17,262.68,1127.55,447.69,28938.61
216,1122,person,911.89,543.19,225.12,158.77,911.89,543.19,35741.5
217,1087,person,206.7,551.17,188.75,212.07,206.7,551.17,40029.19
217,1101,person,37.93,482.91,70.48,222.89,37.93,482.91,15709.09
217,1118,person,911.91,501.78,173.28,242.08,911.91,501.78,41947.32
217,1119,person,1128.94,446.31,109.5,261.23,1128.94,446.31,28603.84
218,1087,person,206.8,551.55,188.59,211.95,206.8,551.55,39971.36
218,1101,person,38.0,482.95,71.04,223.13,38.0,482.95,15851.39
218,1118,person,905.6,498.76,179.24,249.95,905.6,498.76,44801.32
218,1119,person,1129.47,446.13,109.42,261.08,1129.47,446.13,28568.2
218,1125,person,944.44,551.81,138.15,143.04,944.44,551.81,19761.2
219,1087,person,206.5,551.67,188.27,211.77,206.5,551.67,39869.2
219,1101,person,38.03,482.3,71.9,224.64,38.03,482.3,16152.58
219,1118,person,895.06,495.82,181.36,256.25,895.06,495.82,46473.96
219,1119,person,1129.34,447.55,110.37,263.69,1129.34,447.55,29103.41
219,1125,person,940.53,550.66,143.31,144.45,940.53,550.66,20701.12
220,1087,person,206.2,551.85,188.01,211.61,206.2,551.85,39786.04
220,1101,person,38.05,480.87,73.17,227.91,38.05,480.87,16676.42
220,1118,person,890.18,492.99,182.89,262.37,890.18,492.99,47983.3
220,1119,person,1129.32,447.25,109.75,262.1,1129.32,447.25,28764.78
220,1125,person,953.17,550.2,144.13,145.93,953.17,550.2,21032.59
220,1124,person,623.29,365.05,99.39,238.94,623.29,365.05,23747.51
220,1122,person,927.78,548.97,207.07,146.4,927.78,548.97,30314.73
221,1087,person,205.98,552.16,187.59,211.31,205.98,552.16,39638.39
221,1101,person,38.17,478.32,75.06,233.7,38.17,478.32,17541.1
221,1118,person,889.67,488.34,184.55,269.69,889.67,488.34,49770.56
221,1119,person,1128.55,448.33,110.24,263.31,1128.55,448.33,29027.38
221,1124,person,622.92,364.93,99.57,239.71,622.92,364.93,23868.48
221,1122,person,930.45,549.36,206.85,145.55,930.45,549.36,30107.92
222,1087,person,205.92,552.35,187.46,211.32,205.92,552.35,39613.61
222,1101,person,38.46,475.43,76.93,239.87,38.46,475.43,18452.68
222,1118,person,891.0,481.92,187.5,280.0,891.0,481.92,52499.63
222,1119,person,1128.68,448.61,110.03,262.84,1128.68,448.61,28920.48
222,1124,person,622.97,365.35,98.45,237.54,622.97,365.35,23386.81
222,1122,person,936.68,548.78,209.39,146.85,936.68,548.78,30748.67
223,1087,person,204.76,552.29,187.15,211.4,204.76,552.29,39563.46
223,1101,person,38.62,473.44,77.23,243.85,38.62,473.44,18832.28
223,1118,person,892.77,479.47,185.84,283.56,892.77,479.47,52696.04
223,1119,person,1128.01,448.8,109.71,261.96,1128.01,448.8,28740.6
223,1124,person,622.21,365.6,98.02,237.21,622.21,365.6,23251.04
223,1122,person,942.64,548.54,210.62,147.71,942.64,548.54,31110.04
224,1087,person,205.31,552.39,187.06,211.42,205.31,552.39,39548.89
224,1101,person,38.51,473.26,77.02,244.21,38.51,473.26,18807.69
224,1118,person,893.75,477.39,184.95,288.05,893.75,477.39,53275.82
224,1119,person,1128.88,446.64,109.42,261.06,1128.88,446.64,28564.11
224,1124,person,622.1,364.77,97.89,237.31,622.1,364.77,23230.68
224,1122,person,949.05,547.51,213.13,149.71,949.05,547.51,31908.28
225,1087,person,205.5,552.48,186.85,211.34,205.5,552.48,39487.74
225,1101,person,38.53,472.85,77.06,245.16,38.53,472.85,18892.61
225,1118,person,897.35,476.21,182.37,290.13,897.35,476.21,52910.49
225,1119,person,1129.83,445.43,108.95,260.04,1129.83,445.43,28332.13
225,1122,person,955.91,546.73,215.57,150.65,955.91,546.73,32476.75
226,1087,person,205.26,552.3,186.96,211.64,205.26,552.3,39569.81
226,1101,person,38.59,472.71,77.19,246.1,38.59,472.71,18996.01
226,1118,person,899.0,475.7,180.23,292.35,899.0,475.7,52690.17
226,1119,person,1130.09,444.94,108.69,259.71,1130.09,444.94,28226.97
226,1122,person,963.52,545.75,218.2,152.9,963.52,545.75,33362.29
227,1087,person,205.31,551.74,187.25,211.92,205.31,551.74,39680.19
227,1101,person,38.1,474.08,76.21,242.66,38.1,474.08,18492.26
227,1118,person,901.93,474.11,178.07,294.22,901.93,474.11,52393.21
227,1119,person,1129.27,445.42,108.33,259.46,1129.27,445.42,28106.32
227,1122,person,969.72,545.39,217.39,152.89,969.72,545.39,33236.82
228,1087,person,205.02,551.58,187.4,211.9,205.02,551.58,39710.72
228,1101,person,37.36,478.62,74.0,232.94,37.36,478.62,17236.61
228,1118,person,906.27,473.09,175.96,295.6,906.27,473.09,52012.8
228,1119,person,1129.17,443.75,106.73,255.62,1129.17,443.75,27282.72
228,1122,person,970.37,546.61,213.36,149.65,970.37,546.61,31929.06
229,1087,person,204.86,551.48,187.52,211.98,204.86,551.48,39751.37
229,1101,person,37.24,477.59,74.48,234.91,37.24,477.59,17496.59
229,1118,person,909.54,469.95,173.27,295.89,909.54,469.95,51270.14
229,1119,person,1129.56,442.59,105.75,253.23,1129.56,442.59,26779.6
229,1122,person,969.81,547.59,210.95,147.49,969.81,547.59,31113.49
230,1087,person,205.09,551.68,187.66,212.29,205.09,551.68,39839.45
230,1101,person,37.35,477.99,74.38,234.26,37.35,477.99,17424.09
230,1118,person,910.85,467.44,171.12,295.58,910.85,467.44,50580.54
230,1119,person,1130.46,442.16,105.66,252.76,1130.46,442.16,26706.19
230,1122,person,975.2,547.98,208.17,146.33,975.2,547.98,30460.25
231,1087,person,204.97,551.58,187.91,212.65,204.97,551.58,39960.0
231,1101,person,37.39,478.46,74.17,233.38,37.39,478.46,17309.48
231,1118,person,913.64,459.56,165.73,289.37,913.64,459.56,47959.23
231,1119,person,1131.09,441.66,105.6,252.48,1131.09,441.66,26662.6
231,1122,person,977.98,546.89,209.49,148.87,977.98,546.89,31186.3
232,1087,person,205.01,551.28,188.04,212.86,205.01,551.28,40027.03
232,1101,person,37.29,479.17,73.71,231.66,37.29,479.17,17077.16
232,1118,person,915.35,452.81,159.68,281.25,915.35,452.81,44909.75
232,1119,person,1130.43,442.18,105.97,253.29,1130.43,442.18,26842.15
232,1122,person,981.76,545.35,210.96,152.49,981.76,545.35,32170.45
233,1087,person,205.14,551.02,188.24,212.9,205.14,551.02,40075.9
233,1101,person,36.86,480.13,73.17,229.87,36.86,480.13,16818.83
233,1118,person,912.68,450.21,161.28,284.84,912.68,450.21,45937.06
233,1119,person,1130.03,442.81,106.46,254.55,1130.03,442.81,27098.88
233,1122,person,978.76,544.53,210.8,153.94,978.76,544.53,32450.18
234,1087,person,205.57,551.29,188.19,212.95,205.57,551.29,40076.2
234,1101,person,37.31,480.25,73.35,229.95,37.31,480.25,16867.73
234,1118,person,912.17,448.98,163.33,289.62,912.17,448.98,47302.23
234,1119,person,1130.34,443.39,106.98,255.92,1130.34,443.39,27378.1
234,1122,person,973.34,543.91,213.29,157.02,973.34,543.91,33491.06
235,1087,person,205.77,551.39,187.79,212.69,205.77,551.39,39941.87
235,1101,person,37.5,480.09,73.54,230.09,37.5,480.09,16921.41
235,1118,person,912.17,447.36,163.59,291.04,912.17,447.36,47610.2
235,1119,person,1130.88,443.69,107.23,256.72,1130.88,443.69,27527.36
235,1122,person,970.64,542.28,215.88,160.75,970.64,542.28,34702.16
236,1087,person,205.57,551.36,187.51,212.58,205.57,551.36,39859.51
236,1101,person,37.49,480.18,73.54,229.65,37.49,480.18,16887.91
236,1118,person,913.99,443.62,160.53,286.75,913.99,443.62,46032.48
236,1119,person,1130.55,444.58,107.92,258.63,1130.55,444.58,27911.89
236,1122,person,968.33,539.66,218.75,165.3,968.33,539.66,36159.91
237,1087,person,205.67,551.06,187.96,212.9,205.67,551.06,40015.83
237,1101,person,37.46,481.05,73.25,228.22,37.46,481.05,16717.58
237,1118,person,916.2,438.04,155.84,280.39,916.2,438.04,43696.28
237,1119,person,1129.77,445.85,109.27,261.98,1129.77,445.85,28626.32
237,1122,person,965.91,536.52,223.39,171.98,965.91,536.52,38417.12
238,1087,person,205.52,550.84,188.05,212.86,205.52,550.84,40028.68
238,1101,person,37.74,481.69,73.32,227.62,37.74,481.69,16688.93
238,1118,person,915.92,431.33,149.7,270.36,915.92,431.33,40473.59
238,1119,person,1128.82,446.38,109.7,263.23,1128.82,446.38,28876.68
238,1122,person,962.81,534.38,224.92,176.49,962.81,534.38,39695.2
239,1087,person,205.76,550.82,188.34,213.12,205.76,550.82,40139.15
239,1101,person,37.91,482.48,73.27,226.56,37.91,482.48,16599.75
239,1118,person,917.79,424.59,144.18,261.04,917.79,424.59,37635.57
239,1119,person,1128.88,446.58,110.36,264.85,1128.88,446.58,29228.5
239,1122,person,959.04,530.67,229.45,184.09,959.04,530.67,42240.47
239,1124,person,620.35,364.12,99.36,240.22,620.35,364.12,23867.44
240,1087,person,204.97,550.97,187.97,213.0,204.97,550.97,40037.43
240,1101,person,38.07,482.99,73.38,225.94,38.07,482.99,16579.03
240,1118,person,917.91,420.49,140.35,255.01,917.91,420.49,35792.45
240,1119,person,1128.76,447.49,111.02,266.69,1128.76,447.49,29608.42
240,1122,person,953.46,530.83,226.4,185.16,953.46,530.83,41919.23
241,1087,person,204.61,551.26,187.38,212.59,204.61,551.26,39834.8
241,1101,person,38.25,483.06,73.66,225.88,38.25,483.06,16638.39
241,1118,person,919.01,419.51,138.45,252.89,919.01,419.51,35014.04
241,1119,person,1128.82,447.95,111.17,267.16,1128.82,447.95,29699.91
241,1122,person,951.27,530.87,223.49,186.1,951.27,530.87,41591.11
242,1087,person,204.7,551.21,187.26,212.73,204.7,551.21,39836.81
242,1101,person,38.08,483.18,73.73,225.4,38.08,483.18,16619.18
242,1118,person,918.88,419.9,138.22,253.59,918.88,419.9,35051.55
242,1119,person,1129.2,447.38,110.9,266.38,1129.2,447.38,29543.1
242,1122,person,950.68,530.87,219.93,186.24,950.68,530.87,40960.35
243,1087,person,205.01,551.75,186.66,212.25,205.01,551.75,39617.76
243,1101,person,38.09,482.6,74.32,226.69,38.09,482.6,16847.94
243,1118,person,920.09,420.34,137.3,253.3,920.09,420.34,34778.67
243,1119,person,1129.73,447.19,110.88,266.1,1129.73,447.19,29504.25
243,1122,person,951.34,531.28,216.53,186.27,951.34,531.28,40333.06
244,1087,person,205.96,552.13,186.42,212.0,205.96,552.13,39520.79
244,1101,person,38.43,481.74,75.19,228.85,38.43,481.74,17207.98
244,1118,person,920.4,420.94,137.02,253.69,920.4,420.94,34761.51
244,1119,person,1130.12,447.35,110.8,265.73,1130.12,447.35,29443.64
244,1122,person,951.97,531.59,213.79,186.66,951.97,531.59,39906.89
245,1087,person,206.59,552.15,186.21,211.78,206.59,552.15,39436.33
245,1101,person,38.67,480.7,75.75,230.1,38.67,480.7,17429.94
245,1118,person,919.7,420.81,136.05,252.43,919.7,420.81,34342.49
245,1119,person,1129.93,447.27,110.47,264.7,1129.93,447.27,29239.8
245,1122,person,951.58,531.71,211.02,186.66,951.58,531.71,39389.2
246,1087,person,206.14,552.2,186.02,211.62,206.14,552.2,39366.05
246,1101,person,38.19,481.14,75.33,228.64,38.19,481.14,17223.18
246,1118,person,919.42,420.7,135.77,252.51,919.42,420.7,34283.62
246,1119,person,1129.83,447.21,110.56,264.79,1129.83,447.21,29275.61
246,1122,person,951.45,531.5,208.77,186.94,951.45,531.5,39027.24
247,1087,person,205.94,552.33,185.92,211.52,205.94,552.33,39326.8
247,1101,person,38.31,481.61,75.47,228.69,38.31,481.61,17259.46
247,1118,person,919.25,420.8,135.52,252.56,919.25,420.8,34225.75
247,1119,person,1130.03,447.24,110.75,265.14,1130.03,447.24,29363.73
247,1122,person,951.72,531.69,206.52,187.01,951.72,531.69,38620.4
248,1087,person,205.95,552.28,186.12,211.66,205.95,552.28,39392.52
248,1101,person,38.15,482.01,75.35,228.03,38.15,482.01,17182.15
248,1118,person,918.97,421.21,136.02,253.62,918.97,421.21,34498.71
248,1119,person,1130.37,447.02,110.87,265.47,1130.37,447.02,29433.63
248,1122,person,952.05,531.91,204.02,186.63,952.05,531.91,38076.48
249,1087,person,206.78,552.19,186.51,211.99,206.78,552.19,39539.27
249,1101,person,38.41,481.94,75.37,227.57,38.41,481.94,17151.42
249,1118,person,919.48,421.44,136.26,254.29,919.48,421.44,34649.93
249,1119,person,1130.54,446.66,110.52,264.52,1130.54,446.66,29234.76
249,1122,person,952.61,531.9,202.36,186.91,952.61,531.9,37823.0
250,1087,person,208.67,552.28,186.98,212.23,208.67,552.28,39682.02
250,1101,person,39.92,481.18,76.75,230.46,39.92,481.18,17688.54
250,1118,person,920.87,421.52,135.73,253.21,920.87,421.52,34368.82
250,1119,person,1131.38,446.67,110.6,264.65,1131.38,446.67,29272.0
250,1122,person,953.61,532.05,201.41,187.57,953.61,532.05,37779.47
250,1124,person,622.97,365.59,97.14,235.88,622.97,365.59,22913.85
251,1087,person,209.93,552.68,187.58,212.77,209.93,552.68,39912.26
251,1101,person,40.75,480.81,77.78,232.27,40.75,480.81,18067.0
251,1118,person,924.36,420.09,133.38,249.12,924.36,420.09,33229.25
251,1119,person,1133.59,445.09,108.14,258.75,1133.59,445.09,27980.28
251,1122,person,956.24,531.97,201.25,189.08,956.24,531.97,38052.83
251,1124,person,623.14,366.15,97.16,236.81,623.14,366.15,23009.31
252,1087,person,211.27,552.95,188.46,213.67,211.27,552.95,40269.24
252,1101,person,41.15,480.64,78.45,233.01,41.15,480.64,18278.55
252,1118,person,927.16,420.79,133.36,249.91,927.16,420.79,33328.29
252,1119,person,1136.39,446.01,107.82,258.07,1136.39,446.01,27824.67
252,1122,person,958.78,531.77,201.06,190.47,958.78,531.77,38296.73
252,1124,person,625.36,366.11,97.25,236.76,625.36,366.11,23025.09
253,1087,person,212.08,552.62,188.67,213.76,212.08,552.62,40330.89
253,1101,person,41.24,480.77,78.76,232.81,41.24,480.77,18337.44
253,1118,person,928.39,420.38,132.81,249.41,928.39,420.38,33124.08
253,1119,person,1137.69,446.3,107.72,257.93,1137.69,446.3,27785.27
253,1122,person,960.04,531.4,200.33,191.16,960.04,531.4,38295.82
253,1124,person,626.72,365.43,97.7,236.26,626.72,365.43,23082.92
254,1087,person,212.95,552.68,188.45,213.12,212.95,552.68,40162.37
254,1101,person,41.08,479.84,79.05,232.87,41.08,479.84,18408.74
254,1118,person,929.03,420.22,132.88,249.87,929.03,420.22,33201.63
254,1119,person,1138.98,448.23,109.97,263.95,1138.98,448.23,29025.42
254,1122,person,961.11,531.07,199.16,191.27,961.11,531.07,38093.18
254,1124,person,628.0,364.56,98.0,235.32,628.0,364.56,23061.35
255,1087,person,213.37,552.42,188.62,212.97,213.37,552.42,40170.99
255,1101,person,41.15,479.74,79.13,232.14,41.15,479.74,18368.32
255,1118,person,930.78,419.43,133.22,250.82,930.78,419.43,33413.71
255,1119,person,1141.18,447.86,109.62,263.1,1141.18,447.86,28841.24
255,1122,person,962.54,530.73,198.37,191.5,962.54,530.73,37987.41
255,1124,person,625.17,364.0,97.48,238.42,625.17,364.0,23241.36
256,1087,person,214.26,551.95,189.33,213.48,214.26,551.95,40418.95
256,1101,person,41.59,479.25,79.59,232.39,41.59,479.25,18496.46
256,1118,person,934.19,418.72,133.09,250.97,934.19,418.72,33400.73
256,1119,person,1144.82,447.0,110.21,264.4,1144.82,447.0,29139.38
256,1122,person,964.97,530.82,197.28,191.36,964.97,530.82,37751.02
256,1124,person,626.89,362.9,97.01,241.1,626.89,362.9,23389.44
257,1087,person,215.23,551.53,190.08,213.94,215.23,551.53,40665.34
257,1101,person,42.26,477.11,81.1,235.85,42.26,477.11,19127.36
257,1118,person,937.11,418.89,133.88,252.88,937.11,418.89,33856.24
257,1119,person,1148.17,446.31,111.18,266.62,1148.17,446.31,29642.07
257,1122,person,968.61,530.64,196.5,191.69,968.61,530.64,37667.23
257,1124,person,629.53,360.94,97.36,245.57,629.53,360.94,23908.59
258,1087,person,215.31,550.68,190.12,213.71,215.31,550.68,40630.52
258,1101,person,42.13,477.65,80.35,232.42,42.13,477.65,18675.63
258,1118,person,938.14,418.35,134.47,254.28,938.14,418.35,34193.72
258,1119,person,1150.11,445.41,111.58,267.69,1150.11,445.41,29867.05
258,1122,person,970.8,529.71,195.48,191.77,970.8,529.71,37487.66
258,1124,person,631.07,360.04,96.85,246.87,631.07,360.04,23909.44
259,1087,person,212.7,548.28,190.89,215.1,212.7,548.28,41060.73
259,1101,person,41.53,476.99,79.65,229.49,41.53,476.99,18278.09
259,1118,person,938.92,416.22,134.3,254.29,938.92,416.22,34151.86
259,1119,person,1151.86,444.32,112.17,269.84,1151.86,444.32,30268.39
259,1122,person,972.18,527.82,195.41,192.57,972.18,527.82,37630.59
259,1124,person,632.51,358.46,96.65,247.89,632.51,358.46,23957.8
260,1087,person,209.99,546.32,191.81,216.82,209.99,546.32,41586.89
260,1101,person,40.12,477.26,78.25,225.17,40.12,477.26,17620.02
260,1118,person,939.84,413.13,134.44,254.84,939.84,413.13,34260.78
260,1119,person,1153.37,442.39,111.63,268.94,1153.37,442.39,30022.58
260,1122,person,973.43,525.67,196.33,194.2,973.43,525.67,38126.23
260,1124,person,634.69,357.09,96.67,247.37,634.69,357.09,23913.93
261,1087,person,208.6,544.72,192.83,218.27,208.6,544.72,42090.15
261,1101,person,38.57,477.92,76.65,220.73,38.57,477.92,16919.71
261,1118,person,940.91,411.55,136.64,258.84,940.91,411.55,35367.47
261,1119,person,1155.04,440.79,112.05,270.09,1155.04,440.79,30264.73
261,1122,person,974.8,523.88,197.02,195.92,974.8,523.88,38600.16
261,1124,person,629.55,360.37,92.35,237.86,629.55,360.37,21966.6
262,1087,person,207.02,543.62,192.92,218.96,207.02,543.62,42239.86
262,1101,person,37.68,476.67,75.37,219.01,37.68,476.67,16506.29
262,1118,person,941.73,408.79,135.96,257.14,941.73,408.79,34959.74
262,1119,person,1155.58,438.67,112.47,271.38,1155.58,438.67,30521.75
262,1122,person,975.58,522.45,196.66,196.45,975.58,522.45,38633.59
262,1124,person,631.6,355.94,93.98,242.02,631.6,355.94,22745.62
263,1087,person,206.48,541.64,192.55,218.78,206.48,541.64,42126.66
263,1101,person,36.89,475.43,73.79,217.19,36.89,475.43,16025.99
263,1118,person,941.54,405.78,134.89,254.99,941.54,405.78,34396.12
263,1119,person,1154.75,436.56,112.54,271.75,1154.75,436.56,30582.61
263,1122,person,974.34,520.27,194.99,195.33,974.34,520.27,38088.59
263,1124,person,630.93,352.35,94.6,243.67,630.93,352.35,23051.39
264,1087,person,206.08,538.49,191.8,218.08,206.08,538.49,41828.18
264,1101,person,36.53,471.75,73.07,219.29,36.53,471.75,16023.07
264,1118,person,938.18,404.04,135.97,255.89,938.18,404.04,34793.46
264,1119,person,1152.29,434.39,112.46,271.49,1152.29,434.39,30531.34
264,1122,person,972.24,518.1,192.99,193.52,972.24,518.1,37346.87
264,1124,person,629.06,350.53,93.27,240.23,629.06,350.53,22407.62
265,1087,person,204.98,535.93,191.34,217.54,204.98,535.93,41622.9
265,1101,person,35.9,469.42,71.8,219.9,35.9,469.42,15789.41
265,1118,person,935.21,402.64,136.92,256.19,935.21,402.64,35077.49
265,1119,person,1149.83,432.78,113.11,273.05,1149.83,432.78,30885.02
265,1122,person,970.02,516.05,191.22,191.82,970.02,516.05,36680.51
265,1124,person,626.93,348.35,93.31,239.9,626.93,348.35,22385.83
266,1087,person,203.88,534.68,190.7,216.03,203.88,534.68,41195.66
266,1101,person,35.07,467.82,70.14,218.43,35.07,467.82,15320.96
266,1118,person,933.86,401.54,138.2,257.91,933.86,401.54,35643.36
266,1119,person,1148.45,430.95,113.94,274.96,1148.45,430.95,31328.27
266,1122,person,967.68,513.55,190.22,190.87,967.68,513.55,36308.32
266,1124,person,624.39,346.85,93.23,238.85,624.39,346.85,22268.59
267,1087,person,202.84,532.31,193.16,218.49,202.84,532.31,42204.61
267,1101,person,34.32,466.02,68.65,217.9,34.32,466.02,14957.79
267,1118,person,932.86,399.55,139.23,259.12,932.86,399.55,36078.51
267,1119,person,1148.53,429.82,114.87,277.3,1148.53,429.82,31854.49
267,1122,person,966.43,511.25,190.71,191.54,966.43,511.25,36528.21
267,1124,person,624.94,343.24,95.01,241.7,624.94,343.24,22964.27
268,1087,person,201.41,530.65,195.12,220.63,201.41,530.65,43050.36
268,1101,person,33.89,463.52,67.78,220.07,33.89,463.52,14916.26
268,1118,person,931.98,397.24,140.02,259.41,931.98,397.24,36320.86
268,1119,person,1148.69,428.16,115.38,278.66,1148.69,428.16,32151.47
268,1122,person,966.43,509.88,190.64,191.41,966.43,509.88,36491.57
268,1124,person,623.26,340.86,94.73,240.43,623.26,340.86,22776.51
269,1087,person,200.59,530.03,195.87,221.52,200.59,530.03,43387.57
269,1101,person,33.02,464.53,66.05,216.75,33.02,464.53,14315.6
269,1118,person,931.61,396.48,141.1,260.58,931.61,396.48,36767.83
269,1119,person,1148.79,426.86,115.44,279.04,1148.79,426.86,32213.4
269,1122,person,966.3,508.64,191.43,192.22,966.3,508.64,36795.29
269,1124,person,624.27,339.34,95.78,241.9,624.27,339.34,23168.35
270,1087,person,200.56,529.72,195.7,221.31,200.56,529.72,43309.54
270,1101,person,32.75,464.73,65.51,215.52,32.75,464.73,14118.4
270,1118,person,931.14,396.29,141.7,261.15,931.14,396.29,37005.98
270,1119,person,1148.02,425.26,115.69,280.24,1148.02,425.26,32419.47
270,1122,person,965.98,507.76,191.73,192.49,965.98,507.76,36906.45
270,1124,person,622.95,338.81,95.44,241.06,622.95,338.81,23005.92
271,1087,person,197.31,528.91,194.25,220.54,197.31,528.91,42840.69
271,1101,person,32.05,468.29,64.1,205.47,32.05,468.29,13170.52
271,1118,person,928.7,395.58,141.41,260.72,928.7,395.58,36867.83
271,1119,person,1145.35,422.78,114.83,277.69,1145.35,422.78,31887.59
271,1122,person,963.24,507.27,190.62,191.05,963.24,507.27,36418.33
271,1124,person,624.12,336.37,96.64,242.42,624.12,336.37,23427.73
272,1087,person,197.55,527.0,193.51,219.41,197.55,527.0,42457.15
272,1101,person,31.88,465.37,63.76,206.0,31.88,465.37,13135.6
272,1118,person,923.07,393.64,140.45,258.64,923.07,393.64,36325.23
272,1119,person,1139.28,419.15,112.5,272.11,1139.28,419.15,30611.09
272,1122,person,957.91,504.73,189.43,189.72,957.91,504.73,35938.59
273,1087,person,197.28,525.26,192.22,217.27,197.28,525.26,41763.03
273,1101,person,32.22,460.16,64.43,213.16,32.22,460.16,13734.95
273,1118,person,917.22,393.34,140.92,259.79,917.22,393.34,36610.93
273,1119,person,1132.84,418.01,111.56,269.37,1132.84,418.01,30050.27
273,1122,person,952.41,503.37,188.42,188.65,952.41,503.37,35544.89
274,1087,person,197.63,524.02,190.72,215.02,197.63,524.02,41008.16
274,1101,person,32.58,457.35,65.16,216.29,32.58,457.35,14092.45
274,1118,person,913.18,391.88,138.98,256.61,913.18,391.88,35664.58
274,1119,person,1126.49,417.53,111.56,268.97,1126.49,417.53,30006.27
274,1122,person,948.11,502.26,187.71,187.95,948.11,502.26,35279.97
275,1087,person,198.72,524.31,189.64,213.46,198.72,524.31,40481.48
275,1101,person,33.65,453.97,67.3,225.45,33.65,453.97,15172.3
275,1118,person,911.97,392.34,137.89,255.32,911.97,392.34,35206.09
275,1119,person,1122.75,418.79,110.68,266.58,1122.75,418.79,29504.08
275,1122,person,945.78,502.51,186.12,186.35,945.78,502.51,34685.02
276,1087,person,201.21,526.82,190.31,213.74,201.21,526.82,40677.17
276,1101,person,33.66,459.75,67.33,218.35,33.66,459.75,14701.45
276,1118,person,912.86,394.98,139.09,258.34,912.86,394.98,35932.45
276,1119,person,1123.13,421.48,110.27,265.37,1123.13,421.48,29262.83
276,1122,person,946.83,503.94,185.91,185.86,946.83,503.94,34552.8
277,1087,person,201.44,529.08,190.85,214.78,201.44,529.08,40991.36
277,1101,person,33.86,464.13,66.9,214.86,33.86,464.13,14373.78
277,1118,person,915.34,398.04,140.34,261.75,915.34,398.04,36735.21
277,1119,person,1125.18,423.79,110.92,266.85,1125.18,423.79,29597.34
277,1122,person,949.01,504.76,187.26,187.18,949.01,504.76,35051.07
278,1087,person,191.16,508.5,154.2,170.14,191.16,508.5,26235.33
278,1101,person,33.35,465.5,66.28,212.93,33.35,465.5,14113.44
278,1118,person,915.33,398.87,140.02,261.17,915.33,398.87,36568.66
278,1119,person,1126.72,424.76,110.97,267.0,1126.72,424.76,29630.7
278,1122,person,949.5,495.4,172.82,170.52,949.5,495.4,29470.13
279,1087,person,187.31,500.78,139.68,151.27,187.31,500.78,21129.95
279,1101,person,33.38,467.01,66.11,212.21,33.38,467.01,14028.28
279,1118,person,915.28,398.97,139.36,259.76,915.28,398.97,36199.56
279,1119,person,1128.01,425.18,110.94,267.02,1128.01,425.18,29623.65
279,1122,person,949.9,492.2,167.77,163.47,949.9,492.2,27424.64
279,1124,person,616.72,342.17,94.57,236.41,616.72,342.17,22358.05
280,1087,person,186.29,498.72,136.66,145.46,186.29,498.72,19878.5
280,1101,person,33.43,467.76,66.29,212.75,33.43,467.76,14103.27
280,1118,person,915.79,398.54,138.4,257.87,915.79,398.54,35687.99
280,1119,person,1128.92,425.39,110.96,267.28,1128.92,425.39,29657.61
280,1122,person,950.58,491.26,166.89,160.84,950.58,491.26,26842.88
280,1124,person,618.24,343.1,95.7,237.12,618.24,343.1,22691.62
281,1087,person,185.82,498.46,136.96,143.6,185.82,498.46,19667.14
281,1101,person,33.37,468.99,66.16,212.27,33.37,468.99,14044.73
281,1118,person,916.04,399.04,138.57,257.92,916.04,399.04,35738.27
281,1119,person,1129.53,426.12,110.93,267.48,1129.53,426.12,29670.76
281,1122,person,951.18,491.26,167.23,159.59,951.18,491.26,26688.26
282,1087,person,187.62,498.87,138.04,142.56,187.62,498.87,19679.9
282,1101,person,33.99,470.26,66.36,212.25,33.99,470.26,14084.56
282,1118,person,916.83,397.72,136.6,253.74,916.83,397.72,34661.31
282,1119,person,1129.95,427.18,110.8,267.53,1129.95,427.18,29641.92
282,1122,person,951.64,491.77,167.47,158.25,951.64,491.77,26502.63
282,1124,person,620.84,344.24,96.22,236.81,620.84,344.24,22785.68
283,1087,person,188.91,499.35,139.21,141.89,188.91,499.35,19752.82
283,1101,person,34.97,471.83,66.47,211.15,34.97,471.83,14034.92
283,1118,person,917.37,397.17,136.02,251.98,917.37,397.17,34275.14
283,1119,person,1130.72,428.0,110.81,267.85,1130.72,428.0,29680.0
283,1122,person,952.41,492.03,168.59,157.83,952.41,492.03,26609.31
283,1124,person,621.9,345.16,96.9,236.64,621.9,345.16,22931.39
284,1087,person,190.02,500.07,139.71,140.82,190.02,500.07,19673.87
284,1101,person,35.57,473.3,66.9,211.03,35.57,473.3,14116.88
284,1118,person,920.67,392.17,129.56,239.07,920.67,392.17,30974.91
284,1119,person,1131.89,428.58,110.08,266.55,1131.89,428.58,29342.26
284,1122,person,953.8,492.69,168.94,156.77,953.8,492.69,26484.85
284,1124,person,624.24,345.49,97.92,236.45,624.24,345.49,23152.48
285,1087,person,191.25,500.59,139.45,139.25,191.25,500.59,19417.88
285,1101,person,36.45,473.45,68.08,213.15,36.45,473.45,14511.93
285,1118,person,918.44,391.56,129.14,235.17,918.44,391.56,30369.95
285,1119,person,1133.7,427.94,109.0,264.64,1133.7,427.94,28846.07
285,1122,person,954.99,493.1,169.8,156.2,954.99,493.1,26523.56
285,1124,person,625.47,345.16,99.01,237.03,625.47,345.16,23467.59
286,1087,person,191.93,501.04,139.57,138.27,191.93,501.04,19299.22
286,1101,person,37.36,473.63,69.28,215.05,37.36,473.63,14897.79
286,1118,person,920.51,391.39,130.24,235.32,920.51,391.39,30648.87
286,1119,person,1134.81,428.18,108.85,265.13,1134.81,428.18,28860.09
286,1122,person,955.38,494.05,170.41,155.4,955.38,494.05,26481.24
287,1087,person,191.82,501.28,141.45,138.98,191.82,501.28,19659.48
287,1101,person,37.92,474.04,70.13,215.86,37.92,474.04,15138.39
287,1118,person,920.59,390.28,130.42,232.9,920.59,390.28,30373.47
287,1119,person,1135.89,428.74,108.89,266.26,1135.89,428.74,28992.9
287,1122,person,955.89,494.77,171.05,154.69,955.89,494.77,26458.82
288,1087,person,191.87,501.58,142.44,138.84,191.87,501.58,19775.25
288,1101,person,37.51,474.12,70.66,216.44,37.51,474.12,15293.89
288,1118,person,919.79,390.76,132.25,233.25,919.79,390.76,30847.25
288,1119,person,1136.74,429.62,109.21,267.91,1136.74,429.62,29258.02
288,1122,person,956.19,494.16,173.69,156.1,956.19,494.16,27112.72
288,1124,person,626.03,347.66,100.28,239.32,626.03,347.66,23998.45
289,1087,person,191.99,501.89,143.27,138.6,191.99,501.89,19856.73
289,1101,person,37.52,474.22,71.23,217.11,37.52,474.22,15463.91
289,1118,person,924.02,389.77,131.41,230.79,924.02,389.77,30327.22
289,1119,person,1137.24,430.35,108.86,267.87,1137.24,430.35,29160.73
289,1122,person,956.58,496.47,170.57,151.68,956.58,496.47,25871.71
290,1087,person,191.87,502.07,143.99,138.41,191.87,502.07,19929.64
290,1101,person,37.48,474.2,71.64,217.5,37.48,474.2,15582.57
290,1118,person,926.24,390.53,131.85,231.33,926.24,390.53,30501.86
290,1119,person,1137.3,430.64,108.27,267.06,1137.3,430.64,28914.06
290,1122,person,956.73,497.8,169.47,149.17,956.73,497.8,25280.42
291,1087,person,192.11,502.12,144.89,138.38,192.11,502.12,20050.08
291,1101,person,37.49,474.23,72.01,217.79,37.49,474.23,15682.57
291,1118,person,928.55,391.55,131.93,232.44,928.55,391.55,30665.79
291,1119,person,1137.17,431.16,108.06,267.3,1137.17,431.16,28883.4
291,1122,person,956.78,497.02,172.47,150.81,956.78,497.02,26009.85
291,1124,person,625.89,348.16,101.9,243.62,625.89,348.16,24823.58
292,1087,person,192.03,502.11,145.77,138.45,192.03,502.11,20182.23
292,1101,person,37.3,474.24,72.32,218.21,37.3,474.24,15782.2
292,1118,person,929.5,386.83,127.25,224.1,929.5,386.83,28515.29
292,1119,person,1137.02,431.15,108.3,268.35,1137.02,431.15,29061.82
292,1122,person,953.15,496.38,175.92,152.88,953.15,496.38,26895.29
293,1087,person,191.88,502.06,146.66,138.61,191.88,502.06,20328.39
293,1101,person,37.34,474.3,72.55,218.3,37.34,474.3,15837.7
293,1118,person,929.73,383.76,124.36,218.41,929.73,383.76,27160.43
293,1119,person,1136.9,431.23,108.47,269.19,1136.9,431.23,29199.9
293,1122,person,951.86,496.9,176.41,152.24,951.86,496.9,26856.19
294,1087,person,191.62,502.1,147.27,138.61,191.62,502.1,20412.85
294,1101,person,37.42,474.54,72.66,217.98,37.42,474.54,15838.51
294,1118,person,929.67,381.87,122.75,214.98,929.67,381.87,26389.36
294,1119,person,1136.24,431.44,108.35,269.14,1136.24,431.44,29161.07
294,1122,person,949.14,499.75,171.93,146.62,949.14,499.75,25207.92
295,1087,person,191.48,502.22,147.64,138.38,191.48,502.22,20429.64
295,1101,person,37.56,474.64,72.99,218.36,37.56,474.64,15937.33
295,1118,person,929.12,380.13,121.71,211.92,929.12,380.13,25793.18
295,1119,person,1136.22,431.6,108.18,269.1,1136.22,431.6,29109.86
295,1122,person,946.99,506.57,160.02,133.05,946.99,506.57,21290.21
296,1087,person,191.64,502.46,147.79,137.94,191.64,502.46,20386.27
296,1101,person,37.73,475.53,72.85,217.09,37.73,475.53,15815.64
296,1118,person,929.47,376.8,119.79,206.41,929.47,376.8,24726.49
296,1119,person,1136.96,431.87,107.81,268.59,1136.96,431.87,28956.39
296,1122,person,946.23,510.23,156.01,126.57,946.23,510.23,19745.38
297,1087,person,191.75,502.66,147.95,137.6,191.75,502.66,20358.21
297,1101,person,37.95,476.08,73.02,216.7,37.95,476.08,15823.66
297,1118,person,931.15,375.27,119.8,204.62,931.15,375.27,24513.65
297,1119,person,1137.73,432.11,107.17,267.34,1137.73,432.11,28651.13
297,1122,person,946.76,513.95,151.85,119.82,946.76,513.95,18195.37
298,1087,person,192.16,502.89,147.89,137.2,192.16,502.89,20291.17
298,1101,person,38.22,476.3,73.42,216.99,38.22,476.3,15932.46
298,1118,person,933.24,373.5,120.07,203.73,933.24,373.5,24461.39
298,1119,person,1138.09,432.53,106.78,266.75,1138.09,432.53,28484.76
298,1122,person,948.07,514.91,153.15,118.31,948.07,514.91,18119.77
299,1087,person,192.6,503.31,147.34,136.39,192.6,503.31,20094.92
299,1101,person,38.38,476.17,74.06,218.14,38.38,476.17,16154.98
299,1118,person,938.86,374.03,119.71,204.37,938.86,374.03,24465.29
299,1119,person,1138.17,432.71,106.32,265.79,1138.17,432.71,28259.33
299,1122,person,948.63,515.29,155.21,117.63,948.63,515.29,18257.7
300,1087,person,193.14,503.77,146.79,135.59,193.14,503.77,19902.63
300,1101,person,38.57,476.09,74.52,218.73,38.57,476.09,16298.85
300,1119,person,1138.12,433.14,106.3,265.74,1138.12,433.14,28248.52
300,1122,person,950.28,514.75,159.14,119.09,950.28,514.75,18951.73
301,1087,person,193.64,504.11,146.59,135.05,193.64,504.11,19797.99
301,1101,person,38.99,475.85,75.27,220.13,38.99,475.85,16569.78
301,1119,person,1137.91,433.74,106.55,266.12,1137.91,433.74,28354.64
301,1122,person,952.15,509.17,172.95,129.73,952.15,509.17,22437.17
301,1118,person,949.3,371.46,115.59,199.15,949.3,371.46,23019.37
302,1087,person,194.03,504.3,146.64,134.78,194.03,504.3,19763.64
302,1101,person,39.27,476.74,75.32,219.24,39.27,476.74,16513.84
302,1119,person,1137.6,434.03,106.4,265.45,1137.6,434.03,28242.28
302,1122,person,954.09,511.58,166.58,124.14,954.09,511.58,20678.73
302,1118,person,952.59,371.09,114.86,199.55,952.59,371.09,22921.17
303,1087,person,194.11,504.4,146.87,134.66,194.11,504.4,19777.61
303,1101,person,39.49,477.42,75.44,218.46,39.49,477.42,16480.03
303,1119,person,1137.24,434.13,106.47,265.39,1137.24,434.13,28256.21
303,1122,person,957.37,511.63,166.44,124.16,957.37,511.63,20665.17
303,1118,person,950.89,372.14,116.4,201.45,950.89,372.14,23447.63
304,1087,person,193.89,504.48,147.09,134.52,193.89,504.48,19785.87
304,1101,person,39.26,477.95,75.35,217.36,39.26,477.95,16378.44
304,1119,person,1137.35,434.3,106.66,265.59,1137.35,434.3,28326.75
304,1118,person,956.42,366.79,110.48,191.46,956.42,366.79,21153.48
305,1087,person,193.84,504.6,147.15,134.28,193.84,504.6,19759.22
305,1101,person,39.53,478.48,75.72,217.41,39.53,478.48,16461.9
305,1119,person,1137.64,435.01,106.86,266.0,1137.64,435.01,28423.94
305,1129,person,950.63,420.8,157.65,305.72,950.63,420.8,48196.36
306,1087,person,194.35,504.86,147.09,133.86,194.35,504.86,19689.32
306,1101,person,39.94,479.39,76.02,217.07,39.94,479.39,16502.19
306,1119,person,1137.96,434.98,106.49,265.01,1137.96,434.98,28221.75
306,1129,person,954.81,419.46,156.92,304.5,954.81,419.46,47781.47
307,1087,person,194.7,505.06,147.01,133.5,194.7,505.06,19625.03
307,1101,person,40.29,479.72,76.55,217.35,40.29,479.72,16637.76
307,1119,person,1138.23,435.1,106.4,264.67,1138.23,435.1,28159.36
307,1129,person,958.55,418.7,156.29,303.48,958.55,418.7,47430.51
308,1087,person,194.65,505.18,147.08,133.25,194.65,505.18,19599.34
308,1101,person,40.2,479.71,77.0,217.75,40.2,479.71,16766.09
308,1119,person,1138.43,435.37,106.67,265.18,1138.43,435.37,28288.19
308,1129,person,963.91,419.31,155.05,301.56,963.91,419.31,46756.53
308,1124,person,628.96,355.02,100.38,238.23,628.96,355.02,23912.8
308,1118,person,967.3,354.23,93.2,156.98,967.3,354.23,14630.64
309,1087,person,194.44,505.28,147.17,133.06,194.44,505.28,19581.7
309,1101,person,40.36,479.94,77.49,218.22,40.36,479.94,16909.22
309,1119,person,1138.35,435.91,106.69,265.14,1138.35,435.91,28287.49
309,1129,person,966.75,420.89,151.37,295.02,966.75,420.89,44657.92
309,1118,person,970.91,355.56,94.62,155.24,970.91,355.56,14688.7
310,1087,person,194.17,505.37,147.19,132.87,194.17,505.37,19557.56
310,1101,person,40.44,480.56,77.58,217.48,40.44,480.56,16871.4
310,1119,person,1138.24,435.82,106.71,265.11,1138.24,435.82,28288.49
310,1129,person,970.35,417.77,152.31,297.5,970.35,417.77,45313.02
310,1124,person,629.63,355.48,100.64,237.9,629.63,355.48,23942.82
311,1087,person,194.1,505.5,147.22,132.6,194.1,505.5,19522.15
311,1101,person,40.23,480.68,77.82,217.52,40.23,480.68,16927.62
311,1119,person,1138.14,436.02,106.98,265.8,1138.14,436.02,28436.98
311,1129,person,972.09,417.76,151.31,295.99,972.09,417.76,44785.44
311,1124,person,629.25,355.54,100.97,237.87,629.25,355.54,24018.76
312,1087,person,193.43,505.64,147.01,132.37,193.43,505.64,19460.09
312,1101,person,40.45,480.39,78.48,218.68,40.45,480.39,17161.93
312,1119,person,1137.93,436.93,107.94,268.28,1137.93,436.93,28959.04
312,1129,person,972.19,420.76,150.78,294.82,972.19,420.76,44453.23
313,1087,person,193.41,505.92,146.42,131.84,193.41,505.92,19303.59
313,1101,person,40.68,481.01,78.34,217.28,40.68,481.01,17022.02
313,1119,person,1137.94,437.17,108.15,268.98,1137.94,437.17,29091.66
313,1129,person,970.8,424.78,149.48,291.41,970.8,424.78,43560.72
314,1087,person,193.46,506.33,145.7,131.13,193.46,506.33,19106.41
314,1101,person,40.92,481.19,78.91,218.04,40.92,481.19,17206.4
314,1119,person,1137.9,437.74,107.68,267.86,1137.9,437.74,28844.56
314,1129,person,970.43,429.1,148.16,287.2,970.43,429.1,42549.88
314,1118,person,977.89,348.99,87.91,137.14,977.89,348.99,12055.69
315,1087,person,193.83,506.51,145.63,130.83,193.83,506.51,19052.77
315,1101,person,40.84,480.82,79.58,219.4,40.84,480.82,17460.14
315,1119,person,1137.85,438.29,107.6,267.62,1137.85,438.29,28796.67
315,1129,person,968.84,425.62,152.45,294.44,968.84,425.62,44885.5
315,1118,person,978.56,345.25,93.3,141.71,978.56,345.25,13222.04
316,1087,person,193.89,506.54,145.82,130.76,193.89,506.54,19067.88
316,1101,person,40.78,481.08,79.83,219.65,40.78,481.08,17534.6
316,1119,person,1137.88,439.01,107.58,267.46,1137.88,439.01,28774.07
316,1118,person,979.12,344.25,96.64,143.65,979.12,344.25,13882.4
317,1087,person,194.01,506.69,145.87,130.49,194.01,506.69,19035.52
317,1101,person,40.85,481.48,79.79,218.94,40.85,481.48,17468.85
317,1119,person,1137.74,439.48,107.43,266.97,1137.74,439.48,28681.46
317,1118,person,978.94,343.37,98.92,144.76,978.94,343.37,14319.66
317,1129,person,966.9,423.1,156.36,300.69,966.9,423.1,47015.97
318,1087,person,193.84,506.85,145.85,130.21,193.84,506.85,18990.99
318,1101,person,40.62,481.45,79.92,219.02,40.62,481.45,17503.83
318,1119,person,1137.69,439.64,107.51,267.06,1137.69,439.64,28710.75
318,1118,person,977.3,341.93,97.13,140.18,977.3,341.93,13614.95
318,1129,person,963.74,454.45,130.36,239.03,963.74,454.45,31159.3
319,1087,person,193.54,506.85,146.11,130.2,193.54,506.85,19023.32
319,1101,person,40.46,481.12,80.18,219.63,40.46,481.12,17609.22
319,1119,person,1137.62,439.66,107.56,267.16,1137.62,439.66,28736.63
319,1118,person,975.97,341.15,98.54,141.29,975.97,341.15,13923.43
319,1129,person,960.88,465.86,122.56,217.08,960.88,465.86,26605.5
320,1087,person,193.32,506.81,146.43,130.28,193.32,506.81,19077.42
320,1101,person,40.15,481.18,80.12,219.54,40.15,481.18,17589.9
320,1119,person,1137.54,440.02,107.85,268.0,1137.54,440.02,28904.13
320,1118,person,974.67,339.47,100.76,144.19,974.67,339.47,14528.35
320,1129,person,960.92,468.91,122.75,211.1,960.92,468.91,25911.64
321,1087,person,193.37,506.92,146.46,130.08,193.37,506.92,19050.78
321,1101,person,40.49,482.83,79.45,216.98,40.49,482.83,17238.87
321,1119,person,1137.32,440.56,107.61,267.68,1137.32,440.56,28805.86
321,1118,person,973.6,337.4,103.03,147.85,973.6,337.4,15233.12
322,1087,person,193.43,507.1,146.45,129.82,193.43,507.1,19012.84
322,1101,person,40.38,481.22,80.75,220.87,40.38,481.22,17836.17
322,1119,person,1137.15,440.96,107.52,267.74,1137.15,440.96,28787.22
322,1118,person,971.2,336.94,104.6,151.12,971.2,336.94,15807.23
322,1129,person,962.29,469.84,126.05,211.04,962.29,469.84,26600.12
323,1087,person,193.59,507.17,146.62,129.76,193.59,507.17,19026.27
323,1101,person,40.54,480.32,81.08,223.14,40.54,480.32,18091.91
323,1119,person,1137.1,441.38,107.36,267.55,1137.1,441.38,28725.22
323,1118,person,970.22,336.9,104.92,152.54,970.22,336.9,16004.21
323,1129,person,962.49,469.62,129.98,212.59,962.49,469.62,27632.86
324,1087,person,193.71,507.3,146.56,129.55,193.71,507.3,18986.61
324,1101,person,40.94,478.14,81.89,227.84,40.94,478.14,18656.96
324,1119,person,1137.13,441.65,107.13,267.15,1137.13,441.65,28619.92
324,1118,person,967.87,337.33,102.82,150.09,967.87,337.33,15431.97
324,1129,person,963.16,469.23,132.87,213.04,963.16,469.23,28305.73
325,1087,person,193.75,507.4,146.5,129.35,193.75,507.4,18950.11
325,1101,person,40.7,479.16,81.4,226.18,40.7,479.16,18411.28
325,1119,person,1137.19,441.79,106.99,266.86,1137.19,441.79,28551.65
325,1118,person,964.72,339.21,98.23,142.96,964.72,339.21,14043.09
325,1129,person,963.09,468.75,135.18,213.34,963.09,468.75,28840.42
326,1087,person,193.78,507.45,146.55,129.23,193.78,507.45,18937.9
326,1101,person,40.17,482.72,79.89,219.48,40.17,482.72,17532.99
326,1119,person,1137.14,441.81,106.86,266.54,1137.14,441.81,28482.37
326,1118,person,960.29,337.91,99.59,145.18,960.29,337.91,14458.61
326,1129,person,962.65,468.21,137.16,213.38,962.65,468.21,29266.86
327,1087,person,193.54,507.4,146.74,129.27,193.54,507.4,18967.82
327,1101,person,40.3,481.69,80.59,223.78,40.3,481.69,18034.88
327,1119,person,1137.13,441.87,106.89,266.64,1137.13,441.87,28501.28
327,1118,person,957.1,336.98,102.12,149.3,957.1,336.98,15247.19
327,1129,person,961.55,467.53,139.6,214.66,961.55,467.53,29967.38
328,1087,person,193.33,507.44,146.72,129.16,193.33,507.44,18950.3
328,1101,person,39.84,484.27,77.11,210.98,39.84,484.27,16268.15
328,1119,person,1137.08,441.92,106.96,266.89,1137.08,441.92,28547.21
328,1118,person,952.97,340.68,97.8,142.72,952.97,340.68,13958.47
328,1129,person,960.67,466.57,142.02,216.15,960.67,466.57,30696.19
329,1087,person,193.24,507.5,146.73,129.1,193.24,507.5,18942.23
329,1101,person,39.77,487.51,73.7,199.37,39.77,487.51,14693.28
329,1119,person,1137.08,442.02,107.08,267.29,1137.08,442.02,28622.36
329,1118,person,947.73,338.19,100.22,146.43,947.73,338.19,14674.67
329,1129,person,955.32,465.66,144.56,217.05,955.32,465.66,31377.74
330,1087,person,193.34,507.59,146.67,128.99,193.34,507.59,18918.5
330,1101,person,39.69,487.88,72.78,194.87,39.69,487.88,14182.55
330,1119,person,1137.26,442.2,107.09,267.32,1137.26,442.2,28625.61
330,1118,person,945.13,337.24,100.37,146.97,945.13,337.24,14751.11
330,1129,person,952.57,465.49,146.09,216.77,952.57,465.49,31667.31
331,1087,person,193.25,507.81,146.2,128.53,193.25,507.81,18790.85
331,1101,person,39.99,486.98,73.33,194.48,39.99,486.98,14260.3
331,1119,person,1137.64,442.37,106.94,266.66,1137.64,442.37,28516.78
331,1118,person,942.09,336.08,100.94,148.09,942.09,336.08,14947.72
332,1087,person,193.55,508.21,145.5,127.73,193.55,508.21,18584.43
332,1101,person,40.46,488.81,71.53,186.61,40.46,488.81,13347.71
332,1119,person,1137.83,443.06,106.8,265.92,1137.83,443.06,28399.3
332,1118,person,938.23,336.2,100.01,147.24,938.23,336.2,14725.81
332,1129,person,952.51,464.56,148.17,219.04,952.51,464.56,32456.06
333,1087,person,193.53,508.35,145.27,127.37,193.53,508.35,18502.89
333,1101,person,41.1,490.59,69.66,177.76,41.1,490.59,12381.89
333,1119,person,1138.0,443.18,106.81,265.62,1138.0,443.18,28370.93
333,1118,person,934.33,336.61,98.87,146.57,934.33,336.61,14490.51
334,1087,person,192.77,508.25,145.63,127.72,192.77,508.25,18599.61
334,1119,person,1137.92,442.68,107.13,266.31,1137.92,442.68,28530.24
334,1118,person,929.2,335.87,97.74,145.09,929.2,335.87,14180.92
334,1124,person,628.16,362.06,99.64,237.65,628.16,362.06,23679.58
335,1087,person,192.46,507.97,146.22,128.22,192.46,507.97,18748.28
335,1119,person,1137.87,442.76,107.43,267.22,1137.87,442.76,28706.85
335,1118,person,925.26,337.51,95.34,141.14,925.26,337.51,13455.18
336,1087,person,192.4,507.9,146.48,128.33,192.4,507.9,18796.95
336,1119,person,1137.55,442.44,107.27,266.69,1137.55,442.44,28607.03
336,1118,person,923.64,335.58,96.54,143.26,923.64,335.58,13831.12
337,1087,person,192.21,507.87,146.58,128.29,192.21,507.87,18805.51
337,1119,person,1137.14,442.36,107.25,266.73,1137.14,442.36,28606.55
337,1118,person,920.05,333.92,95.31,142.0,920.05,333.92,13534.38
338,1087,person,192.1,507.81,146.71,128.26,192.1,507.81,18816.48
338,1119,person,1137.23,442.15,107.4,267.05,1137.23,442.15,28682.25
338,1118,person,917.21,333.68,95.67,143.95,917.21,333.68,13771.85
339,1087,person,191.41,507.74,146.83,128.4,191.41,507.74,18852.76
339,1119,person,1137.43,442.04,107.73,267.84,1137.43,442.04,28855.95
339,1118,person,913.28,332.61,94.78,142.42,913.28,332.61,13497.92
340,1087,person,191.12,507.84,146.66,128.27,191.12,507.84,18811.93
340,1119,person,1137.43,442.1,107.86,268.09,1137.43,442.1,28916.01
340,1118,person,909.77,332.37,94.25,140.74,909.77,332.37,13265.2
341,1087,person,190.98,507.93,146.49,128.13,190.98,507.93,18768.79
341,1119,person,1137.59,442.17,107.97,268.28,1137.59,442.17,28965.8
341,1118,person,907.41,332.95,94.97,141.0,907.41,332.95,13390.59
342,1087,person,190.78,507.95,146.52,128.17,190.78,507.95,18779.56
342,1119,person,1137.55,442.73,107.89,268.54,1137.55,442.73,28973.65
342,1118,person,906.25,333.67,95.54,141.5,906.25,333.67,13518.73
343,1087,person,190.9,507.96,146.51,128.16,190.9,507.96,18777.69
343,1119,person,1137.46,443.01,107.86,268.87,1137.46,443.01,29001.99
344,1087,person,191.7,508.08,146.0,127.83,191.7,508.08,18663.12
344,1119,person,1137.17,443.09,107.55,268.1,1137.17,443.09,28835.49
344,1118,person,902.44,329.77,93.77,137.78,902.44,329.77,12918.95
345,1087,person,191.93,508.12,145.8,127.79,191.93,508.12,18630.74
345,1119,person,1137.17,443.12,107.52,268.12,1137.17,443.12,28827.53
345,1118,person,901.07,331.17,93.4,136.27,901.07,331.17,12728.25
345,1129,person,921.94,425.26,185.85,292.11,921.94,425.26,54287.88
346,1087,person,192.04,508.18,145.31,127.49,192.04,508.18,18526.14
346,1119,person,1137.18,443.37,107.34,267.72,1137.18,443.37,28737.14
346,1118,person,900.01,329.5,94.42,136.84,900.01,329.5,12921.17
346,1129,person,921.51,442.96,161.42,259.02,921.51,442.96,41812.24
347,1087,person,192.39,508.39,144.62,127.0,192.39,508.39,18367.41
347,1119,person,1137.35,443.6,107.11,267.05,1137.35,443.6,28604.07
347,1118,person,900.43,328.71,94.62,135.97,900.43,328.71,12865.52
347,1129,person,921.58,448.85,151.42,248.11,921.58,448.85,37569.26
348,1087,person,192.18,508.38,144.71,127.1,192.18,508.38,18393.57
348,1119,person,1137.48,443.88,107.09,266.88,1137.48,443.88,28579.73
348,1118,person,900.47,328.89,94.65,135.02,900.47,328.89,12779.78
348,1129,person,921.79,451.08,146.43,243.92,921.79,451.08,35716.25
349,1087,person,192.28,508.37,144.79,127.22,192.28,508.37,18421.07
349,1119,person,1137.36,444.06,107.16,267.01,1137.36,444.06,28612.88
349,1118,person,900.91,328.6,95.36,135.2,900.91,328.6,12893.0
349,1129,person,920.61,450.88,143.67,243.91,920.61,450.88,35042.22
350,1087,person,192.09,508.43,144.54,127.1,192.09,508.43,18371.32
350,1119,person,1137.28,444.04,107.21,267.01,1137.28,444.04,28624.57
350,1118,person,901.72,328.76,96.89,136.61,901.72,328.76,13236.07
350,1129,person,920.0,450.76,141.4,243.93,920.0,450.76,34492.55
350,1138,person,909.62,414.0,119.93,311.26,909.62,414.0,37330.22
351,1087,person,192.08,508.57,144.01,126.74,192.08,508.57,18251.94
351,1119,person,1137.26,444.1,107.3,267.2,1137.26,444.1,28670.32
351,1129,person,919.58,450.69,139.73,244.08,919.58,450.69,34104.59
351,1138,person,910.57,414.3,120.13,311.67,910.57,414.3,37439.88
352,1087,person,192.16,508.66,143.7,126.51,192.16,508.66,18179.09
352,1119,person,1137.05,444.0,107.31,267.25,1137.05,444.0,28677.23
352,1129,person,919.77,451.02,137.91,243.53,919.77,451.02,33586.44
352,1138,person,909.92,414.8,120.1,311.81,909.92,414.8,37448.07
353,1087,person,192.15,508.68,143.62,126.44,192.15,508.68,18159.35
353,1119,person,1136.91,444.14,107.33,267.37,1136.91,444.14,28696.96
353,1129,person,919.7,450.41,137.19,244.58,919.7,450.41,33553.93
353,1138,person,908.26,414.77,119.63,311.08,908.26,414.77,37214.52
354,1087,person,192.53,508.72,143.67,126.38,192.53,508.72,18157.03
354,1119,person,1136.72,444.25,107.31,267.45,1136.72,444.25,28700.7
354,1129,person,919.34,450.49,135.99,244.36,919.34,450.49,33230.61
354,1138,person,908.47,414.76,119.49,310.86,908.47,414.76,37145.37
355,1087,person,192.86,508.72,143.72,126.31,192.86,508.72,18153.38
355,1119,person,1136.55,444.38,107.2,267.25,1136.55,444.38,28648.91
355,1138,person,913.23,415.61,120.18,310.75,913.23,415.61,37344.4
356,1087,person,192.91,508.83,143.63,126.13,192.91,508.83,18115.06
356,1119,person,1136.57,444.54,107.37,267.85,1136.57,444.54,28760.05
356,1138,person,915.43,416.83,120.95,310.47,915.43,416.83,37551.66
357,1087,person,192.95,508.94,143.6,126.06,192.95,508.94,18101.66
357,1119,person,1136.76,444.51,107.18,267.58,1136.76,444.51,28680.08
357,1138,person,916.13,417.24,121.69,309.93,916.13,417.24,37715.75
358,1087,person,192.83,508.93,143.72,126.1,192.83,508.93,18123.13
358,1119,person,1137.03,444.49,107.02,267.34,1137.03,444.49,28611.72
358,1138,person,916.36,419.73,120.39,303.38,916.36,419.73,36524.18
359,1087,person,192.56,508.74,144.05,126.45,192.56,508.74,18215.15
359,1119,person,1137.06,444.57,107.15,267.74,1137.06,444.57,28687.5
359,1138,person,916.31,423.42,117.92,292.85,916.31,423.42,34534.01
360,1087,person,192.1,508.59,144.23,126.73,192.1,508.59,18278.33
360,1119,person,1137.05,444.59,107.15,267.92,1137.05,444.59,28709.16
360,1138,person,916.2,423.32,118.96,291.7,916.2,423.32,34700.7
361,1087,person,191.97,508.53,144.29,126.84,191.97,508.53,18301.35
361,1119,person,1136.63,444.77,107.14,268.1,1136.63,444.77,28724.36
361,1138,person,913.65,425.56,117.41,285.52,913.65,425.56,33523.36
362,1087,person,192.23,508.3,144.69,127.25,192.23,508.3,18411.29
362,1119,person,1136.07,445.09,107.13,268.3,1136.07,445.09,28743.68
362,1138,person,916.25,426.99,117.79,281.74,916.25,426.99,33185.6
363,1087,person,192.15,508.13,144.97,127.6,192.15,508.13,18497.92
363,1119,person,1135.97,445.17,107.01,268.24,1135.97,445.17,28703.56
363,1138,person,916.89,428.55,118.44,278.86,916.89,428.55,33028.8
363,1143,person,49.5,164.33,24.57,72.82,49.5,164.33,1788.85
364,1087,person,192.27,508.19,144.84,127.58,192.27,508.19,18478.55
364,1119,person,1136.04,445.57,106.65,267.41,1136.04,445.57,28520.51
364,1138,person,917.2,436.94,113.79,263.86,917.2,436.94,30025.65
364,1143,person,49.14,165.66,23.9,70.78,49.14,165.66,1691.33
365,1087,person,192.37,508.09,144.87,127.7,192.37,508.09,18498.8
365,1119,person,1135.84,445.95,106.6,267.25,1135.84,445.95,28489.86
365,1143,person,48.63,167.11,23.33,68.92,48.63,167.11,1608.14
365,1129,person,915.67,430.5,150.07,274.2,915.67,430.5,41149.04
366,1087,person,191.89,507.93,145.03,128.01,191.89,507.93,18565.88
366,1119,person,1135.52,446.02,106.55,267.03,1135.52,446.02,28451.15
366,1143,person,48.72,167.21,23.28,68.47,48.72,167.21,1593.57
366,1129,person,912.6,425.24,151.91,284.36,912.6,425.24,43196.74
367,1087,person,191.89,507.89,145.11,128.16,191.89,507.89,18596.97
367,1119,person,1135.29,445.93,106.49,266.88,1135.29,445.93,28420.49
368,1087,person,192.15,507.87,145.1,128.19,192.15,507.87,18599.44
368,1119,person,1135.13,445.6,106.53,266.92,1135.13,445.6,28436.4
368,1138,person,928.52,442.04,115.2,254.81,928.52,442.04,29354.61
368,1143,person,48.18,167.25,23.23,67.91,48.18,167.25,1577.61
369,1087,person,192.32,507.95,144.84,128.02,192.32,507.95,18541.8
369,1119,person,1134.78,445.24,106.17,265.78,1134.78,445.24,28218.07
369,1143,person,47.45,165.54,24.41,71.25,47.45,165.54,1739.04
370,1087,person,192.06,507.91,144.76,128.04,192.06,507.91,18534.67
370,1119,person,1134.13,444.58,106.41,266.2,1134.13,444.58,28326.48
371,1087,person,191.87,507.97,144.69,128.0,191.87,507.97,18519.16
371,1119,person,1133.54,444.36,106.51,266.15,1133.54,444.36,28346.64
371,1129,person,901.66,404.38,145.69,282.5,901.66,404.38,41158.87
372,1087,person,191.51,507.9,144.8,128.18,191.51,507.9,18559.71
372,1119,person,1133.17,444.25,106.74,266.54,1133.17,444.25,28450.78
372,1129,person,900.4,391.43,134.24,263.24,900.4,391.43,35336.71
373,1087,person,191.38,507.98,144.69,128.14,191.38,507.98,18539.89
373,1119,person,1133.02,444.3,106.77,266.39,1133.02,444.3,28441.84
373,1129,person,895.71,376.51,122.31,235.42,895.71,376.51,28794.73
374,1087,person,191.07,508.05,144.52,128.09,191.07,508.05,18511.25
374,1119,person,1133.35,443.64,106.58,266.15,1133.35,443.64,28365.44
374,1129,person,892.65,371.19,116.64,223.9,892.65,371.19,26115.86
375,1087,person,190.96,508.12,144.24,127.95,190.96,508.12,18454.64
375,1119,person,1133.56,443.65,106.5,266.04,1133.56,443.65,28333.26
375,1129,person,885.41,372.62,115.47,221.61,885.41,372.62,25590.59
376,1087,person,190.91,508.22,143.95,127.8,190.91,508.22,18397.29
376,1119,person,1133.64,444.37,106.35,265.28,1133.64,444.37,28212.68
376,1129,person,882.53,372.28,111.44,213.6,882.53,372.28,23803.86
376,1146,person,909.81,431.58,103.09,272.15,909.81,431.58,28057.4
377,1087,person,190.9,508.32,143.59,127.59,190.9,508.32,18320.48
377,1119,person,1133.37,444.93,106.59,265.52,1133.37,444.93,28301.33
377,1129,person,881.05,373.21,112.5,215.55,881.05,373.21,24249.78
377,1146,person,906.9,423.94,107.65,285.15,906.9,423.94,30696.47
378,1087,person,191.06,508.38,143.28,127.42,191.06,508.38,18256.33
378,1119,person,1133.38,444.83,106.77,265.72,1133.38,444.83,28371.83
378,1129,person,881.52,373.13,113.62,217.41,881.52,373.13,24702.22
378,1146,person,906.4,420.58,109.58,291.79,906.4,420.58,31973.38
378,1147,person,890.62,409.02,115.26,290.36,890.62,409.02,33466.65
379,1087,person,191.38,508.46,142.94,127.2,191.38,508.46,18181.34
379,1119,person,1133.62,444.95,106.58,264.93,1133.62,444.95,28236.17
379,1129,person,881.46,374.59,113.58,217.26,881.46,374.59,24676.23
379,1146,person,905.49,420.95,108.16,288.8,905.49,420.95,31235.52
380,1087,person,191.6,508.61,142.5,126.87,191.6,508.61,18078.9
380,1119,person,1133.98,444.98,106.45,264.48,1133.98,444.98,28153.54
380,1146,person,906.37,428.54,103.99,276.49,906.37,428.54,28752.81
380,1147,person,887.55,410.43,107.67,270.09,887.55,410.43,29080.29
381,1087,person,191.53,508.84,141.7,126.31,191.53,508.84,17897.28
381,1119,person,1134.48,445.36,106.26,264.04,1134.48,445.36,28056.89
381,1146,person,906.52,431.35,102.38,270.89,906.52,431.35,27732.4
381,1129,person,882.3,378.77,108.95,206.67,882.3,378.77,22516.09
382,1087,person,191.63,509.04,141.19,125.91,191.63,509.04,17776.16
382,1119,person,1134.96,445.64,106.49,264.76,1134.96,445.64,28194.34
382,1146,person,908.43,429.59,101.26,266.92,908.43,429.59,27027.89
382,1147,person,888.29,412.65,105.77,262.59,888.29,412.65,27774.65
383,1087,person,191.49,509.16,140.92,125.61,191.49,509.16,17702.21
383,1119,person,1135.3,445.96,106.49,264.9,1135.3,445.96,28208.31
383,1146,person,910.08,427.72,100.67,263.89,910.08,427.72,26566.36
384,1087,person,191.58,509.19,141.03,125.68,191.58,509.19,17724.38
384,1119,person,1135.33,446.08,106.45,264.97,1135.33,446.08,28206.65
384,1146,person,910.96,426.61,100.83,263.01,910.96,426.61,26518.11
385,1087,person,191.42,509.1,141.57,126.16,191.42,509.1,17861.29
385,1119,person,1135.37,446.12,106.61,265.5,1135.37,446.12,28305.78
385,1146,person,911.02,425.55,101.18,263.07,911.02,425.55,26618.26
386,1087,person,190.85,509.01,142.03,126.46,190.85,509.01,17960.92
386,1119,person,1135.29,446.07,106.76,265.97,1135.29,446.07,28395.02
386,1146,person,909.69,424.47,102.15,263.81,909.69,424.47,26948.99
387,1087,person,190.5,508.95,142.31,126.62,190.5,508.95,18019.76
387,1119,person,1135.43,446.05,107.01,266.78,1135.43,446.05,28546.84
387,1146,person,909.88,423.47,102.47,263.55,909.88,423.47,27005.6
388,1087,person,190.04,509.0,142.22,126.55,190.04,509.0,17997.74
388,1119,person,1136.02,445.96,107.33,268.17,1136.02,445.96,28783.65
388,1146,person,911.52,422.67,102.36,262.25,911.52,422.67,26843.63
389,1087,person,189.83,509.07,142.01,126.36,189.83,509.07,17944.93
389,1119,person,1136.65,446.0,107.21,268.25,1136.65,446.0,28758.77
389,1146,person,915.6,422.3,102.34,262.25,915.6,422.3,26837.16
390,1087,person,189.91,509.14,141.78,126.16,189.91,509.14,17887.2
390,1119,person,1137.2,446.17,107.1,268.23,1137.2,446.17,28728.3
390,1146,person,918.42,422.33,102.31,262.98,918.42,422.33,26904.71
391,1087,person,189.95,509.21,141.67,126.07,189.95,509.21,17860.93
391,1119,person,1137.61,446.36,106.45,266.3,1137.61,446.36,28346.63
391,1146,person,913.27,422.14,104.97,267.57,913.27,422.14,28085.32
392,1087,person,189.94,509.29,141.51,125.85,189.94,509.29,17809.98
392,1119,person,1137.76,446.46,106.03,264.96,1137.76,446.46,28094.85
392,1146,person,917.15,423.6,103.44,265.36,917.15,423.6,27447.8
393,1087,person,190.0,509.42,141.32,125.66,190.0,509.42,17758.41
393,1119,person,1138.05,446.3,105.69,263.83,1138.05,446.3,27883.57
393,1146,person,917.04,423.28,104.47,267.85,917.04,423.28,27982.41
393,1157,person,25.83,173.13,51.66,83.42,25.83,173.13,4309.17
394,1087,person,189.4,509.43,141.31,125.68,189.4,509.43,17759.84
394,1119,person,1138.26,444.87,105.5,262.92,1138.26,444.87,27738.15
394,1146,person,911.65,419.24,108.65,271.59,911.65,419.24,29508.43
394,1157,person,26.75,174.35,50.62,81.71,26.75,174.35,4135.75
395,1087,person,188.87,509.43,141.31,125.71,188.87,509.43,17764.34
395,1119,person,1138.42,445.75,105.66,263.39,1138.42,445.75,27830.34
395,1157,person,27.36,174.9,50.27,81.18,27.36,174.9,4081.0
396,1087,person,188.72,509.43,141.24,125.62,188.72,509.43,17742.54
396,1119,person,1138.52,446.32,105.86,263.94,1138.52,446.32,27940.73
397,1087,person,188.32,509.46,141.18,125.56,188.32,509.46,17725.99
397,1119,person,1138.62,446.69,105.99,264.38,1138.62,446.69,28021.96
398,1087,person,188.4,509.48,141.2,125.51,188.4,509.48,17723.04
398,1119,person,1138.64,446.8,105.96,264.4,1138.64,446.8,28016.44
398,1157,person,23.55,175.54,47.09,84.06,23.55,175.54,3958.48
399,1087,person,188.46,509.45,141.39,125.53,188.46,509.45,17748.94
399,1119,person,1138.5,446.43,105.68,263.69,1138.5,446.43,27866.41
399,1157,person,22.66,176.07,45.32,85.35,22.66,176.07,3867.97
400,1087,person,188.53,509.5,141.43,125.38,188.53,509.5,17733.27
400,1119,person,1138.31,445.96,105.29,262.54,1138.31,445.96,27641.19
400,1157,person,22.07,176.46,44.13,85.23,22.07,176.46,3761.63
401,1087,person,188.27,509.59,141.41,125.18,188.27,509.59,17701.22
401,1119,person,1138.14,445.53,104.83,261.03,1138.14,445.53,27364.29
401,1157,person,22.42,176.3,44.85,85.94,22.42,176.3,3854.01
402,1087,person,188.08,509.81,141.05,124.78,188.08,509.81,17599.84
402,1119,person,1138.27,445.14,104.51,259.86,1138.27,445.14,27157.81
402,1157,person,21.46,176.3,42.93,85.41,21.46,176.3,3666.46
403,1087,person,188.05,510.09,140.52,124.25,188.05,510.09,17459.43
403,1119,person,1138.67,444.85,104.17,258.68,1138.67,444.85,26946.47
403,1157,person,20.93,176.72,41.86,84.18,20.93,176.72,3523.89
404,1087,person,188.43,510.2,140.2,123.93,188.43,510.2,17374.89
404,1119,person,1138.82,445.89,104.36,258.98,1138.82,445.89,27026.17
404,1157,person,20.31,177.05,40.62,84.15,20.31,177.05,3417.61
405,1087,person,188.27,510.41,139.7,123.48,188.27,510.41,17249.3
405,1119,person,1138.78,447.11,104.66,259.53,1138.78,447.11,27162.71
405,1157,person,19.72,177.48,39.45,83.97,19.72,177.48,3312.7
406,1087,person,188.09,510.52,139.39,123.29,188.09,510.52,17184.71
406,1119,person,1138.79,447.84,104.79,259.66,1138.79,447.84,27208.61
406,1157,person,19.64,177.79,39.28,84.47,19.64,177.79,3318.14
407,1087,person,188.48,510.7,138.95,122.89,188.48,510.7,17075.22
407,1119,person,1138.83,448.77,105.5,261.53,1138.83,448.77,27590.17
407,1157,person,20.38,177.68,40.76,85.94,20.38,177.68,3503.3
408,1087,person,188.81,510.87,138.52,122.47,188.81,510.87,16964.9
408,1119,person,1139.11,449.67,107.27,266.19,1139.11,449.67,28555.69
408,1157,person,20.62,179.21,41.23,85.04,20.62,179.21,3506.24
409,1087,person,189.32,511.02,138.18,122.1,189.32,511.02,16871.92
409,1119,person,1139.15,450.9,107.1,265.93,1139.15,450.9,28480.62
409,1157,person,20.45,179.04,40.9,85.45,20.45,179.04,3494.83
410,1087,person,189.47,511.13,138.01,121.87,189.47,511.13,16819.42
410,1119,person,1139.31,451.21,106.78,265.3,1139.31,451.21,28329.09
410,1157,person,19.59,178.76,39.18,85.78,19.59,178.76,3361.13
411,1087,person,189.54,511.19,138.03,121.76,189.54,511.19,16806.53
411,1119,person,1139.25,451.21,106.61,264.99,1139.25,451.21,28250.34
411,1157,person,19.02,179.8,38.03,87.54,19.02,179.8,3329.29
412,1087,person,189.55,511.32,137.89,121.5,189.55,511.32,16753.12
412,1119,person,1139.33,451.08,107.41,267.12,1139.33,451.08,28692.25
412,1157,person,18.47,180.83,36.95,88.05,18.47,180.83,3253.25
413,1087,person,189.56,511.4,137.87,121.24,189.56,511.4,16715.85
413,1119,person,1139.56,451.43,106.81,265.56,1139.56,451.43,28365.64
413,1157,person,18.69,182.67,37.38,90.27,18.69,182.67,3374.5
414,1087,person,189.87,511.76,137.24,120.43,189.87,511.76,16527.06
414,1119,person,1139.86,451.64,106.61,264.8,1139.86,451.64,28231.44
414,1157,person,18.85,182.6,37.71,90.26,18.85,182.6,3403.86
415,1087,person,190.56,512.37,136.19,119.16,190.56,512.37,16227.86
415,1119,person,1140.69,451.93,106.93,265.18,1140.69,451.93,28353.92
416,1087,person,192.39,512.86,135.75,118.48,192.39,512.86,16082.59
416,1119,person,1141.81,452.05,107.34,265.7,1141.81,452.05,28519.93
417,1087,person,193.51,513.44,135.12,117.6,193.51,513.44,15890.33
417,1119,person,1142.24,452.03,108.21,267.54,1142.24,452.03,28949.37
418,1087,person,193.88,513.62,135.13,117.31,193.88,513.62,15851.0
418,1119,person,1142.35,452.11,108.68,268.36,1142.35,452.11,29165.32
419,1087,person,193.9,513.57,135.63,117.37,193.9,513.57,15918.09
419,1119,person,1142.47,451.97,109.0,268.86,1142.47,451.97,29306.03
419,1163,person,948.59,387.24,118.38,252.1,948.59,387.24,29844.55
420,1087,person,193.96,513.53,136.2,117.34,193.96,513.53,15982.11
420,1119,person,1142.65,452.73,108.49,267.28,1142.65,452.73,28996.55
420,1163,person,949.96,386.37,119.14,253.46,949.96,386.37,30198.83
421,1087,person,193.42,513.38,137.01,117.6,193.42,513.38,16112.08
421,1119,person,1142.6,452.56,108.13,266.07,1142.6,452.56,28769.1
422,1087,person,192.27,513.05,137.74,117.89,192.27,513.05,16238.24
422,1119,person,1141.98,452.65,108.1,265.69,1141.98,452.65,28720.06
422,1163,person,948.27,378.29,125.93,266.6,948.27,378.29,33572.28
423,1087,person,191.65,512.68,138.74,118.48,191.65,512.68,16436.92
423,1119,person,1141.5,452.63,108.15,265.5,1141.5,452.63,28713.11
423,1163,person,947.59,374.78,129.56,272.74,947.59,374.78,35335.06
424,1087,person,191.28,512.64,139.02,118.49,191.28,512.64,16472.13
424,1119,person,1141.53,452.55,108.08,265.13,1141.53,452.55,28655.39
424,1167,person,838.22,390.13,140.87,213.01,838.22,390.13,30007.0
425,1087,person,191.23,512.51,139.4,118.65,191.23,512.51,16540.38
425,1119,person,1141.84,452.34,108.15,265.03,1141.84,452.34,28662.87
425,1167,person,835.18,390.63,141.51,213.91,835.18,390.63,30270.38
426,1087,person,192.71,512.43,140.19,119.07,192.71,512.43,16692.55
426,1119,person,1142.04,452.33,108.18,264.93,1142.04,452.33,28659.65
426,1167,person,833.63,390.51,140.93,213.19,833.63,390.51,30044.68
427,1087,person,193.49,512.42,140.65,119.21,193.49,512.42,16766.65
427,1119,person,1142.0,452.35,108.49,265.58,1142.0,452.35,28811.41
427,1167,person,832.92,390.95,139.77,212.27,832.92,390.95,29669.77
428,1087,person,193.8,512.38,141.07,119.33,193.8,512.38,16833.46
428,1119,person,1141.85,452.42,108.64,265.84,1141.85,452.42,28879.99
428,1167,person,829.98,391.53,139.49,212.89,829.98,391.53,29696.05
429,1087,person,193.91,512.36,141.43,119.42,193.91,512.36,16889.5
429,1119,person,1141.72,452.46,108.48,265.3,1141.72,452.46,28779.53
429,1167,person,825.3,391.09,136.18,208.99,825.3,391.09,28459.85
430,1087,person,194.06,512.19,142.07,119.8,194.06,512.19,17019.15
430,1119,person,1141.62,452.43,108.25,264.6,1141.62,452.43,28644.33
431,1087,person,194.02,512.05,142.59,120.21,194.02,512.05,17140.72
431,1119,person,1141.27,452.49,108.31,264.66,1141.27,452.49,28666.03
432,1087,person,193.11,511.82,142.89,120.43,193.11,511.82,17207.56
432,1119,person,1140.87,452.3,108.12,264.05,1140.87,452.3,28549.67
433,1087,person,192.88,511.65,143.16,120.64,192.88,511.65,17271.59
433,1119,person,1141.13,452.03,108.08,263.8,1141.13,452.03,28512.1
434,1087,person,193.1,511.56,143.43,120.79,193.1,511.56,17325.28
434,1119,person,1141.31,451.72,109.25,266.65,1141.31,451.72,29131.51
435,1087,person,193.84,511.51,143.92,121.26,193.84,511.51,17451.79
435,1119,person,1141.19,451.96,108.57,264.95,1141.19,451.96,28766.33
436,1087,person,194.03,511.38,144.32,121.42,194.03,511.38,17523.43
436,1119,person,1140.99,452.01,108.15,263.87,1140.99,452.01,28536.92
437,1087,person,194.04,511.12,144.95,121.85,194.04,511.12,17662.08
437,1119,person,1140.69,451.92,107.96,263.35,1140.69,451.92,28430.45
438,1087,person,194.22,510.92,145.5,122.27,194.22,510.92,17790.21
438,1119,person,1140.4,451.78,107.67,262.68,1140.4,451.78,28281.88
439,1087,person,194.62,510.85,145.91,122.67,194.62,510.85,17899.29
439,1119,person,1140.13,451.29,107.25,261.68,1140.13,451.29,28066.08
440,1087,person,195.07,510.78,146.08,122.96,195.07,510.78,17961.77
440,1119,person,1139.9,451.03,107.14,261.46,1139.9,451.03,28013.83
441,1087,person,195.29,510.86,145.8,122.89,195.29,510.86,17916.87
441,1119,person,1139.97,450.81,107.15,261.48,1139.97,450.81,28017.46
442,1087,person,195.67,510.96,145.35,122.68,195.67,510.96,17831.89
442,1119,person,1140.02,451.04,107.4,262.11,1140.02,451.04,28149.88
443,1087,person,195.73,511.21,144.53,122.22,195.73,511.21,17665.11
443,1119,person,1140.2,451.24,107.68,262.86,1140.2,451.24,28303.96
444,1087,person,196.12,511.2,144.34,122.2,196.12,511.2,17638.56
444,1119,person,1140.28,451.28,107.7,262.98,1140.28,451.28,28323.17
445,1087,person,196.11,511.15,144.36,122.3,196.11,511.15,17654.41
445,1119,person,1140.26,451.34,107.65,262.88,1140.26,451.34,28300.79
446,1087,person,194.77,511.13,144.04,122.16,194.77,511.13,17595.64
446,1119,person,1140.06,451.24,107.4,262.33,1140.06,451.24,28173.08
447,1087,person,193.76,511.2,143.55,121.9,193.76,511.2,17499.48
447,1119,person,1139.84,451.24,107.38,262.44,1139.84,451.24,28179.6
448,1087,person,193.19,511.23,143.32,121.81,193.19,511.23,17457.48
448,1119,person,1139.62,451.47,107.53,263.06,1139.62,451.47,28287.66
449,1087,person,193.64,511.27,143.24,121.92,193.64,511.27,17463.96
449,1119,person,1139.52,451.59,107.7,263.7,1139.52,451.59,28400.26
450,1087,person,193.85,511.45,142.82,121.75,193.85,511.45,17388.58
450,1119,person,1139.49,451.54,107.6,263.63,1139.49,451.54,28367.76
450,1167,person,769.67,377.42,109.48,172.58,769.67,377.42,18894.44
451,1087,person,193.48,511.46,142.43,121.56,193.48,511.46,17313.3
451,1119,person,1139.35,451.4,107.45,263.45,1139.35,451.4,28307.54
451,1167,person,768.71,376.63,106.94,171.7,768.71,376.63,18361.84
452,1087,person,194.11,511.59,142.07,121.39,194.11,511.59,17245.97
452,1119,person,1139.51,451.54,107.6,264.0,1139.51,451.54,28407.33
452,1167,person,768.24,375.46,102.8,165.84,768.24,375.46,17048.23
453,1087,person,194.37,511.65,141.74,121.26,194.37,511.65,17186.51
453,1119,person,1139.6,451.49,107.47,263.73,1139.6,451.49,28342.74
453,1167,person,767.7,384.31,111.06,183.75,767.7,384.31,20406.67
454,1087,person,195.25,511.75,141.5,121.13,195.25,511.75,17140.73
454,1119,person,1139.75,451.76,107.44,263.63,1139.75,451.76,28323.63
454,1167,person,767.71,391.76,111.92,188.6,767.71,391.76,21107.18
455,1087,person,195.69,512.03,140.8,120.67,195.69,512.03,16990.45
455,1119,person,1139.71,452.12,107.23,263.06,1139.71,452.12,28208.79
455,1167,person,766.5,395.53,112.42,191.73,766.5,395.53,21554.49
456,1087,person,196.01,512.18,140.39,120.42,196.01,512.18,16905.74
456,1119,person,1139.57,452.1,106.99,262.43,1139.57,452.1,28076.17
456,1167,person,765.87,394.48,113.2,195.28,765.87,394.48,22105.17
457,1087,person,196.18,512.29,140.16,120.3,196.18,512.29,16861.46
457,1119,person,1139.51,451.96,106.84,262.03,1139.51,451.96,27995.82
457,1167,person,765.18,394.56,113.57,197.82,765.18,394.56,22466.45
458,1087,person,196.37,512.34,139.93,120.16,196.37,512.34,16815.18
458,1119,person,1139.37,452.11,106.67,261.51,1139.37,452.11,27895.77
458,1167,person,765.86,396.25,109.58,191.42,765.86,396.25,20975.46
459,1087,person,196.87,512.52,139.69,119.88,196.87,512.52,16745.8
459,1119,person,1139.47,452.77,106.71,261.6,1139.47,452.77,27915.04
459,1167,person,766.51,397.16,106.88,186.96,766.51,397.16,19981.67
459,1173,person,770.7,369.7,94.4,142.81,770.7,369.7,13481.04
460,1087,person,197.5,512.72,139.48,119.55,197.5,512.72,16675.09
460,1119,person,1139.76,452.89,107.79,264.46,1139.76,452.89,28506.06
460,1167,person,767.18,396.94,108.08,190.35,767.18,396.94,20573.27
461,1087,person,197.5,512.82,139.4,119.38,197.5,512.82,16641.05
461,1119,person,1140.01,452.95,108.28,265.89,1140.01,452.95,28790.91
461,1173,person,771.25,377.87,106.56,161.66,771.25,377.87,17226.27
462,1087,person,197.1,513.1,138.74,118.71,197.1,513.1,16470.22
462,1119,person,1139.9,453.15,108.53,266.59,1139.9,453.15,28932.84
462,1173,person,771.73,380.38,112.42,171.48,771.73,380.38,19278.39
463,1087,person,196.85,513.2,138.57,118.49,196.85,513.2,16419.94
463,1119,person,1139.7,453.27,108.74,267.19,1139.7,453.27,29053.45
463,1173,person,772.39,381.29,113.5,174.28,772.39,381.29,19780.51
464,1087,person,196.6,513.5,138.02,117.9,196.6,513.5,16272.04
464,1119,person,1139.45,453.88,108.71,267.12,1139.45,453.88,29038.59
464,1173,person,772.35,380.56,113.15,174.98,772.35,380.56,19798.78
464,1174,person,632.52,372.05,89.18,232.65,632.52,372.05,20747.33
465,1087,person,196.67,513.6,137.78,117.53,196.67,513.6,16193.5
465,1119,person,1139.93,454.97,108.64,267.02,1139.93,454.97,29009.92
465,1173,person,771.52,381.03,111.94,174.42,771.52,381.03,19524.3
466,1087,person,196.67,513.83,137.49,117.09,196.67,513.83,16098.44
466,1119,person,1140.45,456.14,108.31,266.31,1140.45,456.14,28844.82
466,1173,person,770.98,379.85,109.88,172.47,770.98,379.85,18951.42
467,1087,person,196.53,514.26,136.76,116.32,196.53,514.26,15907.91
467,1119,person,1140.78,456.77,107.82,265.23,1140.78,456.77,28596.76
467,1173,person,767.71,387.48,117.88,187.23,767.71,387.48,22071.81
468,1087,person,196.29,514.62,136.23,115.77,196.29,514.62,15771.03
468,1119,person,1141.01,457.45,107.57,264.68,1141.01,457.45,28471.05
468,1173,person,767.14,392.07,118.68,191.05,767.14,392.07,22673.51
469,1087,person,196.47,515.01,135.49,115.03,196.47,515.01,15585.79
469,1119,person,1140.98,458.33,107.3,263.88,1140.98,458.33,28314.36
469,1173,person,766.53,393.58,115.89,188.58,766.53,393.58,21854.88
470,1087,person,196.95,515.21,134.93,114.48,196.95,515.21,15446.95
470,1119,person,1141.2,459.17,107.13,263.22,1141.2,459.17,28197.28
470,1167,person,765.32,397.8,101.87,181.32,765.32,397.8,18471.48
471,1087,person,197.55,515.86,133.13,112.84,197.55,515.86,15022.33
471,1119,person,1141.74,460.11,107.0,262.72,1141.74,460.11,28110.2
471,1167,person,763.44,400.76,102.32,184.11,763.44,400.76,18839.43
472,1087,person,198.01,516.96,130.82,110.61,198.01,516.96,14470.39
472,1119,person,1142.53,461.14,106.54,261.46,1142.53,461.14,27856.98
472,1167,person,761.37,401.25,100.69,183.13,761.37,401.25,18439.72
473,1087,person,198.2,517.7,129.15,108.93,198.2,517.7,14068.74
473,1119,person,1143.28,461.08,105.35,258.23,1143.28,461.08,27204.19
473,1167,person,759.67,398.07,96.26,175.9,759.67,398.07,16931.57
474,1087,person,198.24,519.19,126.41,106.05,198.24,519.19,13405.81
474,1119,person,1144.31,460.44,104.49,255.65,1144.31,460.44,26713.17
474,1167,person,757.47,395.54,91.04,165.53,757.47,395.54,15070.06
475,1087,person,198.92,519.95,125.71,104.89,198.92,519.95,13185.81
475,1119,person,1145.62,461.87,105.31,257.54,1145.62,461.87,27120.26
475,1167,person,757.38,396.35,89.69,163.11,757.38,396.35,14628.23
476,1087,person,199.42,520.63,124.78,103.52,199.42,520.63,12917.58
476,1119,person,1146.52,465.22,106.92,261.56,1146.52,465.22,27965.55
476,1167,person,755.97,398.56,87.03,157.43,755.97,398.56,13701.45
476,1179,person,942.12,384.15,130.82,219.25,942.12,384.15,28681.06
476,1174,person,635.31,397.16,81.56,213.46,635.31,397.16,17410.24
477,1087,person,199.58,521.34,123.88,102.2,199.58,521.34,12660.31
477,1119,person,1148.68,467.61,107.5,263.08,1148.68,467.61,28282.27
477,1167,person,754.79,403.09,83.91,150.11,754.79,403.09,12596.73
477,1179,person,946.26,388.26,140.0,234.73,946.26,388.26,32862.47
478,1087,person,200.6,522.83,122.18,100.16,200.6,522.83,12237.78
478,1119,person,1150.33,470.44,108.17,265.33,1150.33,470.44,28700.22
478,1167,person,753.64,411.04,89.74,160.54,753.64,411.04,14406.13
478,1179,person,947.47,393.37,142.17,238.19,947.47,393.37,33864.41
478,1174,person,646.07,390.69,90.12,233.71,646.07,390.69,21061.41
479,1087,person,201.45,523.82,121.1,98.64,201.45,523.82,11944.91
479,1119,person,1151.69,471.5,107.59,265.16,1151.69,471.5,28528.82
479,1167,person,753.97,419.15,95.19,170.26,753.97,419.15,16207.36
479,1174,person,647.24,391.29,92.28,239.41,647.24,391.29,22091.69
480,1087,person,201.83,525.21,119.23,96.41,201.83,525.21,11494.39
480,1119,person,1154.08,473.27,106.79,264.01,1154.08,473.27,28194.66
480,1167,person,755.55,420.75,93.34,164.71,755.55,420.75,15373.48
480,1174,person,651.51,388.5,96.34,248.68,651.51,388.5,23956.47
481,1087,person,201.69,527.0,116.77,93.35,201.69,527.0,10899.93
481,1119,person,1158.19,473.82,105.46,260.88,1158.19,473.82,27513.2
481,1167,person,754.68,423.3,93.41,163.57,754.68,423.3,15279.19
481,1174,person,653.84,387.19,98.91,255.1,653.84,387.19,25231.76
482,1087,person,197.43,527.49,114.46,91.78,197.43,527.49,10504.33
482,1119,person,1160.89,474.26,103.95,256.99,1160.89,474.26,26713.64
482,1167,person,755.32,419.26,88.55,151.0,755.32,419.26,13370.67
483,1087,person,194.84,528.21,111.56,89.89,194.84,528.21,10029.04
483,1119,person,1163.71,472.85,102.14,252.07,1163.71,472.85,25747.16
483,1167,person,758.22,421.6,89.58,148.4,758.22,421.6,13293.11
484,1087,person,193.17,529.38,108.43,87.46,193.17,529.38,9483.07
484,1119,person,1166.82,472.35,101.21,249.67,1166.82,472.35,25270.36
485,1087,person,190.31,529.96,105.64,85.24,190.31,529.96,9004.11
485,1119,person,1168.63,474.95,102.76,253.89,1168.63,474.95,26090.72
486,1087,person,187.67,529.51,105.29,85.04,187.67,529.51,8954.05
486,1119,person,1171.0,480.59,105.36,260.75,1171.0,480.59,27471.67
487,1087,person,186.34,529.59,104.69,84.66,186.34,529.59,8863.5
487,1119,person,1173.24,483.91,107.07,265.39,1173.24,483.91,28414.72
488,1087,person,185.34,529.7,103.97,84.3,185.34,529.7,8764.21
488,1119,person,1175.3,484.1,107.57,266.5,1175.3,484.1,28666.8
489,1087,person,184.67,530.74,101.13,81.77,184.67,530.74,8269.25
489,1119,person,1176.97,485.21,108.16,267.39,1176.97,485.21,28920.56
489,1179,person,966.96,411.84,137.17,225.26,966.96,411.84,30899.25
490,1087,person,183.68,531.26,100.49,81.11,183.68,531.26,8151.05
490,1119,person,1179.02,486.41,108.87,268.86,1179.02,486.41,29270.28
490,1179,person,965.36,412.56,142.98,231.16,965.36,412.56,33050.77
491,1087,person,182.97,530.78,101.82,82.42,182.97,530.78,8391.61
491,1119,person,1180.5,487.9,110.09,272.08,1180.5,487.9,29954.61
491,1179,person,966.2,412.06,147.8,234.98,966.2,412.06,34730.65
492,1087,person,182.83,530.75,101.53,82.31,182.83,530.75,8357.36
492,1119,person,1181.95,487.95,110.65,274.03,1181.95,487.95,30320.58
492,1179,person,966.62,412.98,149.43,234.57,966.62,412.98,35053.37
493,1087,person,183.33,530.74,101.34,82.2,183.33,530.74,8330.18
493,1119,person,1183.78,489.02,111.58,277.19,1183.78,489.02,30928.59
493,1179,person,967.93,411.92,149.44,230.41,967.93,411.92,34432.07
494,1087,person,183.73,530.96,100.3,81.46,183.73,530.96,8170.53
494,1119,person,1186.02,490.42,111.65,278.33,1186.02,490.42,31075.03
494,1179,person,969.06,412.23,150.83,228.58,969.06,412.23,34476.1
495,1087,person,184.54,531.28,99.84,81.1,184.54,531.28,8096.35
495,1119,person,1187.43,490.5,111.1,277.68,1187.43,490.5,30851.03
495,1179,person,969.97,413.0,153.84,230.07,969.97,413.0,35392.78
496,1087,person,185.35,531.51,99.58,80.88,185.35,531.51,8054.0
496,1119,person,1188.32,490.4,110.79,277.47,1188.32,490.4,30740.69
496,1179,person,970.31,413.43,155.51,230.33,970.31,413.43,35817.7
497,1087,person,185.74,531.53,99.87,81.09,185.74,531.53,8098.55
497,1119,person,1189.33,490.17,110.95,278.4,1189.33,490.17,30887.57
497,1179,person,972.7,412.41,158.79,233.18,972.7,412.41,37025.68
498,1087,person,185.76,531.37,100.26,81.39,185.76,531.37,8160.17
498,1119,person,1190.15,489.98,111.27,279.49,1190.15,489.98,31098.48
498,1179,person,975.29,411.36,161.71,236.45,975.29,411.36,38237.01
498,1186,person,473.27,515.41,199.61,113.16,473.27,515.41,22588.23
499,1087,person,185.66,531.27,100.54,81.59,185.66,531.27,8203.67
499,1119,person,1190.29,489.62,111.25,279.52,1190.29,489.62,31095.09
499,1179,person,974.66,411.17,162.28,236.42,974.66,411.17,38367.59
499,1186,person,472.2,514.41,201.86,114.45,472.2,514.41,23102.7
500,1087,person,185.46,530.8,100.89,81.99,185.46,530.8,8271.63
500,1119,person,1190.13,488.97,111.28,279.51,1190.13,488.97,31102.18
500,1179,person,974.97,409.9,163.18,237.22,974.97,409.9,38711.05
500,1186,person,472.52,512.65,208.49,118.28,472.52,512.65,24659.68
501,1087,person,184.92,530.18,102.06,82.84,184.92,530.18,8453.98
501,1119,person,1190.19,487.25,110.67,277.45,1190.19,487.25,30704.86
501,1179,person,976.35,406.11,161.05,233.78,976.35,406.11,37649.96
501,1186,person,472.01,510.58,216.12,122.73,472.01,510.58,26525.76
502,1087,person,183.91,530.04,103.38,83.49,183.91,530.04,8631.09
502,1119,person,1190.21,483.81,109.88,274.96,1190.21,483.81,30211.54
502,1179,person,978.33,403.94,164.82,241.36,978.33,403.94,39782.39
502,1186,person,470.87,505.31,233.57,133.19,470.87,505.31,31109.84
503,1087,person,182.3,529.11,105.65,85.07,182.3,529.11,8987.04
503,1119,person,1189.98,480.89,109.38,272.95,1189.98,480.89,29854.37
503,1186,person,469.55,502.77,241.45,138.33,469.55,502.77,33401.05
504,1087,person,179.82,528.54,108.33,86.75,179.82,528.54,9397.98
504,1119,person,1189.61,479.47,109.13,271.64,1189.61,479.47,29645.18
504,1186,person,469.15,500.41,247.81,143.24,469.15,500.41,35495.19
504,1179,person,978.64,400.6,164.68,245.24,978.64,400.6,40385.09
505,1087,person,177.63,527.76,111.51,89.07,177.63,527.76,9932.55
505,1119,person,1189.33,477.87,109.27,271.08,1189.33,477.87,29621.75
505,1186,person,468.28,498.13,251.85,147.22,468.28,498.13,37076.15
505,1179,person,977.1,399.96,163.54,247.32,977.1,399.96,40445.95
506,1087,person,176.81,527.26,114.43,91.16,176.81,527.26,10430.66
506,1119,person,1189.41,475.71,109.3,270.38,1189.41,475.71,29551.66
506,1186,person,465.49,496.7,253.66,150.0,465.49,496.7,38049.55
506,1179,person,976.96,398.89,162.27,248.87,976.96,398.89,40383.46
507,1087,person,177.3,526.38,117.82,93.44,177.3,526.38,11009.3
507,1119,person,1189.14,472.98,109.94,271.67,1189.14,472.98,29867.83
507,1186,person,461.6,493.99,259.0,155.27,461.6,493.99,40214.89
507,1179,person,975.48,397.44,161.94,251.77,975.48,397.44,40771.38
508,1087,person,178.0,525.16,122.4,96.55,178.0,525.16,11817.47
508,1119,person,1189.74,470.53,110.7,273.68,1189.74,470.53,30295.21
508,1186,person,457.11,491.25,263.03,160.14,457.11,491.25,42121.27
508,1179,person,974.58,394.85,160.71,252.51,974.58,394.85,40580.97
508,1187,person,175.27,511.73,99.17,76.65,175.27,511.73,7600.93
509,1087,person,176.52,524.08,125.29,98.73,176.52,524.08,12369.08
509,1119,person,1190.04,468.83,111.13,274.88,1190.04,468.83,30546.63
509,1186,person,453.13,488.98,266.0,164.67,453.13,488.98,43801.73
509,1179,person,974.03,392.38,159.01,252.1,974.03,392.38,40086.52
509,1187,person,174.96,511.08,101.37,78.42,174.96,511.08,7949.27
510,1087,person,174.15,523.33,127.01,100.18,174.15,523.33,12724.02
510,1119,person,1190.49,468.09,111.73,276.37,1190.49,468.09,30879.87
510,1186,person,450.15,487.18,266.75,168.14,450.15,487.18,44852.71
510,1179,person,974.62,389.83,158.25,252.43,974.62,389.83,39945.85
510,1187,person,174.09,510.01,102.15,79.13,174.09,510.01,8083.41
511,1087,person,174.66,522.89,128.75,101.21,174.66,522.89,13031.75
511,1119,person,1190.19,467.5,112.36,278.02,1190.19,467.5,31237.88
511,1186,person,447.03,484.8,269.39,173.06,447.03,484.8,46619.71
511,1179,person,974.8,389.53,155.09,247.25,974.8,389.53,38345.93
511,1187,person,173.82,509.15,102.82,79.78,173.82,509.15,8202.98
512,1087,person,175.58,522.57,130.38,101.9,175.58,522.57,13284.73
512,1119,person,1190.7,467.04,112.82,278.88,1190.7,467.04,31463.55
512,1186,person,445.42,482.34,271.72,178.04,445.42,482.34,48376.45
512,1179,person,975.33,387.69,154.95,247.27,975.33,387.69,38314.77
512,1187,person,173.83,508.51,103.08,80.09,173.83,508.51,8255.75
512,1188,person,654.51,382.77,106.12,248.73,654.51,382.77,26394.84
513,1087,person,176.06,522.27,131.89,102.66,176.06,522.27,13539.58
513,1119,person,1191.17,466.29,113.01,278.93,1191.17,466.29,31522.0
513,1186,person,442.11,480.68,272.44,181.86,442.11,480.68,49547.03
513,1179,person,977.77,387.48,154.39,244.98,977.77,387.48,37822.07
513,1187,person,174.0,507.41,102.84,79.93,174.0,507.41,8220.07
513,1188,person,654.17,382.89,106.15,248.84,654.17,382.89,26414.23
514,1087,person,176.61,521.63,133.97,104.0,176.61,521.63,13933.7
514,1119,person,1191.43,465.23,113.54,279.88,1191.43,465.23,31778.8
514,1186,person,441.88,479.23,271.18,184.72,441.88,479.23,50092.14
514,1179,person,977.83,386.67,154.16,243.62,977.83,386.67,37556.57
514,1187,person,174.21,506.27,104.45,81.33,174.21,506.27,8495.52
514,1188,person,654.23,381.4,106.2,249.02,654.23,381.4,26445.96
515,1087,person,177.31,520.91,135.86,105.32,177.31,520.91,14309.37
515,1119,person,1191.77,463.83,113.6,279.78,1191.77,463.83,31783.92
515,1186,person,443.38,478.44,269.13,187.54,443.38,478.44,50474.12
515,1179,person,975.64,385.92,154.19,243.71,975.64,385.92,37577.52
515,1187,person,174.64,505.36,106.02,82.75,174.64,505.36,8773.83
516,1087,person,177.9,520.5,136.9,106.06,177.9,520.5,14519.19
516,1119,person,1191.81,463.34,114.22,281.25,1191.81,463.34,32123.57
516,1186,person,444.78,476.06,270.39,193.09,444.78,476.06,52208.75
516,1179,person,973.41,385.11,153.92,243.8,973.41,385.11,37524.3
516,1187,person,174.96,504.78,106.3,83.18,174.96,504.78,8842.22
517,1087,person,178.62,520.01,137.73,106.78,178.62,520.01,14707.04
517,1119,person,1191.57,462.25,114.3,281.41,1191.57,462.25,32163.29
517,1186,person,445.63,473.97,269.38,197.17,445.63,473.97,53113.96
517,1179,person,973.11,385.76,153.36,242.39,973.11,385.76,37174.75
517,1187,person,175.38,503.55,105.04,82.34,175.38,503.55,8649.18
518,1087,person,179.6,519.41,138.56,107.56,179.6,519.41,14903.41
518,1119,person,1191.27,462.25,114.78,282.77,1191.27,462.25,32456.93
518,1186,person,445.98,472.1,267.7,200.85,445.98,472.1,53766.85
518,1179,person,973.36,385.02,154.07,242.99,973.36,385.02,37438.19
519,1087,person,180.52,518.84,139.18,108.16,180.52,518.84,15054.16
519,1119,person,1190.86,461.42,115.4,284.44,1190.86,461.42,32822.91
519,1186,person,446.12,469.82,266.36,204.89,446.12,469.82,54574.39
519,1179,person,973.05,384.21,154.35,242.92,973.05,384.21,37494.42
520,1087,person,180.65,518.43,139.62,108.54,180.65,518.43,15154.42
520,1119,person,1191.01,459.82,114.86,283.12,1191.01,459.82,32519.32
520,1186,person,444.28,467.23,265.41,209.4,444.28,467.23,55577.52
520,1179,person,972.19,382.73,155.08,243.95,972.19,382.73,37832.99
521,1087,person,180.84,518.08,140.04,108.95,180.84,518.08,15257.68
521,1119,person,1191.49,456.91,114.47,282.05,1191.49,456.91,32285.38
521,1186,person,443.04,465.49,262.39,212.15,443.04,465.49,55664.62
521,1179,person,971.16,380.47,156.11,245.87,971.16,380.47,38383.38
522,1087,person,180.98,517.7,140.47,109.39,180.98,517.7,15367.07
522,1119,person,1191.67,456.95,114.54,282.33,1191.67,456.95,32338.05
522,1186,person,442.19,464.05,259.51,214.87,442.19,464.05,55761.94
522,1179,person,972.12,382.7,154.35,241.44,972.12,382.7,37266.09
523,1087,person,181.26,517.12,141.65,110.51,181.26,517.12,15653.09
523,1119,person,1192.28,455.64,113.91,281.03,1192.28,455.64,32011.87
523,1186,person,441.93,461.11,259.58,220.52,441.93,461.11,57242.04
523,1179,person,974.56,384.46,152.27,235.98,974.56,384.46,35933.52
524,1087,person,181.48,516.61,142.57,111.54,181.48,516.61,15902.74
524,1119,person,1192.19,455.1,114.11,281.69,1192.19,455.1,32144.58
524,1186,person,442.24,458.95,258.08,224.79,442.24,458.95,58015.98
524,1179,person,978.0,383.36,151.99,233.75,978.0,383.36,35527.17
525,1087,person,181.62,515.9,143.63,112.77,181.62,515.9,16196.26
525,1119,person,1192.02,453.82,113.78,280.79,1192.02,453.82,31947.35
525,1186,person,440.43,457.94,255.27,228.1,440.43,457.94,58226.3
525,1179,person,977.5,381.71,153.12,232.8,977.5,381.71,35644.85
526,1087,person,181.57,515.29,144.42,113.88,181.57,515.29,16446.98
526,1119,person,1191.4,452.98,113.87,280.76,1191.4,452.98,31969.91
526,1186,person,437.82,456.63,251.62,230.99,437.82,456.63,58122.89
526,1179,person,976.69,380.48,154.88,232.68,976.69,380.48,36037.5
526,1188,person,653.37,365.61,106.76,250.06,653.37,365.61,26697.11
527,1087,person,181.69,514.91,144.49,114.42,181.69,514.91,16533.76
527,1119,person,1191.63,450.79,113.72,279.76,1191.63,450.79,31814.51
527,1186,person,436.37,455.14,248.16,234.32,436.37,455.14,58148.49
527,1179,person,973.27,380.8,154.23,229.67,973.27,380.8,35421.66
527,1188,person,652.41,364.91,105.99,247.84,652.41,364.91,26267.43
528,1087,person,182.35,514.57,144.69,115.08,182.35,514.57,16650.99
528,1119,person,1192.0,448.74,113.35,278.14,1192.0,448.74,31526.32
528,1186,person,432.7,453.74,243.5,237.2,432.7,453.74,57759.85
528,1179,person,976.7,377.91,157.8,233.48,976.7,377.91,36841.93
529,1087,person,183.24,514.3,144.7,115.65,183.24,514.3,16734.79
529,1119,person,1192.3,447.43,113.17,277.17,1192.3,447.43,31366.39
529,1186,person,429.2,452.63,238.24,239.26,429.2,452.63,57002.91
529,1179,person,979.49,375.35,161.97,239.15,979.49,375.35,38735.47
530,1087,person,184.02,513.98,144.84,116.27,184.02,513.98,16840.11
530,1119,person,1192.37,446.66,113.06,276.3,1192.37,446.66,31238.17
530,1186,person,427.87,451.18,233.57,241.5,427.87,451.18,56405.17
531,1087,person,185.14,513.7,144.85,116.74,185.14,513.7,16908.99
531,1119,person,1192.38,445.67,112.74,274.81,1192.38,445.67,30980.85
531,1186,person,425.13,449.96,228.86,243.41,425.13,449.96,55707.41
531,1188,person,653.75,361.64,107.9,252.19,653.75,361.64,27212.23
532,1087,person,186.01,513.34,145.16,117.43,186.01,513.34,17045.44
532,1119,person,1192.55,444.27,112.41,273.49,1192.55,444.27,30742.87
532,1186,person,421.75,450.18,222.76,243.85,421.75,450.18,54319.24
533,1087,person,186.68,512.96,145.48,118.05,186.68,512.96,17174.15
533,1119,person,1192.8,443.86,113.05,274.74,1192.8,443.86,31059.71
533,1186,person,417.25,449.8,218.09,245.46,417.25,449.8,53532.32
533,1188,person,654.24,361.28,107.42,250.41,654.24,361.28,26899.75
534,1087,person,187.78,512.73,145.68,118.34,187.78,512.73,17239.46
534,1119,person,1192.71,443.24,113.51,275.37,1192.71,443.24,31258.6
534,1186,person,411.91,449.23,214.12,247.21,411.91,449.23,52930.49
535,1087,person,188.62,512.47,146.1,118.84,188.62,512.47,17362.65
535,1119,person,1192.63,442.58,114.08,276.42,1192.63,442.58,31533.41
535,1186,person,404.19,447.76,211.59,249.67,404.19,447.76,52826.27
536,1087,person,188.93,512.02,147.01,119.85,188.93,512.02,17619.17
536,1119,person,1192.25,441.35,114.14,276.26,1192.25,441.35,31530.83
536,1186,person,401.34,446.96,208.61,251.17,401.34,446.96,52396.14
537,1087,person,189.53,511.69,147.42,120.4,189.53,511.69,17749.09
537,1119,person,1192.21,440.4,114.31,276.42,1192.21,440.4,31598.34
537,1186,person,396.62,445.03,208.45,255.37,396.62,445.03,53231.5
538,1087,person,190.14,511.32,148.1,121.17,190.14,511.32,17945.36
538,1119,person,1192.31,439.47,114.35,276.41,1192.31,439.47,31609.0
538,1186,person,391.86,444.12,207.94,257.82,391.86,444.12,53610.27
539,1087,person,191.01,511.04,148.7,121.86,191.01,511.04,18119.59
539,1119,person,1192.71,438.62,113.86,275.2,1192.71,438.62,31333.37
539,1186,person,387.78,445.15,204.79,256.4,387.78,445.15,52506.54
540,1087,person,191.68,510.86,149.14,122.33,191.68,510.86,18244.16
540,1119,person,1192.83,438.24,113.91,275.37,1192.83,438.24,31367.43
540,1186,person,382.6,444.35,204.5,258.17,382.6,444.35,52795.83
541,1087,person,192.39,510.62,149.75,122.86,192.39,510.62,18397.79
541,1119,person,1192.82,437.91,114.01,275.51,1192.82,437.91,31410.41
541,1186,person,376.33,443.61,203.61,259.72,376.33,443.61,52880.1
542,1087,person,192.52,510.28,150.51,123.48,192.52,510.28,18585.01
542,1119,person,1192.85,438.04,114.45,276.81,1192.85,438.04,31681.67
542,1186,person,375.07,442.18,203.61,261.95,375.07,442.18,53336.3
543,1087,person,192.42,510.11,151.02,123.87,192.42,510.11,18706.95
543,1119,person,1192.98,437.54,114.4,276.9,1192.98,437.54,31677.41
543,1186,person,370.02,439.4,204.95,266.42,370.02,439.4,54604.21
544,1087,person,192.27,509.75,151.81,124.57,192.27,509.75,18911.12
544,1119,person,1193.14,436.83,113.89,275.81,1193.14,436.83,31412.01
544,1186,person,363.74,438.42,203.61,266.66,363.74,438.42,54295.26
545,1087,person,192.56,509.48,152.42,125.16,192.56,509.48,19076.69
545,1119,person,1193.41,436.68,113.75,275.65,1193.41,436.68,31355.96
545,1186,person,357.35,437.3,203.33,267.73,357.35,437.3,54438.29
546,1087,person,192.7,509.19,152.99,125.81,192.7,509.19,19247.23
546,1119,person,1194.06,435.98,112.92,273.65,1194.06,435.98,30899.72
546,1186,person,353.08,434.82,204.6,271.4,353.08,434.82,55527.49
547,1087,person,192.91,509.09,153.13,126.04,192.91,509.09,19301.09
547,1119,person,1195.53,430.84,108.75,263.23,1195.53,430.84,28627.0
547,1186,person,349.44,433.61,205.15,273.42,349.44,433.61,56091.54
547,1179,person,1008.2,365.89,151.83,243.04,1008.2,365.89,36901.64
548,1087,person,193.16,508.91,153.33,126.33,193.16,508.91,19370.23
548,1119,person,1195.91,428.53,107.38,259.55,1195.91,428.53,27871.42
548,1186,person,348.25,433.16,205.07,274.64,348.25,433.16,56321.07
548,1189,person,903.0,376.89,69.03,145.98,903.0,376.89,10076.27
548,1179,person,1009.07,367.44,141.28,239.48,1009.07,367.44,33832.87
549,1087,person,193.02,508.79,153.34,126.51,193.02,508.79,19399.13
549,1119,person,1195.81,428.37,107.78,260.35,1195.81,428.37,28060.39
549,1186,person,344.94,432.35,206.03,276.39,344.94,432.35,56945.95
549,1189,person,903.4,377.41,69.58,147.23,903.4,377.41,10243.62
550,1087,person,192.65,508.55,153.43,126.88,192.65,508.55,19467.5
550,1119,person,1195.52,429.42,108.87,262.96,1195.52,429.42,28629.42
550,1186,person,340.35,431.66,206.62,278.12,340.35,431.66,57463.83
550,1189,person,903.97,378.55,69.4,147.07,903.97,378.55,10207.27
551,1087,person,192.78,508.42,153.58,127.32,192.78,508.42,19553.46
551,1119,person,1195.28,430.88,110.39,266.8,1195.28,430.88,29451.69
551,1186,person,336.2,430.31,207.14,280.85,336.2,430.31,58176.38
552,1087,person,193.45,508.49,153.4,127.31,193.45,508.49,19529.54
552,1119,person,1195.16,432.96,112.18,271.18,1195.16,432.96,30421.15
552,1186,person,332.93,430.08,207.1,282.47,332.93,430.08,58500.78
553,1087,person,193.93,508.72,152.81,126.89,193.93,508.72,19389.98
553,1119,person,1195.27,434.02,113.23,273.81,1195.27,434.02,31003.3
553,1186,person,328.1,429.47,207.77,285.14,328.1,429.47,59244.68
554,1087,person,194.57,508.73,152.75,126.95,194.57,508.73,19391.29
554,1119,person,1195.71,434.0,113.57,274.73,1195.71,434.0,31201.15
554,1186,person,325.88,429.47,207.49,286.53,325.88,429.47,59450.96
555,1087,person,194.54,508.45,153.28,127.74,194.54,508.45,19579.95
555,1119,person,1196.68,432.05,112.14,271.89,1196.68,432.05,30489.38
555,1186,person,321.98,429.53,206.68,286.75,321.98,429.53,59264.28
556,1087,person,194.87,508.13,153.81,128.51,194.87,508.13,19765.45
556,1119,person,1196.91,432.03,112.14,272.44,1196.91,432.03,30550.48
556,1186,person,319.15,428.87,206.36,286.83,319.15,428.87,59191.29
557,1087,person,195.57,507.89,154.2,129.08,195.57,507.89,19904.19
557,1119,person,1196.69,432.26,112.15,272.87,1196.69,432.26,30602.32
557,1186,person,314.99,427.22,207.47,289.83,314.99,427.22,60130.91
558,1087,person,196.13,507.69,154.4,129.5,196.13,507.69,19995.66
558,1119,person,1195.7,433.38,111.92,271.85,1195.7,433.38,30424.95
558,1186,person,308.92,426.19,207.39,292.82,308.92,426.19,60729.92
559,1087,person,196.95,507.43,154.85,129.99,196.95,507.43,20129.0
559,1119,person,1195.65,433.51,111.95,271.51,1195.65,433.51,30396.57
559,1186,person,302.92,424.81,205.45,292.89,302.92,424.81,60172.77
560,1087,person,198.06,507.26,155.16,130.29,198.06,507.26,20215.87
560,1119,person,1195.59,433.84,112.61,272.69,1195.59,433.84,30707.24
560,1186,person,298.47,422.61,201.03,289.51,298.47,422.61,58201.24
561,1087,person,199.58,507.02,155.79,130.62,199.58,507.02,20349.03
561,1119,person,1195.53,433.84,112.98,273.37,1195.53,433.84,30884.95
561,1186,person,294.63,422.43,200.17,291.47,294.63,422.43,58341.72
561,1191,person,257.64,423.32,273.43,289.92,257.64,423.32,79272.67
562,1087,person,199.26,506.84,156.14,130.95,199.26,506.84,20445.62
562,1119,person,1195.37,433.42,112.84,272.79,1195.37,433.42,30781.49
562,1186,person,288.72,421.28,197.41,291.71,288.72,421.28,57586.16
563,1087,person,198.28,506.69,156.27,131.3,198.28,506.69,20518.47
563,1119,person,1194.96,433.75,113.28,273.8,1194.96,433.75,31016.59
563,1186,person,284.66,418.29,195.14,291.56,284.66,418.29,56894.43
564,1087,person,200.8,506.28,158.06,132.29,200.8,506.28,20909.85
564,1119,person,1195.3,434.82,114.71,277.46,1195.3,434.82,31828.21
564,1186,person,274.61,411.98,188.28,284.23,274.61,411.98,53514.53
565,1087,person,199.35,505.94,158.65,132.91,199.35,505.94,21085.69
565,1119,person,1194.58,435.33,114.82,277.98,1194.58,435.33,31918.32
565,1186,person,266.96,410.24,186.35,285.61,266.96,410.24,53225.19
566,1087,person,198.67,505.78,158.8,133.2,198.67,505.78,21152.05
566,1119,person,1194.23,434.98,114.8,278.02,1194.23,434.98,31916.69
566,1186,person,263.55,409.76,184.93,287.4,263.55,409.76,53149.87
567,1087,person,196.75,505.77,158.56,133.51,196.75,505.77,21169.07
567,1119,person,1193.97,434.7,115.22,279.16,1193.97,434.7,32165.75
567,1186,person,260.54,409.68,182.98,288.33,260.54,409.68,52757.36
568,1087,person,198.09,505.82,158.81,133.77,198.09,505.82,21244.5
568,1119,person,1194.53,432.83,116.02,280.61,1194.53,432.83,32556.77
568,1186,person,256.73,410.03,181.47,288.89,256.73,410.03,52424.34
569,1087,person,196.91,505.25,158.84,134.31,196.91,505.25,21333.84
569,1119,person,1194.38,432.62,116.42,280.95,1194.38,432.62,32707.83
569,1186,person,250.56,410.38,182.8,291.3,250.56,410.38,53249.84
570,1087,person,196.9,504.87,158.84,134.73,196.9,504.87,21400.93
570,1119,person,1194.06,432.81,116.76,281.25,1194.06,432.81,32839.57
570,1186,person,238.13,412.54,187.91,296.17,238.13,412.54,55654.45
571,1087,person,196.86,503.35,161.72,138.13,196.86,503.35,22338.59
571,1119,person,1193.69,432.13,116.99,281.15,1193.69,432.13,32892.88
571,1186,person,232.48,412.47,192.82,301.3,232.48,412.47,58097.22
571,1194,person,1001.82,351.29,120.12,254.61,1001.82,351.29,30583.21
572,1087,person,197.4,491.26,186.57,163.42,197.4,491.26,30490.42
572,1119,person,1193.24,431.09,117.14,280.85,1193.24,431.09,32898.84
572,1186,person,228.74,412.94,196.13,303.61,228.74,412.94,59546.45
572,1194,person,1003.01,350.99,120.11,254.69,1003.01,350.99,30591.0
573,1087,person,196.97,482.34,200.98,181.25,196.97,482.34,36427.5
573,1119,person,1192.09,430.62,117.72,281.95,1192.09,430.62,33190.84
573,1186,person,226.01,414.05,198.46,304.24,226.01,414.05,60378.41
573,1194,person,998.63,352.23,118.35,250.91,998.63,352.23,29694.07
574,1087,person,196.64,479.09,202.27,187.47,196.64,479.09,37920.59
574,1119,person,1191.17,430.5,118.24,282.94,1191.17,430.5,33453.88
574,1186,person,227.38,414.68,199.3,304.44,227.38,414.68,60676.83
574,1194,person,995.54,355.68,114.74,243.19,995.54,355.68,27904.87
575,1087,person,196.04,478.46,198.51,188.67,196.04,478.46,37452.41
575,1119,person,1190.16,430.76,119.92,287.4,1190.16,430.76,34466.2
575,1186,person,225.8,416.11,199.88,303.81,225.8,416.11,60726.38
575,1194,person,996.13,355.42,114.87,243.51,996.13,355.42,27970.93
576,1119,person,1189.21,430.27,120.14,288.25,1189.21,430.27,34630.22
576,1186,person,223.8,416.01,201.2,304.98,223.8,416.01,61362.12
576,1194,person,996.97,355.85,114.1,241.46,996.97,355.85,27550.21
577,1119,person,1187.93,428.33,119.33,286.1,1187.93,428.33,34139.8
577,1186,person,217.39,415.48,203.61,307.31,217.39,415.48,62570.92
577,1194,person,992.38,355.64,113.28,238.2,992.38,355.64,26983.38
578,1119,person,1186.4,429.28,120.39,288.73,1186.4,429.28,34759.59
578,1186,person,215.35,414.21,207.71,313.23,215.35,414.21,65062.14
578,1194,person,983.6,354.86,115.28,239.02,983.6,354.86,27554.5
579,1119,person,1184.7,428.98,120.72,289.66,1184.7,428.98,34968.02
579,1186,person,210.87,415.29,209.0,314.53,210.87,415.29,65737.02
579,1194,person,994.78,352.13,116.95,245.14,994.78,352.13,28668.61
579,1087,person,190.06,496.88,159.02,150.2,190.06,496.88,23885.81
580,1119,person,1182.77,427.55,120.83,289.58,1182.77,427.55,34989.64
580,1186,person,203.37,409.81,200.18,297.16,203.37,409.81,59484.61
580,1194,person,995.85,347.23,120.46,255.38,995.85,347.23,30762.45
580,1087,person,188.02,500.3,153.18,143.69,188.02,500.3,22011.31
581,1119,person,1183.53,428.35,120.97,290.18,1183.53,428.35,35102.74
581,1186,person,188.12,413.56,205.4,303.48,188.12,413.56,62333.86
581,1194,person,987.76,342.08,125.41,264.56,987.76,342.08,33177.54
581,1087,person,188.36,501.42,150.67,141.42,188.36,501.42,21306.81
582,1119,person,1185.24,427.59,120.05,288.05,1185.24,427.59,34578.93
582,1186,person,179.76,410.07,199.16,291.86,179.76,410.07,58125.92
582,1194,person,982.46,344.46,124.21,257.59,982.46,344.46,31996.48
582,1087,person,188.49,501.53,150.33,139.84,188.49,501.53,21022.62
583,1119,person,1187.47,427.98,120.27,289.02,1187.47,427.98,34761.03
583,1186,person,172.24,414.75,207.47,305.68,172.24,414.75,63418.04
583,1194,person,985.09,350.41,118.58,242.01,985.09,350.41,28698.46
583,1087,person,189.86,502.18,149.29,138.04,189.86,502.18,20607.48
584,1119,person,1190.22,428.41,120.56,290.41,1190.22,428.41,35011.77
584,1186,person,171.64,417.08,209.14,309.83,171.64,417.08,64799.52
584,1194,person,993.01,350.47,121.44,248.6,993.01,350.47,30189.29
585,1119,person,1193.83,427.02,120.31,290.86,1193.83,427.02,34993.17
585,1186,person,168.14,418.92,209.38,312.09,168.14,418.92,65345.64
585,1194,person,990.16,345.83,125.21,252.09,990.16,345.83,31565.57
586,1119,person,1198.46,428.97,120.35,292.01,1198.46,428.97,35144.24
586,1186,person,168.46,419.91,208.79,312.48,168.46,419.91,65243.86
586,1194,person,994.08,352.43,119.97,236.44,994.08,352.43,28366.23
586,1087,person,198.99,506.8,144.14,131.76,198.99,506.8,18992.33
587,1119,person,1204.65,432.08,121.8,296.2,1204.65,432.08,36077.27
587,1186,person,170.55,420.34,207.75,310.95,170.55,420.34,64598.4
587,1194,person,1003.04,355.2,120.84,236.05,1003.04,355.2,28523.15
587,1197,person,763.45,364.45,86.17,154.23,763.45,364.45,13290.25
588,1119,person,1209.92,434.47,121.78,296.59,1209.92,434.47,36117.25
588,1186,person,172.53,419.86,208.69,311.58,172.53,419.86,65023.14
588,1194,person,1010.65,356.55,124.25,240.43,1010.65,356.55,29872.97
588,1197,person,768.79,363.95,86.33,154.5,768.79,363.95,13337.95
589,1119,person,1215.8,436.76,121.67,297.5,1215.8,436.76,36196.78
589,1186,person,174.15,420.38,208.28,309.54,174.15,420.38,64470.9
589,1197,person,774.7,366.42,85.02,152.32,774.7,366.42,12950.78
590,1119,person,1220.08,437.48,119.84,295.89,1220.08,437.48,35459.21
590,1186,person,176.23,420.74,208.07,308.2,176.23,420.74,64124.99
590,1197,person,780.72,366.1,86.9,156.25,780.72,366.1,13578.48
591,1119,person,1221.66,437.7,116.68,294.63,1221.66,437.7,34378.41
591,1186,person,181.27,421.21,207.01,305.42,181.27,421.21,63224.32
592,1119,person,1222.93,438.01,114.14,294.59,1222.93,438.01,33623.49
592,1186,person,187.19,421.86,206.51,302.93,187.19,421.86,62557.47
592,1197,person,791.46,366.71,87.11,157.69,791.46,366.71,13735.4
593,1119,person,1224.79,438.14,110.41,292.92,1224.79,438.14,32342.54
593,1186,person,193.09,421.94,206.81,302.44,193.09,421.94,62547.18
594,1119,person,1226.09,438.29,107.83,293.94,1226.09,438.29,31694.99
594,1186,person,201.03,422.71,207.18,301.24,201.03,422.71,62410.66
595,1119,person,1227.98,441.5,104.04,292.72,1227.98,441.5,30453.68
595,1186,person,207.22,423.27,206.5,299.87,207.22,423.27,61923.11
596,1119,person,1229.54,443.42,100.92,294.06,1229.54,443.42,29675.76
596,1186,person,214.16,423.81,206.36,299.32,214.16,423.81,61767.27
597,1119,person,1230.64,443.97,98.73,295.32,1230.64,443.97,29155.88
597,1186,person,219.35,425.02,205.17,297.2,219.35,425.02,60974.79
598,1119,person,1230.86,443.71,98.27,299.67,1230.86,443.71,29449.79
598,1186,person,221.2,426.89,203.33,293.84,221.2,426.89,59746.05
599,1119,person,1230.94,444.99,98.12,299.36,1230.94,444.99,29372.81
599,1186,person,221.27,427.77,202.66,291.89,221.27,427.77,59155.77
600,1119,person,1231.33,448.58,97.33,288.64,1231.33,448.58,28093.65
600,1186,person,219.47,429.24,201.27,288.29,219.47,429.24,58024.77
601,1119,person,1230.66,448.21,98.69,284.72,1230.66,448.21,28098.04
601,1186,person,217.61,430.19,200.4,285.36,217.61,430.19,57187.78
602,1119,person,1230.0,447.34,99.99,280.87,1230.0,447.34,28084.74
602,1186,person,215.11,430.66,200.57,284.22,215.11,430.66,57006.91
603,1119,person,1228.06,449.38,98.61,275.49,1228.06,449.38,27167.39
603,1186,person,213.01,431.47,200.87,283.1,213.01,431.47,56865.35
604,1119,person,1226.2,453.06,97.34,269.54,1226.2,453.06,26237.36
604,1186,person,209.55,432.22,200.49,280.96,209.55,432.22,56327.77
605,1186,person,207.77,433.04,200.78,279.95,207.77,433.04,56208.93
605,1201,person,818.18,374.8,84.95,160.96,818.18,374.8,13673.88
606,1186,person,207.41,433.7,200.49,278.29,207.41,433.7,55794.47
606,1201,person,816.67,377.11,86.86,164.74,816.67,377.11,14309.6
607,1186,person,207.9,434.96,198.79,274.17,207.9,434.96,54499.96
607,1201,person,815.55,377.87,85.34,162.14,815.55,377.87,13837.23
608,1186,person,207.92,436.21,197.46,270.85,207.92,436.21,53481.77
609,1186,person,209.12,437.43,196.73,267.77,209.12,437.43,52677.4
609,1201,person,815.14,384.91,84.19,160.21,815.14,384.91,13487.65
610,1186,person,211.16,439.32,194.82,264.38,211.16,439.32,51507.61
610,1201,person,814.19,387.89,84.13,160.69,814.19,387.89,13518.98
611,1186,person,211.57,441.22,191.84,260.03,211.57,441.22,49885.7
611,1201,person,812.74,389.35,82.66,158.85,812.74,389.35,13129.92
612,1186,person,209.65,442.75,188.93,256.74,209.65,442.75,48505.43
612,1201,person,812.51,390.44,82.16,158.69,812.51,390.44,13038.4
613,1186,person,207.82,444.15,186.34,255.3,207.82,444.15,47571.82
614,1186,person,207.45,447.16,182.27,251.08,207.45,447.16,45764.76
614,1201,person,811.96,391.51,80.99,156.83,811.96,391.51,12700.83
615,1186,person,206.42,448.01,180.71,249.81,206.42,448.01,45143.15
616,1186,person,206.0,448.56,178.3,247.02,206.0,448.56,44044.41
617,1186,person,199.62,448.42,176.12,247.05,199.62,448.42,43510.65
618,1186,person,198.01,447.36,177.26,250.13,198.01,447.36,44337.75
619,1186,person,193.99,446.15,176.58,251.56,193.99,446.15,44421.76
619,1201,person,807.36,396.46,85.83,166.67,807.36,396.46,14305.25
622,1201,person,804.03,409.16,90.22,176.52,804.03,409.16,15924.78
623,1201,person,804.44,413.42,92.58,183.3,804.44,413.42,16969.84
623,1186,person,182.18,446.11,174.43,254.23,182.18,446.11,44345.63
624,1201,person,807.72,415.07,94.06,187.89,807.72,415.07,17673.07
625,1201,person,810.73,413.9,94.65,189.5,810.73,413.9,17936.43
625,1186,person,182.97,446.9,168.67,251.92,182.97,446.9,42491.56
626,1186,person,183.28,447.18,163.75,250.86,183.28,447.18,41078.59
627,1201,person,812.13,409.1,94.51,188.99,812.13,409.1,17860.48
628,1201,person,812.72,404.33,96.01,192.07,812.72,404.33,18440.39
628,1186,person,188.68,446.74,164.53,254.16,188.68,446.74,41816.19
629,1201,person,813.11,402.76,99.48,199.34,813.11,402.76,19831.56
629,1186,person,183.65,446.63,160.52,252.78,183.65,446.63,40575.38
630,1201,person,813.21,398.91,102.39,205.28,813.21,398.91,21019.17
630,1186,person,184.79,445.4,159.85,254.32,184.79,445.4,40653.41
631,1201,person,814.2,389.64,100.04,199.24,814.2,389.64,19930.85
631,1186,person,190.39,413.04,128.15,192.43,190.39,413.04,24659.17
632,1201,person,814.77,377.38,93.12,181.62,814.77,377.38,16911.44
632,1186,person,190.38,397.97,116.19,169.11,190.38,397.97,19648.72
632,1221,person,167.92,523.05,136.99,102.13,167.92,523.05,13991.39
633,1201,person,813.74,371.97,91.61,175.45,813.74,371.97,16072.37
633,1186,person,188.25,393.52,114.69,162.81,188.25,393.52,18672.54
633,1221,person,166.54,522.55,138.33,103.24,166.54,522.55,14280.54
633,1223,person,1009.17,382.29,80.69,213.04,1009.17,382.29,17190.38
634,1201,person,813.7,368.11,93.59,177.08,813.7,368.11,16572.21
634,1186,person,194.28,391.16,117.58,161.8,194.28,391.16,19024.26
634,1221,person,164.29,522.19,139.17,104.04,164.29,522.19,14478.75
634,1223,person,1009.22,382.27,80.46,212.48,1009.22,382.27,17095.99
634,1225,person,657.53,363.5,101.36,252.16,657.53,363.5,25558.26
635,1201,person,814.42,365.68,96.67,181.54,814.42,365.68,17548.79
635,1186,person,202.25,389.63,120.27,159.07,202.25,389.63,19130.33
635,1221,person,163.0,521.69,139.26,104.26,163.0,521.69,14519.31
635,1223,person,1009.29,382.77,79.79,210.6,1009.29,382.77,16803.91
635,1225,person,657.32,363.02,101.3,251.92,657.32,363.02,25518.81
636,1201,person,815.34,362.14,97.48,182.23,815.34,362.14,17763.62
636,1186,person,208.29,387.26,122.79,157.94,208.29,387.26,19394.38
636,1221,person,162.28,521.1,140.11,105.09,162.28,521.1,14723.29
636,1223,person,1008.6,383.18,79.06,208.18,1008.6,383.18,16458.25
636,1225,person,658.02,362.67,101.92,253.24,658.02,362.67,25810.04
637,1201,person,816.52,351.7,94.4,175.65,816.52,351.7,16581.53
637,1186,person,216.67,384.67,126.0,158.48,216.67,384.67,19968.65
637,1221,person,161.19,520.92,139.81,105.08,161.19,520.92,14692.03
637,1223,person,1006.31,382.69,78.66,205.9,1006.31,382.69,16195.82
637,1225,person,657.41,362.17,102.48,254.45,657.41,362.17,26077.56
638,1201,person,815.62,351.16,96.69,180.6,815.62,351.16,17461.87
638,1186,person,222.83,383.27,129.64,159.09,222.83,383.27,20624.89
638,1221,person,159.56,521.89,137.16,103.15,159.56,521.89,14147.21
638,1223,person,1004.58,375.17,74.96,193.04,1004.58,375.17,14470.48
638,1225,person,655.57,362.1,102.84,255.36,655.57,362.1,26262.86
639,1201,person,813.93,351.15,98.69,184.68,813.93,351.15,18225.71
639,1186,person,224.72,382.66,133.08,160.2,224.72,382.66,21319.69
639,1221,person,157.69,522.44,135.91,102.07,157.69,522.44,13871.77
639,1223,person,1003.64,374.57,78.9,201.81,1003.64,374.57,15922.29
639,1225,person,653.94,361.7,103.0,255.68,653.94,361.7,26336.34
640,1186,person,225.26,381.79,137.33,162.47,225.26,381.79,22312.05
640,1221,person,156.73,522.59,135.49,101.73,156.73,522.59,13783.18
640,1223,person,1001.85,370.39,76.55,192.73,1001.85,370.39,14754.01
641,1186,person,247.08,391.5,161.09,185.9,247.08,391.5,29945.19
641,1221,person,156.92,522.26,136.32,102.45,156.92,522.26,13965.54
641,1223,person,996.1,383.04,86.04,213.64,996.1,383.04,18381.17
642,1186,person,260.24,394.64,172.11,195.3,260.24,394.64,33611.91
642,1221,person,157.67,522.49,135.07,101.73,157.67,522.49,13741.04
642,1223,person,991.39,389.93,92.9,226.81,991.39,389.93,21070.67
642,1228,person,931.91,367.81,76.91,171.04,931.91,367.81,13154.45
642,1201,person,803.29,377.08,110.63,211.84,803.29,377.08,23435.92
642,1225,person,651.77,361.69,102.88,255.33,651.77,361.69,26269.09
643,1186,person,270.89,392.03,172.18,192.73,270.89,392.03,33185.08
643,1221,person,158.91,522.75,133.58,100.8,158.91,522.75,13463.99
643,1223,person,988.48,392.36,97.97,234.89,988.48,392.36,23012.0
643,1228,person,931.44,368.35,77.59,172.68,931.44,368.35,13398.14
643,1201,person,801.73,380.8,112.51,218.44,801.73,380.8,24576.7
643,1225,person,651.6,362.08,102.61,254.51,651.6,362.08,26114.5
644,1186,person,276.27,416.86,218.63,250.81,276.27,416.86,54835.57
644,1221,person,159.67,522.84,133.1,100.57,159.67,522.84,13385.44
644,1223,person,989.83,391.74,97.53,229.62,989.83,391.74,22396.16
644,1228,person,928.57,370.58,78.19,173.78,928.57,370.58,13587.01
644,1201,person,801.05,382.49,112.23,220.43,801.05,382.49,24739.5
644,1225,person,652.35,362.12,102.87,254.83,652.35,362.12,26215.49
645,1186,person,279.29,425.95,231.64,271.69,279.29,425.95,62934.69
645,1221,person,159.9,522.88,132.88,100.54,159.9,522.88,13359.16
645,1223,person,989.08,391.42,98.12,226.06,989.08,391.42,22181.78
645,1228,person,925.21,369.97,77.35,171.34,925.21,369.97,13253.05
645,1201,person,801.12,383.09,110.82,219.88,801.12,383.09,24366.0
645,1225,person,653.7,362.06,103.06,254.04,653.7,362.06,26180.99
645,1231,person,277.74,384.71,182.69,188.44,277.74,384.71,34425.38
646,1186,person,284.98,430.74,234.57,282.01,284.98,430.74,66150.85
646,1221,person,160.12,522.74,132.8,100.64,160.12,522.74,13365.26
646,1223,person,987.37,391.45,102.93,232.85,987.37,391.45,23968.21
646,1228,person,926.02,370.4,78.75,175.1,926.02,370.4,13788.89
646,1201,person,798.21,382.77,110.24,218.93,798.21,382.77,24134.84
646,1225,person,653.67,362.11,103.46,254.21,653.67,362.11,26301.69
647,1186,person,299.47,434.76,228.75,278.2,299.47,434.76,63640.29
647,1221,person,160.48,522.85,132.56,100.47,160.48,522.85,13318.14
647,1223,person,987.6,391.76,105.84,235.94,987.6,391.76,24971.26
647,1228,person,926.93,376.84,84.28,188.97,926.93,376.84,15925.64
647,1201,person,802.32,381.55,108.13,219.78,802.32,381.55,23764.08
648,1186,person,308.35,430.72,218.06,266.81,308.35,430.72,58180.3
648,1221,person,162.67,522.91,133.31,100.66,162.67,522.91,13419.26
648,1223,person,985.51,390.73,110.21,241.7,985.51,390.73,26637.05
648,1228,person,926.59,381.35,87.26,197.43,926.59,381.35,17228.04
648,1201,person,801.23,384.67,109.18,227.02,801.23,384.67,24784.81
649,1186,person,317.4,434.11,224.14,277.53,317.4,434.11,62206.61
649,1221,person,163.53,522.94,133.65,100.66,163.53,522.94,13453.32
649,1223,person,985.79,390.43,112.32,243.34,985.79,390.43,27330.85
649,1228,person,926.46,380.04,84.61,192.88,926.46,380.04,16319.67
649,1201,person,799.71,389.98,109.97,234.12,799.71,389.98,25746.94
649,1225,person,654.06,361.02,104.09,255.22,654.06,361.02,26566.6
650,1186,person,327.01,433.8,225.45,281.69,327.01,433.8,63506.88
650,1221,person,162.28,523.42,133.34,100.52,162.28,523.42,13402.61
650,1223,person,982.51,391.54,115.06,245.15,982.51,391.54,28207.01
650,1228,person,924.41,377.88,79.88,182.34,924.41,377.88,14565.22
650,1201,person,795.4,392.42,108.9,234.61,795.4,392.42,25549.04
651,1186,person,334.81,433.16,227.23,284.67,334.81,433.16,64686.16
651,1221,person,161.63,523.45,133.39,100.62,161.63,523.45,13421.55
651,1223,person,982.54,390.62,114.84,242.28,982.54,390.62,27824.19
651,1228,person,924.1,377.45,77.74,178.32,924.1,377.45,13862.3
651,1201,person,793.86,393.23,107.06,233.29,793.86,393.23,24976.26
651,1231,person,321.1,401.05,211.32,219.42,321.1,401.05,46367.53
651,1225,person,654.47,360.48,104.68,255.59,654.47,360.48,26756.31
652,1186,person,342.51,432.49,227.11,285.32,342.51,432.49,64799.04
652,1221,person,161.18,523.4,134.02,101.21,161.18,523.4,13563.95
652,1223,person,975.89,393.69,118.72,245.36,975.89,393.69,29129.44
652,1228,person,922.57,370.04,75.09,172.44,922.57,370.04,12948.21
652,1201,person,791.7,394.46,105.18,231.08,791.7,394.46,24304.85
652,1231,person,327.94,400.13,209.12,218.69,327.94,400.13,45732.46
653,1186,person,348.77,430.6,227.58,287.79,348.77,430.6,65494.72
653,1221,person,160.87,523.26,134.49,101.74,160.87,523.26,13682.62
653,1223,person,971.67,394.04,123.08,250.07,971.67,394.04,30777.84
653,1228,person,923.37,366.48,73.69,170.94,923.37,366.48,12596.88
653,1201,person,790.36,395.27,103.48,229.61,790.36,395.27,23758.66
653,1231,person,333.89,387.09,187.69,196.13,333.89,387.09,36810.8
654,1186,person,358.77,431.54,225.37,287.47,358.77,431.54,64788.48
654,1221,person,160.78,523.33,134.42,101.81,160.78,523.33,13684.83
654,1223,person,968.47,394.85,126.97,254.24,968.47,394.85,32279.59
654,1228,person,922.64,366.67,70.68,165.41,922.64,366.67,11691.91
654,1201,person,789.69,390.2,106.4,239.22,789.69,390.2,25453.43
654,1231,person,335.53,382.93,176.16,185.9,335.53,382.93,32748.96
654,1237,person,987.51,382.58,107.83,233.57,987.51,382.58,25186.15
655,1186,person,365.44,431.94,221.83,285.56,365.44,431.94,63347.16
655,1221,person,160.86,523.23,134.62,102.05,160.86,523.23,13738.26
655,1223,person,963.55,396.55,131.33,258.14,963.55,396.55,33901.89
655,1228,person,920.11,369.3,67.65,158.49,920.11,369.3,10721.23
655,1201,person,789.08,386.81,107.43,245.31,789.08,386.81,26353.77
655,1231,person,350.1,389.81,185.75,197.98,350.1,389.81,36775.04
655,1237,person,986.15,380.45,105.3,227.99,986.15,380.45,24007.02
656,1186,person,370.51,431.6,218.31,284.53,370.51,431.6,62116.54
656,1221,person,161.2,523.26,134.69,102.23,161.2,523.26,13768.81
656,1223,person,963.45,397.63,134.63,262.29,963.45,397.63,35313.22
656,1228,person,918.35,367.48,68.43,160.76,918.35,367.48,11001.42
656,1201,person,789.13,386.43,106.4,246.81,789.13,386.43,26259.87
656,1237,person,983.11,383.52,108.13,233.92,983.11,383.52,25293.44
656,1225,person,652.93,359.71,104.53,254.06,652.93,359.71,26556.75
657,1186,person,372.47,431.49,215.29,283.88,372.47,431.49,61115.01
657,1221,person,161.84,523.27,133.62,101.26,161.84,523.27,13531.0
657,1223,person,962.9,397.66,137.23,264.37,962.9,397.66,36278.45
657,1228,person,915.52,364.87,70.71,165.63,915.52,364.87,11711.88
657,1201,person,788.61,390.32,102.68,240.55,788.61,390.32,24700.32
657,1237,person,983.54,384.03,108.97,235.73,983.54,384.03,25689.04
657,1231,person,354.68,385.22,174.58,188.1,354.68,385.22,32840.23
658,1186,person,376.26,431.23,212.49,285.45,376.26,431.23,60653.95
658,1221,person,161.97,523.24,133.3,100.88,161.97,523.24,13447.62
658,1223,person,961.44,400.28,141.56,270.18,961.44,400.28,38246.98
658,1228,person,915.29,364.05,70.91,166.4,915.29,364.05,11798.71
658,1201,person,789.45,392.13,100.1,236.72,789.45,392.13,23696.26
658,1237,person,983.66,383.03,107.85,233.34,983.66,383.03,25166.58
658,1231,person,356.64,382.22,169.66,187.25,356.64,382.22,31768.12
658,1225,person,653.71,359.44,105.13,254.44,653.71,359.44,26747.78
659,1221,person,161.0,523.2,134.38,101.87,161.0,523.2,13689.4
659,1223,person,960.05,401.54,145.12,274.42,960.05,401.54,39823.95
659,1228,person,913.94,364.98,70.44,165.35,913.94,364.98,11646.92
659,1201,person,790.61,395.44,96.31,228.89,790.61,395.44,22044.47
659,1237,person,979.1,386.53,112.6,242.85,979.1,386.53,27345.31
659,1231,person,361.09,380.68,162.69,183.98,361.09,380.68,29932.47
659,1225,person,652.83,358.98,105.31,254.48,652.83,358.98,26798.24
660,1221,person,159.97,523.18,134.69,102.19,159.97,523.18,13764.88
660,1223,person,960.77,401.35,146.0,275.54,960.77,401.35,40228.04
660,1228,person,910.43,367.66,67.89,160.28,910.43,367.66,10880.87
660,1201,person,791.25,398.34,93.85,223.48,791.25,398.34,20973.33
660,1231,person,368.42,379.52,156.99,181.05,368.42,379.52,28422.46
661,1221,person,159.09,522.96,135.52,102.84,159.09,522.96,13936.88
661,1228,person,903.87,367.96,66.96,155.95,903.87,367.96,10441.93
661,1201,person,792.12,397.47,94.07,224.77,792.12,397.47,21144.81
661,1231,person,375.05,378.2,152.09,178.43,375.05,378.2,27137.48
661,1237,person,976.35,384.92,110.36,238.96,976.35,384.92,26371.78
661,1225,person,652.16,358.26,105.39,254.37,652.16,358.26,26808.62
662,1221,person,158.76,522.99,135.58,102.84,158.76,522.99,13943.03
662,1228,person,889.55,370.21,68.59,149.49,889.55,370.21,10252.69
662,1201,person,791.91,396.77,94.05,225.12,791.91,396.77,21171.84
662,1231,person,384.99,376.1,149.64,177.95,384.99,376.1,26628.56
662,1237,person,973.56,383.88,109.31,237.43,973.56,383.88,25954.44
662,1225,person,652.82,357.44,105.82,254.51,652.82,357.44,26933.22
663,1221,person,158.33,523.0,135.53,102.7,158.33,523.0,13919.31
663,1228,person,888.15,370.68,70.21,146.7,888.15,370.68,10299.24
663,1201,person,791.47,396.83,93.9,225.12,791.47,396.83,21139.18
663,1231,person,390.51,376.49,150.02,180.34,390.51,376.49,27055.19
663,1237,person,971.93,383.01,108.73,236.09,971.93,383.01,25670.35
663,1225,person,653.14,357.33,106.24,254.59,653.14,357.33,27047.59
664,1221,person,157.43,523.2,134.72,101.55,157.43,523.2,13681.12
664,1201,person,793.06,393.89,96.08,231.36,793.06,393.89,22230.04
664,1231,person,399.93,373.96,149.11,179.95,399.93,373.96,26832.3
664,1237,person,972.78,382.19,108.86,236.87,972.78,382.19,25784.86
665,1221,person,156.69,522.9,136.89,102.98,156.69,522.9,14096.83
665,1201,person,796.19,392.99,97.15,232.22,796.19,392.99,22558.66
665,1231,person,407.22,372.23,147.12,178.47,407.22,372.23,26256.43
665,1237,person,972.07,381.07,108.04,236.35,972.07,381.07,25535.2
665,1225,person,652.21,357.19,106.8,255.25,652.21,357.19,27260.95
666,1221,person,156.54,523.04,136.24,101.93,156.54,523.04,13886.51
666,1201,person,794.1,392.09,98.14,235.2,794.1,392.09,23083.06
666,1231,person,412.37,371.01,145.04,177.6,412.37,371.01,25759.55
666,1237,person,969.74,381.68,107.41,236.47,969.74,381.68,25399.29
666,1225,person,651.97,356.54,107.1,255.18,651.97,356.54,27329.28
667,1221,person,157.14,523.02,136.33,101.63,157.14,523.02,13855.11
667,1201,person,793.07,391.73,98.41,236.28,793.07,391.73,23251.47
667,1231,person,420.21,369.25,142.74,175.75,420.21,369.25,25087.11
667,1237,person,967.37,380.98,106.3,234.75,967.37,380.98,24954.18
667,1225,person,651.95,356.53,107.12,254.59,651.95,356.53,27272.52
667,1228,person,880.65,360.81,81.52,164.84,880.65,360.81,13437.14
668,1221,person,157.04,522.93,138.08,102.93,157.04,522.93,14212.43
668,1201,person,791.23,392.37,97.45,234.83,791.23,392.37,22884.79
668,1231,person,427.85,368.6,141.53,176.0,427.85,368.6,24908.9
668,1237,person,965.96,378.81,104.19,231.29,965.96,378.81,24097.59
668,1225,person,651.67,356.63,107.18,254.88,651.67,356.63,27318.17
668,1228,person,878.23,359.88,86.43,170.02,878.23,359.88,14694.44
669,1221,person,156.86,522.86,138.71,103.39,156.86,522.86,14341.97
669,1201,person,791.23,391.29,97.56,236.67,791.23,391.29,23089.55
669,1231,person,430.61,368.98,140.86,176.71,430.61,368.98,24890.31
669,1237,person,965.05,378.11,102.98,229.84,965.05,378.11,23669.75
669,1225,person,651.72,356.17,107.63,255.65,651.72,356.17,27515.04
669,1228,person,876.88,359.22,89.72,172.29,876.88,359.22,15457.48
670,1221,person,156.64,522.7,139.46,103.92,156.64,522.7,14491.98
670,1201,person,790.19,390.52,97.98,237.48,790.19,390.52,23267.77
670,1231,person,435.88,369.84,138.93,175.7,435.88,369.84,24409.75
670,1237,person,964.09,378.67,103.15,231.49,964.09,378.67,23877.31
670,1225,person,650.87,356.49,107.61,256.19,650.87,356.49,27567.91
670,1228,person,876.96,359.38,93.63,177.84,876.96,359.38,16651.37
671,1221,person,156.28,522.56,139.02,103.15,156.28,522.56,14340.23
671,1201,person,790.92,390.27,98.46,237.31,790.92,390.27,23366.34
671,1231,person,442.49,369.04,135.89,173.45,442.49,369.04,23570.62
671,1237,person,963.47,380.14,103.83,234.83,963.47,380.14,24382.88
671,1225,person,650.67,355.68,108.06,257.8,650.67,355.68,27857.14
671,1228,person,876.28,359.32,94.61,177.67,876.28,359.32,16810.06
672,1221,person,155.9,521.97,140.57,103.97,155.9,521.97,14615.1
672,1201,person,793.81,390.28,99.57,235.69,793.81,390.28,23467.97
672,1231,person,451.88,368.08,134.54,173.07,451.88,368.08,23285.63
672,1237,person,962.97,383.03,105.14,240.61,962.97,383.03,25297.32
672,1225,person,650.07,354.96,108.42,259.85,650.07,354.96,28172.97
672,1228,person,876.8,357.62,94.85,175.97,876.8,357.62,16691.71
673,1221,person,155.84,521.93,141.07,104.05,155.84,521.93,14678.27
673,1201,person,813.13,390.31,106.57,237.13,813.13,390.31,25271.68
673,1231,person,460.14,369.35,133.75,173.89,460.14,369.35,23257.7
673,1237,person,962.85,384.53,105.25,243.58,962.85,384.53,25637.12
673,1225,person,651.08,354.3,108.68,260.66,651.08,354.3,28328.93
673,1228,person,876.87,348.73,88.54,160.16,876.87,348.73,14180.97
674,1221,person,156.77,522.11,140.61,103.32,156.77,522.11,14527.74
674,1201,person,810.28,391.11,105.72,233.05,810.28,391.11,24637.83
674,1231,person,469.66,370.24,133.38,175.5,469.66,370.24,23409.19
674,1237,person,962.03,386.4,105.42,246.53,962.03,386.4,25988.54
674,1225,person,650.08,354.11,107.99,260.3,650.08,354.11,28109.62
675,1221,person,157.97,522.45,140.87,103.69,157.97,522.45,14606.03
675,1201,person,808.69,390.37,108.24,236.67,808.69,390.37,25616.48
675,1231,person,474.73,371.52,133.09,176.9,474.73,371.52,23544.77
675,1237,person,962.68,386.57,104.83,247.2,962.68,386.57,25915.1
675,1225,person,651.21,355.01,107.37,259.44,651.21,355.01,27854.92
676,1221,person,159.24,522.61,140.6,103.72,159.24,522.61,14583.77
676,1201,person,809.25,389.78,108.76,235.46,809.25,389.78,25608.32
676,1231,person,483.36,370.49,131.87,176.53,483.36,370.49,23279.18
676,1237,person,962.93,386.45,104.23,247.49,962.93,386.45,25795.32
676,1225,person,652.04,355.12,106.9,258.53,652.04,355.12,27636.75
677,1221,person,159.95,522.74,140.13,103.7,159.95,522.74,14531.13
677,1201,person,810.62,390.08,109.72,234.69,810.62,390.08,25750.61
677,1231,person,493.17,371.43,132.14,178.29,493.17,371.43,23559.21
677,1237,person,962.3,398.36,111.78,270.24,962.3,398.36,30208.58
677,1225,person,651.98,355.34,106.54,257.77,651.98,355.34,27463.62
678,1221,person,161.51,522.48,138.83,102.83,161.51,522.48,14276.65
678,1201,person,827.86,389.85,116.14,235.59,827.86,389.85,27360.12
678,1231,person,504.66,370.75,131.34,178.38,504.66,370.75,23427.12
678,1237,person,962.91,395.84,108.62,265.94,962.91,395.84,28885.59
678,1225,person,652.01,355.21,106.15,257.54,652.01,355.21,27337.46
679,1221,person,162.3,522.56,137.75,102.05,162.3,522.56,14057.31
679,1201,person,825.88,385.29,122.87,244.76,825.88,385.29,30074.61
679,1231,person,514.53,369.6,130.44,178.6,514.53,369.6,23295.35
679,1237,person,962.67,398.54,108.74,269.84,962.67,398.54,29343.4
679,1225,person,652.9,355.55,106.02,257.3,652.9,355.55,27279.93
680,1221,person,162.03,522.48,137.77,102.2,162.03,522.48,14080.32
680,1201,person,828.46,382.76,127.37,246.83,828.46,382.76,31437.84
680,1231,person,523.0,368.85,128.25,176.96,523.0,368.85,22695.9
680,1237,person,963.2,396.83,105.79,265.63,963.2,396.83,28100.02
680,1225,person,651.66,355.95,105.12,255.31,651.66,355.95,26838.66
681,1221,person,160.76,522.09,140.22,104.31,160.76,522.09,14625.84
681,1201,person,824.8,379.52,131.08,251.3,824.8,379.52,32941.93
681,1231,person,525.69,368.41,127.47,177.15,525.69,368.41,22581.58
681,1237,person,963.57,391.07,101.1,255.92,963.57,391.07,25873.81
682,1221,person,160.58,521.69,140.52,104.51,160.58,521.69,14685.66
682,1201,person,825.5,376.86,134.14,253.23,825.5,376.86,33968.62
682,1231,person,536.56,367.07,128.66,177.21,536.56,367.07,22799.02
682,1237,person,963.24,391.02,100.01,255.14,963.24,391.02,25516.63
682,1225,person,651.23,349.91,103.33,249.55,651.23,349.91,25785.69
683,1221,person,160.11,521.01,141.99,105.65,160.11,521.01,15001.86
683,1201,person,822.21,377.33,134.22,250.56,822.21,377.33,33630.49
683,1231,person,547.7,366.73,129.38,176.19,547.7,366.73,22795.6
683,1237,person,964.22,390.32,99.11,254.49,964.22,390.32,25223.74
683,1225,person,649.95,342.68,99.17,238.18,649.95,342.68,23620.38
684,1221,person,159.22,520.42,143.56,106.98,159.22,520.42,15358.65
684,1201,person,825.09,372.99,139.39,258.34,825.09,372.99,36011.16
684,1231,person,559.3,365.85,132.23,176.73,559.3,365.85,23369.17
684,1237,person,964.04,389.96,98.41,253.22,964.04,389.96,24919.96
685,1221,person,158.93,520.29,143.61,107.25,158.93,520.29,15401.14
685,1201,person,822.77,378.91,131.87,240.65,822.77,378.91,31733.63
685,1231,person,567.22,365.3,133.42,175.6,567.22,365.3,23429.35
685,1237,person,952.22,401.98,110.23,279.83,952.22,401.98,30844.04
685,1225,person,650.07,335.88,94.2,223.86,650.07,335.88,21087.44
686,1221,person,157.71,520.27,143.52,107.36,157.71,520.27,15407.35
686,1201,person,820.93,372.06,138.48,252.76,820.93,372.06,35001.7
686,1231,person,570.82,365.35,133.75,174.75,570.82,365.35,23372.1
686,1237,person,948.71,406.68,115.43,288.79,948.71,406.68,33333.69
687,1221,person,157.2,520.2,143.69,107.55,157.2,520.2,15453.38
687,1201,person,820.0,369.0,142.32,259.0,820.0,369.0,36860.15
687,1231,person,574.15,365.0,135.62,175.32,574.15,365.0,23776.78
687,1237,person,946.75,408.17,118.25,292.12,946.75,408.17,34544.0
688,1221,person,156.24,519.91,145.09,108.49,156.24,519.91,15740.83
688,1201,person,819.94,368.11,143.07,260.05,819.94,368.11,37206.55
688,1231,person,584.24,364.75,140.11,177.37,584.24,364.75,24851.1
688,1237,person,946.27,408.52,120.04,292.84,946.27,408.52,35152.56
689,1221,person,154.78,519.86,145.81,108.92,154.78,519.86,15882.32
689,1201,person,822.06,367.52,142.8,258.53,822.06,367.52,36918.47
689,1231,person,598.82,364.68,143.83,177.0,598.82,364.68,25457.39
689,1237,person,947.07,408.55,121.68,293.57,947.07,408.55,35719.74
690,1221,person,153.47,519.74,146.39,109.15,153.47,519.74,15977.93
690,1201,person,824.8,365.81,142.77,259.45,824.8,365.81,37041.06
690,1231,person,604.19,364.46,144.25,174.37,604.19,364.46,25151.81
690,1237,person,947.97,408.33,123.19,293.44,947.97,408.33,36149.61
690,1247,person,1172.08,444.0,89.63,231.43,1172.08,444.0,20742.78
691,1221,person,152.2,519.74,146.36,108.99,152.2,519.74,15952.35
691,1201,person,832.33,364.56,143.46,261.23,832.33,364.56,37476.18
691,1231,person,619.35,364.19,146.94,172.19,619.35,364.19,25302.19
691,1237,person,948.48,408.48,124.72,292.24,948.48,408.48,36447.59
692,1221,person,150.46,519.57,146.9,109.22,150.46,519.57,16044.51
692,1201,person,847.56,362.81,141.04,260.11,847.56,362.81,36685.73
692,1231,person,629.08,361.38,155.08,178.34,629.08,361.38,27657.32
692,1237,person,948.78,408.74,126.46,290.84,948.78,408.74,36779.29
692,1247,person,1172.1,444.31,89.17,230.17,1172.1,444.31,20524.53
693,1221,person,147.74,519.1,148.05,109.93,147.74,519.1,16275.98
693,1201,person,851.54,361.63,137.85,258.66,851.54,361.63,35655.38
693,1231,person,637.02,358.61,163.92,187.26,637.02,358.61,30695.09
693,1237,person,949.22,408.39,128.39,290.19,949.22,408.39,37256.23
693,1247,person,1171.38,443.87,89.04,229.73,1171.38,443.87,20454.71
694,1221,person,144.62,518.8,148.9,110.28,144.62,518.8,16420.44
694,1201,person,852.92,360.3,135.3,257.88,852.92,360.3,34889.83
694,1231,person,638.52,357.46,167.49,190.22,638.52,357.46,31860.31
694,1237,person,948.76,406.94,131.0,291.36,948.76,406.94,38167.46
694,1247,person,1170.95,443.17,88.75,228.86,1170.95,443.17,20312.59
695,1221,person,142.56,518.88,149.06,110.11,142.56,518.88,16412.82
695,1201,person,855.17,358.9,130.22,253.48,855.17,358.9,33008.18
695,1231,person,643.46,360.32,167.81,190.75,643.46,360.32,32011.0
695,1237,person,951.6,407.29,131.78,290.93,951.6,407.29,38337.23
695,1247,person,1170.52,443.08,88.72,228.73,1170.52,443.08,20293.86
696,1221,person,141.61,519.08,148.97,109.76,141.61,519.08,16350.24
696,1201,person,858.11,360.17,128.59,256.4,858.11,360.17,32970.75
696,1231,person,651.35,365.41,164.84,186.87,651.35,365.41,30804.01
696,1237,person,950.62,408.16,132.81,289.07,950.62,408.16,38392.24
696,1247,person,1170.33,442.82,88.74,228.78,1170.33,442.82,20303.16
697,1221,person,142.39,519.33,148.73,109.36,142.39,519.33,16265.88
697,1201,person,862.09,371.63,114.45,231.77,862.09,371.63,26524.42
697,1231,person,658.01,369.17,163.02,185.49,658.01,369.17,30239.7
697,1237,person,955.34,408.93,132.47,287.7,955.34,408.93,38111.9
698,1221,person,144.16,519.71,148.24,108.75,144.16,519.71,16121.63
698,1201,person,868.34,365.06,104.12,212.9,868.34,365.06,22167.44
698,1231,person,664.04,370.07,162.55,187.21,664.04,370.07,30431.33
698,1237,person,955.92,409.55,132.7,285.97,955.92,409.55,37949.07
699,1221,person,146.7,520.35,146.51,107.45,146.7,520.35,15742.7
699,1201,person,869.98,373.91,108.28,224.95,869.98,373.91,24357.94
699,1231,person,669.09,373.22,161.01,187.74,669.09,373.22,30226.39
699,1237,person,957.17,410.75,132.71,283.26,957.17,410.75,37590.25
700,1221,person,148.17,520.75,145.23,106.54,148.17,520.75,15471.75
700,1201,person,872.32,376.87,108.55,229.6,872.32,376.87,24923.75
700,1231,person,670.97,375.47,159.76,188.84,670.97,375.47,30168.6
700,1237,person,958.8,412.35,133.3,281.33,958.8,412.35,37499.9
701,1221,person,149.38,520.97,144.34,105.95,149.38,520.97,15292.54
701,1201,person,878.09,371.79,118.93,256.71,878.09,371.79,30529.79
701,1231,person,675.36,377.82,159.61,189.94,675.36,377.82,30317.0
701,1237,person,965.83,413.22,134.3,282.81,965.83,413.22,37981.1
702,1221,person,150.83,521.26,143.35,105.38,150.83,521.26,15106.4
702,1201,person,881.6,378.48,114.87,252.35,881.6,378.48,28988.32
702,1231,person,686.36,379.11,156.82,189.69,686.36,379.11,29748.09
702,1237,person,972.16,413.99,133.72,282.7,972.16,413.99,37801.72
703,1221,person,151.85,521.64,142.12,104.67,151.85,521.64,14875.45
703,1201,person,885.1,381.01,115.35,257.63,885.1,381.01,29716.61
703,1231,person,699.55,377.81,153.12,189.2,699.55,377.81,28969.15
703,1237,person,978.04,414.83,131.06,280.71,978.04,414.83,36790.38
704,1221,person,152.72,521.88,141.14,104.17,152.72,521.88,14702.12
704,1201,person,888.59,375.45,116.88,264.57,888.59,375.45,30921.59
704,1237,person,982.34,415.92,127.86,277.99,982.34,415.92,35545.09
705,1221,person,153.48,522.09,140.27,103.86,153.48,522.09,14568.73
705,1201,person,890.87,373.04,116.12,264.13,890.87,373.04,30671.76
705,1237,person,985.1,416.19,125.39,276.84,985.1,416.19,34712.09
706,1221,person,155.19,522.22,139.15,103.45,155.19,522.22,14395.17
706,1201,person,892.87,377.07,111.58,253.78,892.87,377.07,28317.3
706,1237,person,986.82,416.73,123.72,276.7,986.82,416.73,34233.86
706,1231,person,716.01,377.55,144.32,183.04,716.01,377.55,26416.25
707,1221,person,155.77,522.61,137.24,102.5,155.77,522.61,14066.99
707,1201,person,897.24,371.93,117.28,267.06,897.24,371.93,31319.39
707,1237,person,983.93,417.02,123.68,276.86,983.93,417.02,34241.52
707,1231,person,723.7,380.72,142.85,184.88,723.7,380.72,26409.8
708,1221,person,156.06,522.89,135.88,101.85,156.06,522.89,13838.25
708,1201,person,900.54,370.68,119.31,271.07,900.54,370.68,32341.77
708,1237,person,983.54,415.41,123.22,276.08,983.54,415.41,34017.87
708,1231,person,732.39,381.81,140.25,185.21,732.39,381.81,25976.22
709,1221,person,155.35,523.0,134.89,101.45,155.35,523.0,13684.55
709,1201,person,904.57,371.84,120.03,271.81,904.57,371.84,32624.78
709,1237,person,983.81,414.47,122.38,274.47,983.81,414.47,33589.72
709,1231,person,740.28,382.85,138.42,185.04,740.28,382.85,25613.71
710,1221,person,154.19,522.95,134.98,101.74,154.19,522.95,13733.13
710,1201,person,909.69,377.67,115.24,259.37,909.69,377.67,29888.81
710,1237,person,984.42,413.66,121.67,273.5,984.42,413.66,33276.32
710,1231,person,748.39,382.83,136.52,184.62,748.39,382.83,25204.57
711,1221,person,152.54,523.03,134.96,101.8,152.54,523.03,13738.91
711,1201,person,912.92,381.08,112.93,252.2,912.92,381.08,28482.35
711,1237,person,986.76,413.09,121.12,274.39,986.76,413.09,33234.74
711,1231,person,759.83,380.36,131.05,179.17,759.83,380.36,23479.22
712,1221,person,151.31,523.06,135.02,101.87,151.31,523.06,13754.61
712,1201,person,913.44,382.18,112.74,250.05,913.44,382.18,28190.46
712,1237,person,987.65,412.17,120.21,274.17,987.65,412.17,32959.05
712,1231,person,762.19,382.04,131.85,182.16,762.19,382.04,24017.59
713,1221,person,150.49,522.96,135.54,102.18,150.49,522.96,13848.81
713,1201,person,915.31,381.63,115.24,254.67,915.31,381.63,29347.3
713,1237,person,988.96,411.13,118.32,271.94,988.96,411.13,32174.47
713,1231,person,768.86,383.39,131.55,183.71,768.86,383.39,24168.05
714,1221,person,149.87,522.98,135.58,102.11,149.87,522.98,13843.07
714,1201,person,918.44,384.87,114.34,250.21,918.44,384.87,28608.1
714,1237,person,989.23,410.12,117.97,272.57,989.23,410.12,32155.2
714,1231,person,776.13,383.6,130.63,184.93,776.13,383.6,24156.49
715,1221,person,148.87,522.94,135.56,102.05,148.87,522.94,13834.05
715,1201,person,915.27,384.56,120.51,259.33,915.27,384.56,31252.6
715,1237,person,989.49,411.98,117.96,272.95,989.49,411.98,32197.92
715,1231,person,787.08,384.35,129.67,185.22,787.08,384.35,24018.25
716,1221,person,148.49,522.94,135.78,102.06,148.49,522.94,13857.53
716,1201,person,917.79,376.39,113.97,238.66,917.79,376.39,27201.1
716,1237,person,991.23,411.29,118.46,275.44,991.23,411.29,32628.84
716,1231,person,797.96,384.22,129.66,186.57,797.96,384.22,24190.08
717,1221,person,147.93,522.73,136.38,102.29,147.93,522.73,13950.32
717,1201,person,922.81,364.69,104.14,210.6,922.81,364.69,21931.45
717,1237,person,995.51,410.1,115.42,270.99,995.51,410.1,31276.48
717,1231,person,807.12,383.54,129.4,187.67,807.12,383.54,24284.38
718,1221,person,147.16,522.33,137.47,102.9,147.16,522.33,14144.75
718,1201,person,923.37,361.67,101.48,198.31,923.37,361.67,20123.4
718,1237,person,997.32,410.46,112.51,266.66,997.32,410.46,30002.06
718,1231,person,809.72,382.86,128.58,188.2,809.72,382.86,24199.13
719,1221,person,146.93,522.05,138.4,103.38,146.93,522.05,14306.85
719,1201,person,926.7,354.71,104.56,200.1,926.7,354.71,20922.02
719,1237,person,999.77,406.45,112.15,269.55,999.77,406.45,30230.96
719,1231,person,816.04,382.46,128.79,189.52,816.04,382.46,24408.97
720,1221,person,146.54,521.96,138.82,103.53,146.54,521.96,14372.29
720,1237,person,1002.56,402.11,110.0,267.89,1002.56,402.11,29469.11
720,1231,person,824.83,380.26,128.74,189.02,824.83,380.26,24334.31
721,1221,person,146.99,522.08,138.86,103.31,146.99,522.08,14345.84
721,1237,person,1007.26,400.4,106.13,261.97,1007.26,400.4,27803.79
721,1231,person,833.68,380.79,128.55,188.55,833.68,380.79,24238.88
721,1201,person,933.9,346.0,108.01,205.14,933.9,346.0,22158.14
722,1221,person,147.36,522.19,138.65,102.95,147.36,522.19,14273.7
722,1237,person,1012.24,398.26,102.06,255.0,1012.24,398.26,26026.55
722,1231,person,843.52,381.2,129.62,190.15,843.52,381.2,24646.57
722,1251,person,654.56,350.7,108.68,258.34,654.56,350.7,28075.43
722,1201,person,940.12,344.91,109.71,209.26,940.12,344.91,22957.93
723,1237,person,1014.99,400.32,98.78,248.97,1014.99,400.32,24592.72
723,1231,person,847.52,382.37,130.55,192.05,847.52,382.37,25071.82
723,1251,person,655.79,351.31,108.87,258.99,655.79,351.31,28196.78
723,1201,person,943.47,345.15,110.41,211.22,943.47,345.15,23321.05
724,1237,person,1016.69,395.01,98.03,248.69,1016.69,395.01,24378.43
724,1231,person,855.63,382.58,132.16,193.35,855.63,382.58,25552.44
724,1251,person,656.67,351.6,108.92,259.45,656.67,351.6,28258.09
724,1201,person,945.22,344.2,108.82,206.02,945.22,344.2,22419.84
724,1221,person,149.7,522.86,136.78,101.63,149.7,522.86,13900.86
725,1237,person,1018.05,394.64,95.47,243.52,1018.05,394.64,23248.12
725,1231,person,861.81,381.62,129.84,191.43,861.81,381.62,24854.89
725,1251,person,655.35,351.65,108.34,258.9,655.35,351.65,28047.93
725,1201,person,944.67,344.78,110.02,205.45,944.67,344.78,22604.37
725,1221,person,150.63,522.93,136.51,101.42,150.63,522.93,13844.0
726,1237,person,1020.34,400.15,91.01,233.0,1020.34,400.15,21203.89
726,1231,person,870.96,382.25,130.13,193.4,870.96,382.25,25166.94
726,1251,person,654.58,352.29,107.87,258.82,654.58,352.29,27920.12
726,1201,person,953.0,342.8,105.66,196.94,953.0,342.8,20807.76
726,1221,person,151.61,522.97,136.0,101.21,151.61,522.97,13763.54
727,1231,person,880.95,381.38,124.67,186.86,880.95,381.38,23295.52
727,1251,person,654.75,351.81,107.51,258.91,654.75,351.81,27836.01
727,1201,person,955.2,352.51,97.09,176.98,955.2,352.51,17182.82
727,1221,person,152.74,523.05,135.31,101.01,152.74,523.05,13667.51
728,1251,person,655.18,352.09,107.96,261.13,655.18,352.09,28191.96
728,1221,person,152.84,523.58,134.87,101.02,152.84,523.58,13625.57
729,1251,person,654.4,351.93,107.7,262.05,654.4,351.93,28222.81
729,1221,person,153.66,524.05,133.99,100.55,153.66,524.05,13472.32
730,1251,person,655.49,352.16,107.49,262.37,655.49,352.16,28202.75
730,1221,person,154.77,524.17,133.71,100.38,154.77,524.17,13422.38
731,1251,person,656.9,351.82,107.71,263.6,656.9,351.82,28391.36
731,1221,person,155.09,524.34,132.71,99.87,155.09,524.34,13253.51
732,1251,person,656.65,351.87,107.44,264.02,656.65,351.87,28366.1
732,1221,person,155.98,524.42,132.06,99.5,155.98,524.42,13140.78
733,1251,person,656.09,351.88,107.24,264.96,656.09,351.88,28414.79
733,1221,person,156.38,524.64,131.36,99.07,156.38,524.64,13014.28
734,1251,person,655.93,351.89,106.68,265.0,655.93,351.89,28271.74
734,1221,person,156.61,524.75,130.85,98.78,156.61,524.75,12925.81
734,1254,person,1047.58,361.24,50.1,123.57,1047.58,361.24,6191.33
734,1231,person,957.03,399.8,146.55,226.95,957.03,399.8,33258.88
735,1251,person,656.72,333.78,119.24,301.75,656.72,333.78,35979.32
735,1221,person,157.14,524.84,130.3,98.44,157.14,524.84,12827.59
735,1254,person,1048.29,360.84,49.16,121.24,1048.29,360.84,5959.59
735,1231,person,967.12,399.3,139.18,220.58,967.12,399.3,30700.17
736,1251,person,656.87,343.75,110.81,281.79,656.87,343.75,31225.12
736,1221,person,157.28,524.96,129.71,98.09,157.28,524.96,12722.41
736,1254,person,1048.81,360.66,48.62,119.93,1048.81,360.66,5830.59
736,1231,person,970.94,400.27,135.04,218.39,970.94,400.27,29492.11
737,1251,person,656.63,349.36,105.72,270.53,656.63,349.36,28601.68
737,1221,person,157.32,525.11,129.08,97.73,157.32,525.11,12615.3
737,1254,person,1049.13,361.41,48.79,120.32,1049.13,361.41,5870.02
737,1231,person,975.43,422.04,157.75,261.24,975.43,422.04,41210.24
738,1251,person,657.02,350.17,104.68,269.24,657.02,350.17,28183.25
738,1221,person,157.01,525.4,128.0,97.07,157.01,525.4,12425.52
738,1231,person,989.29,410.33,141.72,236.67,989.29,410.33,33540.7
738,1258,person,918.75,384.5,156.26,287.06,918.75,384.5,44856.61
739,1251,person,657.11,352.44,102.7,265.07,657.11,352.44,27223.56
739,1221,person,157.83,525.75,127.1,96.43,157.83,525.75,12256.03
739,1231,person,1002.09,404.96,131.88,220.63,1002.09,404.96,29095.4
739,1258,person,923.52,387.95,155.36,286.47,923.52,387.95,44506.22
740,1251,person,658.95,353.95,101.64,262.39,658.95,353.95,26669.64
740,1221,person,158.8,526.1,126.33,95.79,158.8,526.1,12100.87
740,1231,person,1011.46,399.51,129.38,216.42,1011.46,399.51,28000.34
740,1258,person,927.31,389.63,155.4,288.26,927.31,389.63,44795.92
741,1251,person,659.16,352.74,102.3,265.01,659.16,352.74,27109.85
741,1221,person,159.81,526.4,125.55,95.09,159.81,526.4,11938.48
741,1231,person,1017.56,394.61,125.05,208.69,1017.56,394.61,26097.75
741,1258,person,928.59,390.61,154.47,288.75,928.59,390.61,44601.81
741,1261,person,995.07,430.33,143.3,286.8,995.07,430.33,41098.83
742,1251,person,660.0,354.28,101.18,261.96,660.0,354.28,26504.93
742,1221,person,160.54,526.58,125.32,94.77,160.54,526.58,11876.92
742,1231,person,1020.07,395.36,126.1,210.65,1020.07,395.36,26562.31
742,1258,person,926.94,392.42,154.99,292.37,926.94,392.42,45315.48
742,1261,person,995.68,430.33,144.2,287.44,995.68,430.33,41447.96
743,1251,person,661.58,354.94,100.95,260.89,661.58,354.94,26337.28
743,1221,person,161.13,527.01,124.66,94.03,161.13,527.01,11722.53
743,1231,person,1022.77,399.77,127.03,212.61,1022.77,399.77,27008.02
743,1258,person,927.19,392.96,152.94,291.53,927.19,392.96,44586.35
743,1261,person,1003.44,431.54,141.63,280.99,1003.44,431.54,39795.04
744,1251,person,660.2,354.4,101.02,261.76,660.2,354.4,26444.28
744,1221,person,161.61,527.2,124.79,93.9,161.61,527.2,11717.83
744,1231,person,1026.49,398.13,126.89,211.57,1026.49,398.13,26846.81
744,1258,person,926.89,393.33,151.0,291.21,926.89,393.33,43971.57
745,1251,person,660.22,354.38,100.89,261.53,660.22,354.38,26386.62
745,1221,person,161.99,527.43,123.62,92.36,161.99,527.43,11417.3
745,1231,person,1030.62,399.09,129.41,215.22,1030.62,399.09,27851.57
745,1258,person,927.18,392.97,148.36,290.36,927.18,392.97,43078.89
746,1251,person,662.51,354.49,101.2,261.36,662.51,354.49,26448.77
746,1221,person,162.42,527.65,123.04,91.35,162.42,527.65,11239.25
746,1231,person,1035.99,408.59,143.37,240.92,1035.99,408.59,34540.55
746,1258,person,927.04,393.01,145.85,289.78,927.04,393.01,42264.52
747,1251,person,660.99,355.2,100.49,260.44,660.99,355.2,26170.66
747,1221,person,162.98,528.02,122.65,90.48,162.98,528.02,11097.53
747,1231,person,1040.96,419.52,154.5,263.09,1040.96,419.52,40647.36
747,1258,person,928.48,393.15,143.25,288.74,928.48,393.15,41361.09
747,1262,person,818.73,366.55,86.39,150.73,818.73,366.55,13020.82
748,1251,person,661.96,355.26,100.33,260.14,661.96,355.26,26098.93
748,1221,person,163.29,528.15,123.1,90.32,163.29,528.15,11118.71
748,1231,person,1044.54,426.1,160.36,275.59,1044.54,426.1,44193.62
748,1258,person,929.58,393.99,141.05,288.25,929.58,393.99,40656.5
748,1262,person,818.39,365.94,88.15,153.64,818.39,365.94,13543.52
749,1251,person,660.92,355.86,100.11,260.4,660.92,355.86,26068.59
749,1221,person,163.63,528.26,123.58,90.18,163.63,528.26,11145.04
749,1231,person,1045.27,428.44,161.1,278.91,1045.27,428.44,44933.51
749,1258,person,929.71,395.1,138.79,287.69,929.71,395.1,39927.97
749,1262,person,814.37,360.41,97.14,169.72,814.37,360.41,16487.76
750,1251,person,662.06,356.52,100.08,260.15,662.06,356.52,26035.07
750,1221,person,164.1,528.37,124.19,90.19,164.1,528.37,11200.67
750,1258,person,929.87,396.01,135.77,285.91,929.87,396.01,38818.4
750,1262,person,809.11,361.88,104.4,183.33,809.11,361.88,19139.87
750,1261,person,1036.73,426.25,139.42,275.2,1036.73,426.25,38368.84
751,1251,person,661.22,356.53,99.77,259.9,661.22,356.53,25930.95
751,1221,person,164.79,528.54,124.08,89.82,164.79,528.54,11145.23
751,1258,person,930.29,396.49,133.31,285.29,930.29,396.49,38031.85
751,1262,person,806.32,369.27,108.89,192.72,806.32,369.27,20984.62
751,1261,person,1042.31,426.4,142.69,280.98,1042.31,426.4,40092.96
752,1251,person,662.6,357.33,99.85,259.87,662.6,357.33,25949.07
752,1221,person,165.65,528.77,123.92,89.52,165.65,528.77,11093.13
752,1258,person,930.75,397.01,130.87,284.33,930.75,397.01,37210.66
752,1262,person,805.26,371.2,99.04,175.86,805.26,371.2,17417.21
752,1261,person,1054.17,423.21,139.34,279.75,1054.17,423.21,38979.03
753,1251,person,663.87,358.12,99.86,259.6,663.87,358.12,25924.06
753,1221,person,167.44,528.96,123.65,89.14,167.44,528.96,11021.96
753,1258,person,931.91,397.64,128.64,283.71,931.91,397.64,36497.07
753,1262,person,802.86,373.58,94.06,167.64,802.86,373.58,15768.34
753,1231,person,1074.31,427.44,162.92,285.77,1074.31,427.44,46558.47
754,1251,person,664.18,358.96,99.4,258.81,664.18,358.96,25724.14
754,1221,person,168.96,529.14,123.27,88.67,168.96,529.14,10930.46
754,1258,person,933.45,397.9,126.18,282.35,933.45,397.9,35627.15
754,1262,person,802.8,375.38,93.67,167.79,802.8,375.38,15716.47
754,1231,person,1077.71,427.19,161.82,286.86,1077.71,427.19,46418.55
755,1251,person,664.74,359.1,99.49,259.6,664.74,359.1,25827.31
755,1221,person,169.78,529.5,122.74,87.99,169.78,529.5,10799.54
755,1258,person,935.03,398.97,124.9,283.15,935.03,398.97,35364.76
755,1262,person,801.94,378.82,102.7,186.62,801.94,378.82,19166.94
755,1231,person,1077.49,427.37,162.54,288.94,1077.49,427.37,46964.27
756,1251,person,665.2,359.45,99.08,259.16,665.2,359.45,25677.4
756,1221,person,170.64,529.9,122.49,87.38,170.64,529.9,10703.29
756,1258,person,936.24,399.29,122.86,281.78,936.24,399.29,34620.9
756,1262,person,800.48,379.72,111.58,206.95,800.48,379.72,23092.42
756,1261,person,1071.82,424.56,144.38,292.36,1071.82,424.56,42211.52
757,1251,person,664.95,359.53,98.43,258.55,664.95,359.53,25448.46
757,1221,person,172.26,530.11,122.64,87.08,172.26,530.11,10678.58
757,1258,person,936.88,399.61,121.3,281.07,936.88,399.61,34092.2
757,1262,person,799.65,378.92,115.31,218.29,799.65,378.92,25170.44
757,1261,person,1073.86,425.1,142.38,292.77,1073.86,425.1,41684.55
758,1251,person,667.45,359.47,98.6,258.53,667.45,359.47,25489.67
758,1221,person,173.45,530.14,122.65,86.72,173.45,530.14,10635.84
758,1258,person,937.81,399.64,119.79,280.04,937.81,399.64,33545.76
758,1262,person,799.54,379.9,115.31,222.46,799.54,379.9,25651.54
758,1261,person,1076.78,424.97,139.01,291.2,1076.78,424.97,40480.89
758,1263,person,1023.8,405.89,81.81,279.47,1023.8,405.89,22864.54
759,1251,person,667.45,359.65,98.47,258.42,667.45,359.65,25447.37
759,1221,person,173.85,530.15,122.68,86.44,173.85,530.15,10603.98
759,1258,person,938.06,399.93,118.84,280.07,938.06,399.93,33282.77
759,1262,person,799.41,379.92,114.11,224.13,799.41,379.92,25574.71
759,1261,person,1080.94,424.31,136.3,290.74,1080.94,424.31,39627.79
759,1263,person,1017.87,409.21,83.29,283.52,1017.87,409.21,23613.21
760,1251,person,668.92,360.01,98.7,258.87,668.92,360.01,25549.34
760,1221,person,174.37,530.11,122.94,86.36,174.37,530.11,10616.71
760,1258,person,938.13,400.12,117.88,279.89,938.13,400.12,32993.91
760,1262,person,798.59,379.91,111.99,224.14,798.59,379.91,25101.99
760,1261,person,1083.77,425.19,133.27,290.12,1083.77,425.19,38662.95
760,1263,person,1015.77,409.91,84.12,284.66,1015.77,409.91,23945.09
761,1251,person,668.42,360.24,97.91,257.32,668.42,360.24,25194.43
761,1221,person,174.83,530.3,122.84,86.11,174.83,530.3,10577.44
761,1258,person,938.58,401.02,117.66,281.01,938.58,401.02,33063.29
761,1262,person,799.34,382.88,107.24,217.97,799.34,382.88,23374.57
761,1261,person,1087.19,425.83,130.57,289.23,1087.19,425.83,37763.44
761,1263,person,1011.46,409.08,83.99,281.43,1011.46,409.08,23637.46
762,1251,person,669.17,360.35,98.36,258.55,669.17,360.35,25431.44
762,1221,person,175.71,530.49,122.71,85.93,175.71,530.49,10544.84
762,1258,person,939.23,401.29,117.22,281.44,939.23,401.29,32990.05
762,1262,person,799.87,385.14,102.61,211.22,799.87,385.14,21672.67
762,1261,person,1090.07,426.17,128.94,290.07,1090.07,426.17,37402.69
762,1263,person,1015.59,404.65,81.79,272.04,1015.59,404.65,22249.61
763,1251,person,670.74,359.98,98.92,259.58,670.74,359.98,25677.12
763,1221,person,177.4,530.66,122.62,85.84,177.4,530.66,10525.44
763,1258,person,939.91,401.31,116.77,281.7,939.91,401.31,32893.89
763,1262,person,800.65,389.4,96.73,200.36,800.65,389.4,19381.57
763,1261,person,1090.49,425.32,127.63,289.49,1090.49,425.32,36948.23
763,1263,person,1017.58,401.74,80.74,266.6,1017.58,401.74,21524.57
764,1251,person,670.61,360.32,98.64,258.99,670.61,360.32,25547.67
764,1221,person,178.66,530.98,122.27,85.62,178.66,530.98,10468.8
764,1258,person,940.27,401.54,116.75,282.19,940.27,401.54,32946.36
764,1262,person,801.26,392.1,93.38,194.56,801.26,392.1,18168.98
764,1261,person,1092.43,425.45,126.86,289.45,1092.43,425.45,36719.93
764,1263,person,1016.9,400.97,81.22,265.32,1016.9,400.97,21548.64
765,1251,person,673.78,360.31,99.69,259.04,673.78,360.31,25822.89
765,1221,person,179.28,530.95,121.57,85.14,179.28,530.95,10351.49
765,1258,person,940.72,401.3,116.45,281.89,940.72,401.3,32826.67
765,1262,person,801.11,393.17,93.05,195.43,801.11,393.17,18184.59
765,1261,person,1094.43,425.21,126.81,289.9,1094.43,425.21,36763.34
765,1263,person,1014.8,403.83,84.21,272.16,1014.8,403.83,22917.12
766,1251,person,675.02,360.1,100.71,259.13,675.02,360.1,26096.54
766,1221,person,178.95,530.9,121.62,85.17,178.95,530.9,10357.45
766,1258,person,940.81,400.9,115.97,281.08,940.81,400.9,32597.43
766,1262,person,801.24,393.58,92.33,195.43,801.24,393.58,18044.26
766,1261,person,1095.53,424.96,126.74,290.15,1095.53,424.96,36772.83
766,1263,person,1013.82,404.86,85.79,274.55,1013.82,404.86,23554.38
767,1251,person,670.59,360.61,99.73,258.02,670.59,360.61,25731.07
767,1221,person,179.02,530.7,122.23,85.53,179.02,530.7,10454.38
767,1258,person,941.18,400.96,116.12,281.45,941.18,400.96,32680.54
767,1262,person,801.52,390.65,93.18,199.89,801.52,390.65,18625.03
767,1261,person,1097.2,424.56,126.67,289.89,1097.2,424.56,36721.03
767,1263,person,1013.45,404.67,86.65,274.43,1013.45,404.67,23777.82
768,1251,person,671.64,360.41,100.11,258.87,671.64,360.41,25916.46
768,1221,person,180.14,530.66,122.87,85.85,180.14,530.66,10549.0
768,1258,person,942.32,401.27,116.65,282.55,942.32,401.27,32959.91
768,1262,person,801.86,389.27,93.61,203.08,801.86,389.27,19010.19
768,1261,person,1100.1,424.07,127.12,290.3,1100.1,424.07,36903.26
768,1263,person,1014.83,404.38,87.42,274.58,1014.83,404.38,24004.96
769,1251,person,674.52,360.17,101.01,259.32,674.52,360.17,26195.18
769,1221,person,181.96,530.93,122.92,85.63,181.96,530.93,10525.12
769,1258,person,943.54,401.67,117.5,283.72,943.54,401.67,33336.9
769,1262,person,803.61,383.99,90.47,197.56,803.61,383.99,17872.98
769,1261,person,1103.68,423.02,126.61,288.45,1103.68,423.02,36521.3
769,1263,person,1016.38,403.46,87.6,273.0,1016.38,403.46,23914.96
770,1251,person,674.32,360.39,101.1,259.35,674.32,360.39,26220.27
770,1221,person,183.39,531.07,122.14,84.93,183.39,531.07,10373.61
770,1258,person,944.76,400.6,117.22,282.38,944.76,400.6,33100.2
770,1262,person,804.62,381.34,90.51,199.65,804.62,381.34,18070.17
770,1261,person,1107.84,423.1,126.53,288.32,1107.84,423.1,36482.92
770,1263,person,1016.76,403.4,87.89,273.15,1016.76,403.4,24008.26
771,1251,person,674.31,360.69,100.8,258.36,674.31,360.69,26042.51
771,1221,person,184.63,531.36,121.43,84.23,184.63,531.36,10227.52
771,1258,person,945.52,400.75,117.11,281.66,945.52,400.75,32985.96
771,1262,person,807.24,382.08,90.26,200.83,807.24,382.08,18126.75
771,1261,person,1111.73,419.93,125.24,284.32,1111.73,419.93,35608.45
771,1263,person,1018.51,402.03,87.9,270.9,1018.51,402.03,23812.88
772,1251,person,674.69,361.31,100.55,257.48,674.69,361.31,25891.3
772,1221,person,185.76,531.6,121.36,83.83,185.76,531.6,10174.0
772,1258,person,946.35,400.3,117.01,281.66,946.35,400.3,32958.32
772,1262,person,807.5,385.76,90.22,202.12,807.5,385.76,18235.63
772,1261,person,1113.65,419.36,125.17,283.16,1113.65,419.36,35443.84
772,1263,person,1020.04,401.67,88.34,270.54,1020.04,401.67,23900.98
773,1251,person,674.52,361.51,100.51,257.24,674.52,361.51,25855.54
773,1221,person,187.35,531.77,121.45,83.42,187.35,531.77,10131.48
773,1258,person,946.92,399.46,116.95,281.85,946.92,399.46,32961.68
773,1262,person,807.71,385.85,90.83,205.14,807.71,385.85,18633.18
773,1261,person,1115.06,420.0,126.04,283.88,1115.06,420.0,35779.59
773,1263,person,1021.34,400.76,88.6,270.04,1021.34,400.76,23924.74
774,1251,person,675.61,361.43,100.45,256.78,675.61,361.43,25794.07
774,1221,person,188.94,532.0,122.02,83.19,188.94,532.0,10150.35
774,1258,person,947.34,398.41,116.67,282.25,947.34,398.41,32929.86
774,1262,person,809.61,378.01,86.44,195.12,809.61,378.01,16865.68
774,1261,person,1118.11,422.71,128.46,288.1,1118.11,422.71,37009.36
774,1263,person,1022.2,402.35,89.73,273.54,1022.2,402.35,24545.14
775,1251,person,677.05,362.06,100.9,257.45,677.05,362.06,25977.98
775,1221,person,190.25,532.25,122.36,82.79,190.25,532.25,10129.78
775,1258,person,947.57,398.13,116.44,282.68,947.57,398.13,32915.18
775,1262,person,810.81,380.26,89.07,202.21,810.81,380.26,18009.68
775,1261,person,1120.41,423.63,129.84,289.23,1120.41,423.63,37554.24
775,1263,person,1022.47,403.09,90.12,274.89,1022.47,403.09,24771.39
776,1251,person,677.19,361.91,100.84,256.8,677.19,361.91,25896.82
776,1221,person,191.3,532.55,122.37,82.21,191.3,532.55,10060.24
776,1258,person,947.7,398.0,115.97,282.57,947.7,398.0,32769.09
776,1262,person,812.3,374.92,84.18,190.9,812.3,374.92,16070.3
776,1261,person,1122.19,423.72,133.03,292.99,1122.19,423.72,38977.89
776,1263,person,1022.62,404.22,90.79,277.34,1022.62,404.22,25178.49
777,1251,person,678.47,362.04,100.88,256.14,678.47,362.04,25838.6
777,1221,person,192.9,532.74,122.6,81.79,192.9,532.74,10028.05
777,1258,person,949.29,397.52,114.75,281.17,949.29,397.52,32263.47
777,1262,person,814.03,372.6,81.66,185.72,814.03,372.6,15165.73
777,1261,person,1123.64,422.74,136.47,297.91,1123.64,422.74,40656.33
777,1263,person,1022.71,405.66,91.78,280.83,1022.71,405.66,25774.39
778,1251,person,679.74,362.37,101.33,256.53,679.74,362.37,25992.67
778,1221,person,193.95,532.82,122.78,81.41,193.95,532.82,9994.97
778,1258,person,950.23,397.59,113.83,280.57,950.23,397.59,31937.5
778,1262,person,814.34,377.73,85.41,195.63,814.34,377.73,16709.33
778,1261,person,1123.95,422.25,138.83,300.82,1123.95,422.25,41762.79
778,1263,person,1022.6,405.88,92.15,282.03,1022.6,405.88,25989.75
779,1251,person,680.87,363.15,101.69,257.19,680.87,363.15,26154.41
779,1221,person,194.7,532.83,123.09,81.2,194.7,532.83,9994.7
779,1258,person,950.19,397.78,113.41,280.75,950.19,397.78,31839.03
779,1262,person,813.92,383.0,88.8,204.96,813.92,383.0,18199.6
779,1261,person,1125.59,421.72,139.57,300.45,1125.59,421.72,41932.09
779,1263,person,1022.55,406.11,92.4,282.74,1022.55,406.11,26126.18
780,1251,person,681.14,363.78,102.06,258.4,681.14,363.78,26372.47
780,1221,person,195.0,532.8,123.46,81.11,195.0,532.8,10014.04
780,1258,person,951.27,397.12,111.99,279.2,951.27,397.12,31267.47
780,1262,person,815.5,383.62,88.0,205.13,815.5,383.62,18050.68
780,1261,person,1128.57,420.83,139.17,297.37,1128.57,420.83,41383.83
780,1263,person,1022.28,406.27,92.53,282.84,1022.28,406.27,26172.52
781,1251,person,681.06,363.73,102.2,259.26,681.06,363.73,26496.96
781,1221,person,195.66,533.07,123.58,80.55,195.66,533.07,9954.81
781,1258,person,952.25,397.0,110.82,278.62,952.25,397.0,30877.13
781,1262,person,815.59,385.43,88.57,208.35,815.59,385.43,18453.53
781,1261,person,1135.95,417.11,136.62,291.63,1135.95,417.11,39843.29
781,1263,person,1022.43,406.13,92.51,282.52,1022.43,406.13,26136.3
782,1251,person,681.21,364.39,101.88,259.45,681.21,364.39,26432.86
782,1221,person,197.21,533.08,124.92,80.79,197.21,533.08,10092.35
782,1258,person,952.53,397.39,110.19,279.31,952.53,397.39,30778.45
782,1262,person,814.62,386.5,88.43,209.34,814.62,386.5,18512.51
782,1261,person,1139.57,415.32,135.68,288.91,1139.57,415.32,39198.32
782,1263,person,1022.25,405.94,92.52,282.11,1022.25,405.94,26100.38
783,1251,person,681.71,364.54,101.8,259.65,681.71,364.54,26431.64
783,1221,person,198.63,533.12,125.88,80.88,198.63,533.12,10181.58
783,1258,person,954.54,397.77,108.77,279.03,954.54,397.77,30348.7
783,1262,person,817.11,386.3,86.6,207.52,817.11,386.3,17971.08
783,1261,person,1141.57,414.98,135.87,289.21,1141.57,414.98,39296.67
783,1263,person,1022.25,405.79,92.62,281.84,1022.25,405.79,26104.24
784,1251,person,682.31,364.49,101.78,259.74,682.31,364.49,26435.88
784,1221,person,199.77,533.19,126.06,80.59,199.77,533.19,10158.6
784,1258,person,956.13,398.33,107.39,278.54,956.13,398.33,29913.36
784,1262,person,818.27,387.83,85.91,207.56,818.27,387.83,17830.94
784,1261,person,1143.21,415.29,136.05,289.71,1143.21,415.29,39415.29
784,1263,person,1022.78,405.6,92.46,280.74,1022.78,405.6,25957.67
785,1251,person,682.86,364.97,101.43,258.8,682.86,364.97,26250.62
785,1221,person,200.72,533.11,126.47,80.52,200.72,533.11,10183.06
785,1258,person,957.13,398.73,106.09,278.05,957.13,398.73,29498.05
785,1262,person,819.88,389.1,85.03,206.72,819.88,389.1,17578.16
785,1261,person,1144.48,413.72,135.41,288.51,1144.48,413.72,39066.95
785,1263,person,1023.1,405.15,91.81,277.74,1023.1,405.15,25500.77
786,1251,person,683.4,364.92,101.64,259.49,683.4,364.92,26374.38
786,1221,person,201.68,532.99,126.55,80.43,201.68,532.99,10178.0
786,1258,person,958.27,399.01,104.79,277.88,958.27,399.01,29120.44
786,1262,person,821.27,388.38,83.38,203.38,821.27,388.38,16958.29
786,1261,person,1144.26,413.25,135.96,289.35,1144.26,413.25,39337.99
786,1263,person,1023.25,405.47,91.45,275.71,1023.25,405.47,25212.3
787,1251,person,684.16,365.58,101.61,259.95,684.16,365.58,26413.82
787,1221,person,202.43,533.04,126.37,80.19,202.43,533.04,10133.93
787,1258,person,958.81,399.27,103.44,277.19,958.81,399.27,28672.8
787,1262,person,818.28,390.8,85.17,206.11,818.28,390.8,17553.84
787,1261,person,1143.41,412.61,136.47,289.5,1143.41,412.61,39507.77
787,1263,person,1023.51,406.75,90.92,273.19,1023.51,406.75,24839.12
788,1251,person,685.66,365.66,101.99,260.72,685.66,365.66,26591.73
788,1221,person,203.26,533.19,126.02,79.78,203.26,533.19,10054.37
788,1258,person,958.79,399.7,102.44,276.89,958.79,399.7,28364.81
788,1262,person,817.4,391.82,84.94,204.8,817.4,391.82,17395.52
788,1261,person,1142.65,411.92,136.94,289.03,1142.65,411.92,39578.45
788,1263,person,1024.31,406.96,90.54,271.59,1024.31,406.96,24588.84
789,1251,person,685.76,365.6,101.52,259.66,685.76,365.6,26360.64
789,1221,person,204.24,533.4,125.94,79.57,204.24,533.4,10020.91
789,1258,person,959.36,399.77,101.05,275.56,959.36,399.77,27845.48
789,1262,person,817.53,393.11,85.65,204.79,817.53,393.11,17539.64
789,1261,person,1141.24,411.44,137.92,289.21,1141.24,411.44,39886.77
789,1263,person,1025.04,407.35,90.16,270.15,1025.04,407.35,24355.25
790,1251,person,685.05,366.21,100.94,258.99,685.05,366.21,26142.33
790,1221,person,204.79,533.55,125.93,79.45,204.79,533.55,10005.46
790,1258,person,959.14,400.39,99.97,274.48,959.14,400.39,27439.24
790,1262,person,819.88,395.9,85.47,201.56,819.88,395.9,17226.94
790,1261,person,1141.91,412.04,139.32,291.7,1141.91,412.04,40638.51
790,1263,person,1025.81,408.0,90.41,271.15,1025.81,408.0,24514.44
791,1251,person,685.68,366.2,100.75,259.11,685.68,366.2,26104.9
791,1221,person,205.11,533.58,126.17,79.54,205.11,533.58,10035.79
791,1258,person,959.29,400.74,99.12,274.1,959.29,400.74,27168.2
791,1262,person,821.01,395.08,86.38,202.2,821.01,395.08,17466.61
791,1261,person,1141.91,412.12,140.02,292.72,1141.91,412.12,40985.21
791,1263,person,1025.95,408.39,90.56,271.71,1025.95,408.39,24606.5
792,1251,person,685.43,366.3,100.33,259.02,685.43,366.3,25987.24
792,1221,person,205.21,533.69,126.35,79.64,205.21,533.69,10062.74
792,1258,person,958.33,401.17,98.63,273.91,958.33,401.17,27015.44
792,1262,person,821.21,396.02,86.77,201.75,821.21,396.02,17505.8
792,1261,person,1141.15,411.64,140.76,293.58,1141.15,411.64,41325.55
792,1263,person,1025.93,408.93,90.58,271.82,1025.93,408.93,24620.93
793,1251,person,685.03,367.19,99.59,258.28,685.03,367.19,25722.76
793,1221,person,205.37,533.83,126.42,79.66,205.37,533.83,10071.13
793,1258,person,957.29,401.56,98.31,273.74,957.29,401.56,26911.88
793,1262,person,821.03,396.35,86.64,200.63,821.03,396.35,17382.27
793,1261,person,1141.44,411.31,141.17,294.28,1141.44,411.31,41543.25
793,1263,person,1026.28,408.88,90.37,271.36,1026.28,408.88,24523.31
794,1251,person,684.84,367.18,99.31,258.75,684.84,367.18,25697.91
794,1221,person,205.66,533.87,126.53,79.75,205.66,533.87,10090.9
794,1258,person,956.42,401.73,98.1,273.34,956.42,401.73,26815.7
794,1262,person,821.5,392.2,87.32,203.27,821.5,392.2,17749.88
794,1261,person,1143.14,411.62,141.03,295.41,1143.14,411.62,41662.94
794,1263,person,1026.0,408.87,90.28,270.79,1026.0,408.87,24447.55
795,1251,person,685.44,366.91,99.25,259.6,685.44,366.91,25765.73
795,1221,person,205.64,533.77,126.59,79.83,205.64,533.77,10106.17
795,1258,person,954.42,401.9,98.68,273.77,954.42,401.9,27015.7
795,1262,person,823.25,390.34,86.79,204.01,823.25,390.34,17706.48
795,1261,person,1143.62,411.32,140.25,295.57,1143.62,411.32,41454.48
795,1263,person,1025.79,408.58,90.0,269.21,1025.79,408.58,24228.01
796,1251,person,685.42,366.84,98.94,259.58,685.42,366.84,25683.45
796,1221,person,205.73,533.78,126.38,79.78,205.73,533.78,10082.24
796,1258,person,953.99,401.84,98.9,273.54,953.99,401.84,27051.93
796,1262,person,821.7,390.96,88.42,208.22,821.7,390.96,18410.88
796,1261,person,1143.25,411.21,139.62,295.49,1143.25,411.21,41257.79
796,1263,person,1025.72,408.5,90.02,268.69,1025.72,408.5,24187.26
797,1251,person,685.35,366.74,98.7,259.83,685.35,366.74,25646.51
797,1221,person,206.01,533.78,126.4,79.83,206.01,533.78,10090.12
797,1258,person,953.41,401.9,99.1,273.21,953.41,401.9,27075.71
797,1262,person,822.7,389.73,86.74,205.01,822.7,389.73,17782.68
797,1261,person,1142.07,410.89,139.08,295.55,1142.07,410.89,41104.4
797,1263,person,1026.0,408.36,89.98,268.3,1026.0,408.36,24141.24
797,1266,person,825.82,390.58,62.95,171.95,825.82,390.58,10824.58
798,1251,person,685.58,366.99,98.53,260.2,685.58,366.99,25637.64
798,1221,person,206.29,533.79,126.3,79.79,206.29,533.79,10077.01
798,1258,person,952.72,402.18,99.33,272.75,952.72,402.18,27092.48
798,1262,person,821.72,391.56,87.17,206.54,821.72,391.56,18004.86
798,1261,person,1141.04,410.28,138.43,294.98,1141.04,410.28,40833.04
798,1263,person,1026.11,408.23,89.97,268.12,1026.11,408.23,24122.23
798,1266,person,823.9,395.02,66.52,181.73,823.9,395.02,12089.53
799,1251,person,686.82,366.94,98.42,259.98,686.82,366.94,25586.51
799,1221,person,207.36,533.78,126.34,79.88,207.36,533.78,10092.02
799,1258,person,952.08,402.44,99.7,272.56,952.08,402.44,27174.66
799,1262,person,821.26,393.75,86.96,206.01,821.26,393.75,17914.08
799,1261,person,1139.55,408.93,137.44,293.24,1139.55,408.93,40302.42
799,1263,person,1025.86,408.15,89.98,267.76,1025.86,408.15,24093.47
799,1266,person,822.46,400.42,69.35,189.97,822.46,400.42,13173.29
800,1251,person,688.59,367.42,98.46,259.36,688.59,367.42,25536.41
800,1221,person,208.31,533.71,126.1,79.92,208.31,533.71,10078.19
800,1258,person,952.05,402.9,100.05,272.67,952.05,402.9,27280.12
800,1262,person,822.02,391.77,84.79,201.22,822.02,391.77,17060.67
800,1261,person,1135.67,407.41,136.24,290.96,1135.67,407.41,39641.67
800,1263,person,1025.6,407.96,90.03,267.31,1025.6,407.96,24064.4
800,1266,person,822.4,397.73,67.9,186.48,822.4,397.73,12662.75
801,1251,person,689.34,367.72,98.59,259.22,689.34,367.72,25556.02
801,1221,person,208.69,533.76,125.48,79.7,208.69,533.76,10001.11
801,1258,person,951.39,403.53,100.72,273.25,951.39,403.53,27522.58
801,1262,person,822.08,395.64,83.43,198.31,822.08,395.64,16543.72
801,1261,person,1132.1,405.15,134.53,288.02,1132.1,405.15,38746.14
801,1263,person,1024.71,409.9,91.14,269.3,1024.71,409.9,24543.55
801,1266,person,822.44,398.04,67.57,186.41,822.44,398.04,12594.99
802,1251,person,689.34,367.32,98.71,259.39,689.34,367.32,25604.1
802,1221,person,209.32,533.78,125.33,79.68,209.32,533.78,9986.78
802,1258,person,951.89,404.05,100.98,273.25,951.89,404.05,27593.69
802,1261,person,1129.69,403.81,133.1,285.78,1129.69,403.81,38036.15
802,1263,person,1026.03,408.78,90.63,267.71,1026.03,408.78,24261.17
802,1266,person,822.64,394.69,65.55,182.09,822.64,394.69,11935.99
803,1251,person,688.74,367.44,99.36,261.98,688.74,367.44,26031.74
803,1221,person,210.0,533.84,125.21,79.75,210.0,533.84,9984.96
803,1258,person,952.43,404.38,101.28,273.43,952.43,404.38,27693.85
803,1261,person,1128.63,403.66,132.5,285.33,1128.63,403.66,37805.29
803,1263,person,1027.42,408.41,90.16,266.6,1027.42,408.41,24035.38
803,1266,person,821.64,399.18,67.45,189.9,821.64,399.18,12809.46
803,1262,person,821.69,395.72,86.17,204.16,821.69,395.72,17591.82
804,1251,person,688.57,368.0,99.36,262.33,688.57,368.0,26066.24
804,1221,person,210.2,533.95,125.05,79.78,210.2,533.95,9976.92
804,1258,person,952.37,404.93,101.55,273.48,952.37,404.93,27772.55
804,1261,person,1127.26,401.81,130.19,280.83,1127.26,401.81,36559.97
804,1263,person,1028.14,408.22,90.24,267.13,1028.14,408.22,24106.82
804,1266,person,821.92,401.68,67.98,193.68,821.92,401.68,13166.82
804,1262,person,822.44,396.65,86.3,204.33,822.44,396.65,17633.15
805,1251,person,688.83,368.28,99.33,262.36,688.83,368.28,26059.18
805,1221,person,210.26,534.09,124.86,79.79,210.26,534.09,9962.59
805,1258,person,951.63,406.92,103.18,277.64,951.63,406.92,28647.49
805,1261,person,1125.68,398.96,127.06,273.97,1125.68,398.96,34809.16
805,1263,person,1028.76,408.08,89.99,266.59,1028.76,408.08,23989.77
805,1266,person,822.92,402.49,67.43,194.23,822.92,402.49,13096.29
805,1262,person,823.47,398.43,84.72,201.3,823.47,398.43,17054.38
806,1251,person,689.41,367.84,99.1,262.26,689.41,367.84,25990.51
806,1221,person,210.84,534.06,124.94,79.97,210.84,534.06,9991.11
806,1258,person,951.58,407.68,103.72,279.06,951.58,407.68,28943.88
806,1261,person,1125.87,397.41,125.53,270.77,1125.87,397.41,33989.43
806,1263,person,1029.23,407.92,89.64,265.64,1029.23,407.92,23810.99
806,1266,person,822.54,402.5,66.73,194.39,822.54,402.5,12972.41
806,1262,person,821.34,399.41,83.99,199.23,821.34,399.41,16733.99
807,1251,person,689.3,367.55,99.04,262.81,689.3,367.55,26028.5
807,1221,person,210.85,534.25,124.35,79.75,210.85,534.25,9917.06
807,1258,person,952.24,408.25,103.88,279.69,952.24,408.25,29053.02
807,1261,person,1124.43,395.41,124.62,268.21,1124.43,395.41,33423.16
807,1263,person,1029.21,408.15,89.57,265.86,1029.21,408.15,23813.27
807,1266,person,822.93,403.19,66.92,197.52,822.93,403.19,13217.95
807,1262,person,821.45,399.46,83.65,198.75,821.45,399.46,16626.6
808,1251,person,689.68,368.75,98.35,261.15,689.68,368.75,25684.99
808,1221,person,210.87,534.46,123.52,79.44,210.87,534.46,9812.67
808,1258,person,952.23,409.2,103.82,279.71,952.23,409.2,29039.87
808,1261,person,1123.36,393.52,123.93,266.03,1123.36,393.52,32968.8
808,1263,person,1029.02,408.31,89.16,265.37,1029.02,408.31,23660.78
808,1266,person,822.43,401.99,65.36,195.08,822.43,401.99,12750.89
809,1251,person,690.61,368.9,98.22,261.05,690.61,368.9,25640.17
809,1221,person,211.49,534.57,123.03,79.37,211.49,534.57,9765.41
809,1258,person,953.17,408.25,102.23,275.32,953.17,408.25,28146.26
809,1261,person,1123.11,392.91,123.73,264.9,1123.11,392.91,32775.17
809,1263,person,1029.2,408.15,89.02,265.76,1029.2,408.15,23657.91
809,1266,person,822.18,400.88,64.17,193.88,822.18,400.88,12442.12
809,1262,person,821.4,399.29,83.15,199.59,821.4,399.29,16596.5
810,1251,person,691.04,369.11,98.27,261.39,691.04,369.11,25685.65
810,1221,person,212.08,534.7,122.47,79.29,212.08,534.7,9710.15
810,1258,person,953.06,409.68,103.12,277.75,953.06,409.68,28641.06
810,1261,person,1124.0,391.37,123.29,264.95,1124.0,391.37,32664.74
810,1263,person,1029.31,408.09,89.0,266.63,1029.31,408.09,23731.36
810,1266,person,821.97,399.75,62.11,189.8,821.97,399.75,11788.18
811,1251,person,692.85,369.62,98.12,260.14,692.85,369.62,25525.35
811,1221,person,212.42,534.88,121.35,78.9,212.42,534.88,9575.16
811,1258,person,953.8,408.81,102.06,274.68,953.8,408.81,28033.93
811,1261,person,1124.73,389.71,121.54,262.31,1124.73,389.71,31879.7
811,1263,person,1028.84,407.89,89.11,267.53,1028.84,407.89,23839.39
811,1266,person,822.07,398.6,60.43,186.28,822.07,398.6,11257.1
811,1262,person,822.1,401.05,80.65,194.53,822.1,401.05,15687.74
812,1251,person,693.35,369.33,98.59,261.02,693.35,369.33,25734.65
812,1221,person,212.85,535.21,120.05,78.43,212.85,535.21,9415.48
812,1258,person,954.71,408.27,101.77,273.82,954.71,408.27,27866.88
812,1261,person,1124.51,388.63,120.37,260.6,1124.51,388.63,31367.2
812,1263,person,1028.69,408.29,89.3,268.64,1028.69,408.29,23989.53
812,1266,person,822.45,394.59,57.5,178.05,822.45,394.59,10236.97
812,1262,person,823.36,400.3,78.54,191.34,823.36,400.3,15028.31
813,1251,person,694.49,369.46,98.41,259.64,694.49,369.46,25551.8
813,1221,person,213.85,535.58,118.56,77.74,213.85,535.58,9217.62
813,1258,person,955.16,408.71,101.66,273.38,955.16,408.71,27790.6
813,1261,person,1124.32,388.44,119.85,260.3,1124.32,388.44,31196.39
813,1263,person,1029.05,408.76,89.13,268.73,1029.05,408.76,23951.92
813,1266,person,823.04,393.18,56.44,175.89,823.04,393.18,9927.65
814,1251,person,693.7,370.72,98.55,260.75,693.7,370.72,25697.76
814,1221,person,214.37,536.06,117.11,76.98,214.37,536.06,9015.27
814,1258,person,955.44,409.55,101.78,273.45,955.44,409.55,27832.16
814,1261,person,1124.92,387.78,118.74,258.96,1124.92,387.78,30749.24
814,1263,person,1029.49,408.8,88.61,267.49,1029.49,408.8,23701.75
814,1266,person,824.41,394.26,57.06,179.44,824.41,394.26,10238.12
814,1262,person,823.89,399.98,78.71,192.53,823.89,399.98,15154.27
815,1251,person,694.8,370.84,97.94,258.14,694.8,370.84,25282.0
815,1221,person,214.94,536.35,116.2,76.58,214.94,536.35,8898.14
815,1258,person,955.83,410.32,102.09,274.27,955.83,410.32,28000.17
815,1261,person,1125.36,387.62,117.97,258.2,1125.36,387.62,30460.65
815,1263,person,1029.87,409.19,88.44,267.45,1029.87,409.19,23653.49
815,1266,person,825.51,393.21,56.1,177.61,825.51,393.21,9962.85
816,1251,person,694.23,371.17,98.0,258.81,694.23,371.17,25363.37
816,1221,person,215.07,536.4,115.81,76.54,215.07,536.4,8864.8
816,1258,person,955.82,410.84,102.38,274.89,955.82,410.84,28144.02
816,1261,person,1126.06,387.15,117.08,257.42,1126.06,387.15,30137.47
816,1263,person,1030.45,409.35,88.34,267.41,1030.45,409.35,23622.41
816,1266,person,826.0,392.66,55.67,177.47,826.0,392.66,9878.87
817,1251,person,694.95,371.83,98.39,258.89,694.95,371.83,25472.63
817,1258,person,955.58,412.29,103.76,278.54,955.58,412.29,28901.66
817,1261,person,1126.14,386.75,116.62,257.49,1126.14,386.75,30029.42
817,1263,person,1031.17,409.18,87.81,266.02,1031.17,409.18,23359.86
817,1266,person,825.72,392.72,55.07,176.37,825.72,392.72,9712.62
818,1251,person,695.36,371.87,98.41,258.31,695.36,371.87,25421.22
818,1258,person,955.31,412.88,104.34,279.84,955.31,412.88,29198.76
818,1261,person,1124.29,386.73,116.7,257.97,1124.29,386.73,30103.36
818,1263,person,1030.85,408.58,87.31,263.91,1030.85,408.58,23042.4
818,1266,person,825.54,391.64,53.88,173.03,825.54,391.64,9323.04
818,1267,person,252.69,608.61,215.38,220.37,252.69,608.61,47463.84
819,1251,person,695.46,372.44,99.05,259.42,695.46,372.44,25696.58
819,1258,person,955.06,413.03,104.57,280.06,955.06,413.03,29285.92
819,1261,person,1122.11,386.56,117.05,258.13,1122.11,386.56,30213.33
819,1263,person,1030.69,408.22,87.05,262.44,1030.69,408.22,22844.49
819,1266,person,825.52,393.17,54.33,175.22,825.52,393.17,9520.52
819,1267,person,252.79,608.57,215.49,220.49,252.79,608.57,47514.59
820,1251,person,695.44,372.53,99.1,259.17,695.44,372.53,25684.67
820,1258,person,954.72,413.0,104.77,280.0,954.72,413.0,29336.83
820,1261,person,1120.35,386.43,117.67,258.23,1120.35,386.43,30385.84
820,1263,person,1029.38,411.59,89.61,269.36,1029.38,411.59,24137.45
820,1266,person,825.61,392.02,53.12,171.56,825.61,392.02,9112.96
820,1267,person,252.78,608.63,215.39,220.39,252.78,608.63,47471.09
821,1251,person,695.1,373.21,99.48,259.94,695.1,373.21,25859.15
821,1258,person,954.85,412.82,104.64,279.24,954.85,412.82,29219.76
821,1261,person,1120.05,386.45,118.13,258.35,1120.05,386.45,30518.44
821,1263,person,1028.72,412.89,90.53,271.14,1028.72,412.89,24546.93
821,1266,person,825.85,393.31,53.36,173.09,825.85,393.31,9235.98
821,1267,person,251.34,608.68,215.15,220.33,251.34,608.68,47403.9
822,1251,person,695.65,372.78,99.25,258.88,695.65,372.78,25693.98
822,1258,person,954.78,413.14,104.82,279.05,954.78,413.14,29250.61
822,1261,person,1120.11,386.79,118.71,258.79,1120.11,386.79,30720.7
822,1263,person,1029.36,413.42,91.15,272.2,1029.36,413.42,24811.9
822,1266,person,826.26,396.04,54.79,179.04,826.26,396.04,9808.87
822,1267,person,251.7,608.83,214.7,219.95,251.7,608.83,47223.24
823,1251,person,697.06,372.35,98.97,257.51,697.06,372.35,25484.36
823,1258,person,955.43,413.38,104.83,278.64,955.43,413.38,29208.32
823,1261,person,1122.25,387.21,118.7,259.09,1122.25,387.21,30753.99
823,1263,person,1030.02,410.65,89.74,266.04,1030.02,410.65,23874.5
823,1266,person,827.09,393.3,53.23,174.1,827.09,393.3,9266.72
823,1267,person,251.24,608.93,214.16,219.61,251.24,608.93,47033.43
824,1251,person,697.7,372.9,99.37,258.31,697.7,372.9,25668.25
824,1258,person,956.18,413.83,105.2,279.09,956.18,413.83,29360.44
824,1261,person,1122.73,387.51,118.76,259.33,1122.73,387.51,30798.46
824,1263,person,1030.61,410.08,89.91,264.23,1030.61,410.08,23755.63
824,1266,person,827.89,393.83,55.09,181.43,827.89,393.83,9995.82
824,1267,person,251.88,608.93,213.68,219.28,251.88,608.93,46855.63
825,1251,person,697.84,373.45,99.17,257.28,697.84,373.45,25515.12
825,1258,person,956.66,414.27,105.57,279.07,956.66,414.27,29461.86
825,1261,person,1123.92,388.32,119.08,260.88,1123.92,388.32,31064.68
825,1263,person,1030.91,410.83,91.48,266.6,1030.91,410.83,24387.27
825,1266,person,828.96,399.4,59.57,198.88,828.96,399.4,11847.33
825,1267,person,252.4,608.93,213.05,218.81,252.4,608.93,46619.34
825,1262,person,831.21,396.8,84.39,212.43,831.21,396.8,17926.66
826,1251,person,699.53,374.99,100.5,260.02,699.53,374.99,26131.32
826,1258,person,957.19,413.89,105.15,277.12,957.19,413.89,29139.1
826,1261,person,1124.16,388.71,119.16,262.05,1124.16,388.71,31227.17
826,1263,person,1032.15,410.07,91.42,264.69,1032.15,410.07,24198.81
826,1266,person,829.96,395.49,57.3,191.4,829.96,395.49,10966.85
826,1267,person,253.04,608.95,212.8,218.76,253.04,608.95,46553.67
826,1262,person,831.44,394.43,81.2,208.7,831.44,394.43,16945.92
827,1251,person,699.92,375.87,100.91,260.25,699.92,375.87,26262.86
827,1258,person,957.84,414.34,105.45,277.24,957.84,414.34,29235.29
827,1261,person,1124.11,389.18,119.17,262.9,1124.11,389.18,31329.38
827,1263,person,1033.41,409.81,91.6,263.94,1033.41,409.81,24176.2
827,1266,person,830.36,391.84,53.62,177.45,830.36,391.84,9515.58
827,1267,person,253.11,609.01,212.42,218.67,253.11,609.01,46449.59
828,1251,person,698.57,376.15,100.68,260.59,698.57,376.15,26235.23
828,1258,person,958.18,414.57,105.74,277.32,958.18,414.57,29322.55
828,1261,person,1124.12,389.28,119.02,263.59,1124.12,389.28,31371.48
828,1263,person,1034.09,409.99,91.68,263.41,1034.09,409.99,24150.52
828,1266,person,830.29,392.76,53.12,174.97,830.29,392.76,9294.07
828,1267,person,252.93,608.94,212.18,218.78,252.93,608.94,46421.13
828,1262,person,831.87,391.61,77.02,200.89,831.87,391.61,15471.54
829,1258,person,958.82,414.68,106.07,277.41,958.82,414.68,29425.34
829,1261,person,1126.02,389.26,118.31,264.23,1126.02,389.26,31259.76
829,1263,person,1034.46,409.1,91.09,260.95,1034.46,409.1,23770.4
829,1266,person,830.38,395.5,53.64,176.34,830.38,395.5,9458.97
829,1267,person,254.06,608.81,212.29,218.91,254.06,608.81,46471.46
830,1258,person,959.62,415.27,106.53,278.1,959.62,415.27,29627.71
830,1261,person,1128.14,389.4,117.36,264.77,1128.14,389.4,31072.03
830,1263,person,1034.85,412.0,92.58,265.09,1034.85,412.0,24542.7
830,1266,person,830.37,390.3,52.0,169.07,830.37,390.3,8791.75
830,1267,person,254.62,608.82,212.17,218.77,254.62,608.82,46417.49
831,1258,person,960.75,415.18,106.47,277.23,960.75,415.18,29516.33
831,1261,person,1129.89,388.49,115.42,262.92,1129.89,388.49,30346.15
831,1263,person,1035.56,413.94,93.16,266.81,1035.56,413.94,24856.2
831,1266,person,830.34,389.22,51.74,165.78,830.34,389.22,8577.71
831,1267,person,256.03,608.84,212.54,218.75,256.03,608.84,46493.74
831,1251,person,699.64,376.71,100.73,262.27,699.64,376.71,26416.95
831,1262,person,833.3,391.54,74.39,194.73,833.3,391.54,14486.35
832,1258,person,961.8,416.35,106.85,277.8,961.8,416.35,29681.85
832,1261,person,1131.45,387.82,113.78,261.88,1131.45,387.82,29795.29
832,1263,person,1036.38,415.67,93.66,268.34,1036.38,415.67,25133.91
832,1266,person,831.45,388.35,51.37,161.41,831.45,388.35,8291.88
832,1267,person,257.58,608.94,212.97,218.41,257.58,608.94,46514.63
832,1251,person,701.01,376.11,100.33,261.07,701.01,376.11,26193.04
833,1258,person,963.24,416.95,107.09,277.99,963.24,416.95,29769.37
833,1261,person,1132.78,387.42,112.33,261.28,1132.78,387.42,29350.17
833,1263,person,1037.09,416.34,94.41,270.18,1037.09,416.34,25507.07
833,1266,person,831.71,391.68,53.92,167.26,831.71,391.68,9017.62
833,1267,person,258.34,609.08,213.35,218.02,258.34,609.08,46512.94
833,1251,person,700.85,376.62,100.03,260.95,700.85,376.62,26102.16
833,1262,person,834.29,394.7,76.86,200.94,834.29,394.7,15444.39
834,1258,person,964.87,417.04,106.66,276.54,964.87,417.04,29494.73
834,1261,person,1133.65,387.27,110.81,260.5,1133.65,387.27,28865.2
834,1263,person,1038.13,416.13,94.51,270.31,1038.13,416.13,25546.12
834,1266,person,832.85,392.41,53.7,163.37,832.85,392.41,8774.0
834,1267,person,259.03,609.07,213.66,217.43,259.03,609.07,46456.0
834,1251,person,701.97,376.58,99.41,259.8,701.97,376.58,25826.13
834,1262,person,834.82,392.86,75.17,196.0,834.82,392.86,14733.66
835,1258,person,965.65,417.75,106.07,274.7,965.65,417.75,29138.96
835,1261,person,1134.41,386.98,109.56,260.26,1134.41,386.98,28513.55
835,1263,person,1039.01,415.85,94.79,271.15,1039.01,415.85,25702.55
835,1266,person,834.09,394.61,54.35,162.38,834.09,394.61,8824.61
835,1267,person,260.13,609.11,214.21,217.03,260.13,609.11,46488.37
835,1251,person,703.11,377.37,99.84,260.87,703.11,377.37,26046.92
835,1262,person,835.52,393.34,75.38,195.93,835.52,393.34,14768.07
836,1258,person,966.7,418.24,105.76,273.54,966.7,418.24,28929.73
836,1261,person,1134.85,387.18,108.87,261.18,1134.85,387.18,28433.98
836,1263,person,1039.89,415.65,94.66,270.82,1039.89,415.65,25634.78
836,1266,person,834.73,398.21,57.0,168.43,834.73,398.21,9599.92
836,1267,person,261.71,609.29,215.19,216.73,261.71,609.29,46638.02
836,1251,person,703.16,378.3,99.57,260.6,703.16,378.3,25949.29
836,1262,person,835.82,398.45,77.72,201.18,835.82,398.45,15636.23
837,1258,person,967.74,418.65,105.84,273.35,967.74,418.65,28931.41
837,1261,person,1134.85,387.04,108.0,261.21,1134.85,387.04,28211.72
837,1263,person,1040.65,415.88,94.61,271.1,1040.65,415.88,25649.82
837,1266,person,835.06,403.29,59.2,173.53,835.06,403.29,10272.95
837,1267,person,263.19,609.38,216.39,216.6,263.19,609.38,46870.55
837,1251,person,702.99,378.5,98.81,259.05,702.99,378.5,25596.54
837,1262,person,835.69,400.45,79.06,204.29,835.69,400.45,16150.81
838,1258,person,968.68,418.88,106.26,273.9,968.68,418.88,29105.03
838,1261,person,1134.22,386.93,107.94,262.75,1134.22,386.93,28360.81
838,1263,person,1041.35,415.09,94.06,269.39,1041.35,415.09,25339.45
838,1266,person,835.88,404.04,58.96,171.13,835.88,404.04,10089.33
838,1267,person,263.79,609.36,217.71,216.78,263.79,609.36,47194.77
838,1251,person,703.52,379.0,98.7,258.86,703.52,379.0,25550.0
838,1262,person,837.03,401.14,78.89,204.41,837.03,401.14,16125.14
839,1258,person,968.92,419.22,106.75,274.71,968.92,419.22,29325.69
839,1261,person,1133.61,387.56,107.85,263.92,1133.61,387.56,28463.76
839,1263,person,1041.59,414.61,93.47,267.42,1041.59,414.61,24995.6
839,1266,person,836.08,405.97,59.82,172.36,836.08,405.97,10310.82
839,1267,person,264.39,609.48,218.67,216.66,264.39,609.48,47376.16
839,1251,person,704.47,379.69,99.05,259.65,704.47,379.69,25716.81
839,1262,person,836.74,407.36,77.01,196.7,836.74,407.36,15147.42
840,1258,person,969.43,419.31,107.01,275.22,969.43,419.31,29452.0
840,1261,person,1133.0,387.37,107.12,262.91,1133.0,387.37,28163.02
840,1263,person,1041.73,414.8,93.36,267.01,1041.73,414.8,24929.05
840,1266,person,836.72,400.12,59.46,169.91,836.72,400.12,10103.01
840,1267,person,264.08,610.08,219.8,216.87,264.08,610.08,47666.96
840,1251,person,705.24,380.29,99.28,260.0,705.24,380.29,25813.6
840,1262,person,837.29,412.9,75.32,190.55,837.29,412.9,14351.52
841,1258,person,969.79,419.37,107.14,275.55,969.79,419.37,29523.86
841,1261,person,1132.59,386.92,106.34,261.37,1132.59,386.92,27794.29
841,1263,person,1041.95,416.25,93.58,267.6,1041.95,416.25,25041.8
841,1266,person,837.99,404.85,60.31,171.03,837.99,404.85,10315.48
841,1267,person,264.26,610.33,220.73,216.98,264.26,610.33,47895.21
841,1251,person,705.01,381.44,99.04,259.5,705.01,381.44,25699.69
841,1262,person,838.21,411.91,77.55,195.45,838.21,411.91,15157.47
842,1258,person,970.2,419.41,107.21,275.77,970.2,419.41,29565.68
842,1261,person,1132.4,386.59,105.59,259.75,1132.4,386.59,27426.54
842,1263,person,1041.87,416.95,93.64,267.29,1041.87,416.95,25029.12
842,1266,person,838.25,397.08,58.72,163.84,838.25,397.08,9620.29
842,1267,person,264.24,610.8,220.74,216.29,264.24,610.8,47743.6
842,1251,person,706.35,381.62,99.44,259.93,706.35,381.62,25846.67
842,1262,person,838.37,411.77,77.2,193.25,838.37,411.77,14918.94
843,1258,person,970.88,419.83,107.25,276.15,970.88,419.83,29618.69
843,1261,person,1132.53,386.4,104.92,258.39,1132.53,386.4,27110.04
843,1263,person,1042.29,417.22,93.39,266.69,1042.29,417.22,24906.75
843,1266,person,838.77,395.48,58.65,161.53,838.77,395.48,9474.16
843,1267,person,263.87,611.23,220.31,215.45,263.87,611.23,47465.44
843,1251,person,705.32,381.98,98.94,259.12,705.32,381.98,25638.21
843,1262,person,838.96,412.97,78.0,194.05,838.96,412.97,15136.03
844,1258,person,971.22,420.52,107.04,275.7,971.22,420.52,29510.15
844,1261,person,1132.42,386.63,104.74,258.19,1132.42,386.63,27041.99
844,1263,person,1042.2,416.89,92.54,263.81,1042.2,416.89,24413.88
844,1266,person,839.33,400.28,62.48,172.04,839.33,400.28,10749.98
844,1267,person,263.56,611.57,219.78,214.73,263.56,611.57,47193.23
844,1251,person,705.49,382.09,99.06,260.1,705.49,382.09,25764.08
844,1262,person,839.6,410.34,80.98,201.44,839.6,410.34,16312.39
845,1258,person,971.94,420.72,106.43,274.54,971.94,420.72,29219.34
845,1261,person,1132.7,386.98,104.58,258.22,1132.7,386.98,27005.05
845,1263,person,1042.61,417.44,92.3,262.72,1042.61,417.44,24249.24
845,1266,person,840.6,408.88,65.46,181.0,840.6,408.88,11847.8
845,1267,person,263.55,611.75,219.62,214.46,263.55,611.75,47100.5
845,1251,person,705.48,382.29,98.43,259.16,705.48,382.29,25507.95
845,1262,person,839.86,407.96,82.95,206.64,839.86,407.96,17139.8
846,1258,person,972.33,421.58,106.05,273.78,972.33,421.58,29034.67
846,1261,person,1132.92,387.39,104.39,258.27,1132.92,387.39,26959.4
846,1263,person,1043.22,417.76,90.93,258.13,1043.22,417.76,23472.1
846,1266,person,842.02,412.78,65.95,183.29,842.02,412.78,12088.54
846,1267,person,262.81,611.94,219.06,214.26,262.81,611.94,46936.18
846,1251,person,705.15,382.48,97.78,258.9,705.15,382.48,25315.57
846,1262,person,839.79,409.0,82.14,204.32,839.79,409.0,16783.8
847,1258,person,972.09,422.5,106.1,273.46,972.09,422.5,29012.74
847,1261,person,1133.03,388.06,104.58,259.37,1133.03,388.06,27124.26
847,1263,person,1043.74,418.26,90.58,256.6,1043.74,418.26,23242.65
847,1266,person,841.69,403.65,60.86,166.67,841.69,403.65,10144.08
847,1267,person,263.41,612.17,218.67,214.03,263.41,612.17,46803.25
847,1251,person,704.91,383.28,96.79,258.35,704.91,383.28,25006.11
847,1262,person,840.16,408.4,79.41,197.83,840.16,408.4,15709.42
848,1258,person,972.37,422.84,106.01,273.12,972.37,422.84,28952.43
848,1261,person,1133.65,388.58,104.3,259.35,1133.65,388.58,27050.16
848,1263,person,1044.18,418.63,90.86,257.12,1044.18,418.63,23361.96
848,1266,person,842.91,411.77,64.93,178.84,842.91,411.77,11611.72
848,1267,person,262.66,612.24,218.32,214.01,262.66,612.24,46722.22
848,1251,person,708.16,383.06,97.23,259.5,708.16,383.06,25230.55
848,1262,person,841.19,409.37,80.76,200.75,841.19,409.37,16211.45
849,1258,person,972.93,422.81,105.79,272.75,972.93,422.81,28853.29
849,1261,person,1133.86,389.08,104.35,260.14,1133.86,389.08,27146.37
849,1263,person,1044.39,418.69,91.53,258.68,1044.39,418.69,23675.67
849,1266,person,843.53,414.43,65.6,181.79,843.53,414.43,11925.57
849,1267,person,262.61,612.17,218.04,214.08,262.61,612.17,46679.31
849,1251,person,709.27,383.04,97.46,259.97,709.27,383.04,25337.11
849,1262,person,841.53,409.57,81.35,202.1,841.53,409.57,16440.5
850,1258,person,972.79,422.82,106.01,273.29,972.79,422.82,28972.23
850,1261,person,1134.36,388.9,103.78,259.55,1134.36,388.9,26936.9
850,1263,person,1044.26,419.01,92.24,260.4,1044.26,419.01,24018.37
850,1266,person,843.53,416.23,66.53,185.83,843.53,416.23,12363.15
850,1267,person,264.02,611.97,218.52,214.54,264.02,611.97,46880.38
850,1251,person,709.09,383.34,96.86,258.55,709.09,383.34,25042.47
850,1262,person,841.69,409.58,82.01,203.45,841.69,409.58,16685.8
851,1258,person,972.81,422.82,106.15,273.49,972.81,422.82,29030.06
851,1261,person,1134.2,388.76,103.46,259.36,1134.2,388.76,26832.62
851,1263,person,1044.04,418.78,92.61,261.17,1044.04,418.78,24187.74
851,1266,person,843.43,416.86,66.1,185.59,843.43,416.86,12268.26
851,1267,person,263.59,611.82,218.67,214.92,263.59,611.82,46995.96
851,1251,person,709.79,382.95,97.33,259.75,709.79,382.95,25282.2
851,1262,person,841.94,409.96,82.24,203.5,841.94,409.96,16735.29
852,1258,person,972.11,422.96,106.24,273.09,972.11,422.96,29012.87
852,1261,person,1133.72,388.74,103.27,259.48,1133.72,388.74,26795.75
852,1263,person,1043.61,418.11,92.06,259.26,1043.61,418.11,23867.72
852,1266,person,843.59,416.66,65.3,183.95,843.59,416.66,12012.21
852,1267,person,262.81,611.68,218.81,215.36,262.81,611.68,47122.6
852,1251,person,707.92,383.39,96.7,259.14,707.92,383.39,25058.11
852,1262,person,841.45,411.7,81.34,200.03,841.45,411.7,16270.52
853,1258,person,972.06,423.18,106.26,272.72,972.06,423.18,28979.07
853,1261,person,1132.79,388.88,103.45,260.2,1132.79,388.88,26918.04
853,1263,person,1043.12,417.28,92.19,259.53,1043.12,417.28,23925.55
853,1266,person,843.4,416.17,65.0,183.51,843.4,416.17,11928.36
853,1267,person,261.7,611.58,218.81,215.68,261.7,611.58,47194.8
853,1251,person,707.49,383.87,95.88,257.48,707.49,383.87,24685.98
853,1262,person,842.29,409.37,82.68,204.0,842.29,409.37,16866.99
854,1258,person,971.98,423.74,106.38,272.49,971.98,423.74,28986.95
854,1261,person,1131.97,388.85,103.65,260.73,1131.97,388.85,27023.85
854,1263,person,1042.26,417.63,92.54,260.56,1042.26,417.63,24111.66
854,1266,person,843.21,413.81,64.48,181.86,843.21,413.81,11726.67
854,1267,person,260.18,611.19,219.08,216.5,260.18,611.19,47431.45
854,1251,person,708.09,383.19,96.51,258.81,708.09,383.19,24977.69
854,1262,person,841.64,409.53,83.38,205.66,841.64,409.53,17147.86
855,1258,person,971.08,424.06,106.98,273.07,971.08,424.06,29212.25
855,1261,person,1130.82,388.91,104.11,261.6,1130.82,388.91,27234.21
855,1263,person,1041.03,418.71,93.23,262.83,1041.03,418.71,24504.02
855,1266,person,842.92,411.91,64.4,181.42,842.92,411.91,11683.45
855,1267,person,257.85,610.55,219.32,217.6,257.85,610.55,47725.88
855,1251,person,708.0,383.07,96.54,258.44,708.0,383.07,24950.62
855,1262,person,841.23,408.83,83.89,207.09,841.23,408.83,17371.87
856,1258,person,969.87,423.79,107.59,274.01,969.87,423.79,29482.16
856,1261,person,1130.13,388.67,104.49,262.21,1130.13,388.67,27398.77
856,1263,person,1038.88,421.38,95.32,269.19,1038.88,421.38,25658.82
856,1267,person,256.94,609.96,219.72,218.67,256.94,609.96,48045.5
856,1251,person,706.14,383.15,95.97,257.12,706.14,383.15,24676.21
856,1262,person,841.02,411.57,81.64,201.29,841.02,411.57,16432.48
857,1258,person,968.59,423.59,108.32,275.18,968.59,423.59,29807.46
857,1261,person,1129.68,388.33,104.83,262.63,1129.68,388.33,27531.12
857,1263,person,1038.9,421.3,95.82,271.44,1038.9,421.3,26008.99
857,1267,person,257.21,609.43,220.41,219.84,257.21,609.43,48456.91
857,1251,person,706.42,382.53,96.71,258.43,706.42,382.53,24994.11
857,1262,person,840.07,415.07,79.41,193.96,840.07,415.07,15402.02
857,1266,person,842.02,408.08,61.83,172.33,842.02,408.08,10654.65
858,1258,person,967.28,423.46,108.96,275.86,967.28,423.46,30057.83
858,1261,person,1129.83,388.16,105.32,263.18,1129.83,388.16,27717.99
858,1263,person,1038.81,421.65,95.94,272.6,1038.81,421.65,26153.34
858,1267,person,258.28,609.15,221.08,220.56,258.28,609.15,48761.36
858,1251,person,705.85,382.18,97.1,259.32,705.85,382.18,25180.77
858,1262,person,840.15,416.82,78.33,190.23,840.15,416.82,14900.77
859,1258,person,966.03,423.56,109.33,275.56,966.03,423.56,30128.35
859,1261,person,1130.19,388.4,105.87,263.62,1130.19,388.4,27910.29
859,1263,person,1038.48,421.71,95.87,273.01,1038.48,421.71,26174.42
859,1267,person,258.95,609.09,221.32,220.69,258.95,609.09,48843.17
859,1262,person,839.77,418.46,77.63,187.39,839.77,418.46,14547.48
860,1258,person,966.68,422.8,109.58,276.21,966.68,422.8,30267.46
860,1261,person,1130.54,388.73,106.49,263.97,1130.54,388.73,28110.21
860,1263,person,1038.24,421.63,95.28,271.79,1038.24,421.63,25896.7
860,1267,person,259.45,608.94,221.76,221.04,259.45,608.94,49019.32
860,1262,person,838.96,418.7,77.53,185.98,838.96,418.7,14419.94
860,1266,person,840.71,400.49,62.21,171.19,840.71,400.49,10650.31
861,1258,person,965.11,423.53,109.44,274.95,965.11,423.53,30090.57
861,1261,person,1130.75,388.79,106.91,263.93,1130.75,388.79,28215.72
861,1263,person,1037.31,422.38,94.86,271.01,1037.31,422.38,25708.05
861,1267,person,259.01,608.81,221.71,221.16,259.01,608.81,49032.05
861,1262,person,837.78,416.81,79.55,190.09,837.78,416.81,15120.95
861,1251,person,707.06,380.83,96.21,255.29,707.06,380.83,24561.57
862,1258,person,966.15,423.16,109.51,275.36,966.15,423.16,30153.43
862,1261,person,1131.24,388.92,107.33,263.61,1131.24,388.92,28294.27
862,1263,person,1036.83,422.7,94.56,270.35,1036.83,422.7,25563.8
862,1267,person,258.3,608.85,221.38,221.04,258.3,608.85,48935.42
862,1262,person,837.36,415.18,81.34,194.27,837.36,415.18,15802.14
863,1258,person,966.42,422.97,109.12,274.91,966.42,422.97,29999.53
863,1261,person,1130.68,389.15,108.47,264.57,1130.68,389.15,28698.67
863,1263,person,1036.35,423.5,94.56,270.45,1036.35,423.5,25574.33
863,1267,person,259.27,608.93,221.37,220.91,259.27,608.93,48902.95
863,1262,person,836.9,415.93,81.39,193.56,836.9,415.93,15753.1
864,1258,person,965.71,423.34,108.98,275.25,965.71,423.34,29997.24
864,1261,person,1131.6,389.29,108.85,264.08,1131.6,389.29,28744.31
864,1263,person,1035.43,424.73,94.67,270.64,1035.43,424.73,25620.43
864,1267,person,259.94,608.88,221.46,220.88,259.94,608.88,48915.34
864,1262,person,837.84,415.65,77.98,188.16,837.84,415.65,14673.52
865,1258,person,964.68,423.74,108.88,275.55,964.68,423.74,30001.88
865,1261,person,1132.12,389.42,109.27,263.51,1132.12,389.42,28793.79
865,1263,person,1034.73,425.17,94.55,270.19,1034.73,425.17,25546.15
865,1267,person,260.49,608.81,221.91,220.99,260.49,608.81,49039.06
865,1262,person,836.92,417.8,78.3,187.8,836.92,417.8,14703.96
866,1258,person,963.42,423.62,108.66,275.62,963.42,423.62,29948.54
866,1261,person,1132.0,389.45,109.89,263.31,1132.0,389.45,28935.54
866,1263,person,1034.64,425.07,93.91,268.5,1034.64,425.07,25214.74
866,1267,person,258.99,608.7,222.02,221.13,258.99,608.7,49093.61
866,1262,person,835.79,416.06,80.19,191.88,835.79,416.06,15386.26
867,1258,person,963.03,423.21,108.63,277.32,963.03,423.21,30125.87
867,1261,person,1131.25,389.11,110.5,263.29,1131.25,389.11,29093.74
867,1263,person,1033.89,424.93,93.71,267.98,1033.89,424.93,25112.02
867,1267,person,259.18,608.55,222.64,221.46,259.18,608.55,49306.19
867,1262,person,835.18,417.35,78.44,187.09,835.18,417.35,14674.67
867,1266,person,837.19,395.34,62.12,166.82,837.19,395.34,10363.26
868,1258,person,961.37,423.04,108.13,277.79,961.37,423.04,30037.95
868,1261,person,1130.37,388.49,110.91,262.79,1130.37,388.49,29144.81
868,1263,person,1033.85,425.92,94.02,269.84,1033.85,425.92,25370.46
868,1267,person,258.15,608.61,222.77,221.45,258.15,608.61,49333.1
868,1262,person,834.82,417.21,78.86,187.8,834.82,417.21,14809.87
869,1258,person,959.17,423.08,107.4,276.72,959.17,423.08,29719.72
869,1261,person,1129.24,388.23,111.53,262.8,1129.24,388.23,29310.95
869,1263,person,1033.24,425.38,93.83,270.02,1033.24,425.38,25335.69
869,1267,person,257.15,608.68,222.82,221.37,257.15,608.68,49326.35
869,1262,person,834.14,417.84,78.0,185.83,834.14,417.84,14494.84
870,1258,person,957.85,423.18,106.65,275.65,957.85,423.18,29397.77
870,1261,person,1128.52,388.2,112.01,262.56,1128.52,388.2,29409.16
870,1263,person,1032.69,425.14,93.56,269.96,1032.69,425.14,25258.14
870,1267,person,255.33,608.79,222.29,221.03,255.33,608.79,49132.34
870,1262,person,833.53,418.14,77.55,184.58,833.53,418.14,14314.45
870,1251,person,700.57,381.87,96.78,256.99,700.57,381.87,24871.67
871,1258,person,957.07,423.02,106.09,274.77,957.07,423.02,29150.17
871,1261,person,1128.24,387.78,112.32,262.21,1128.24,387.78,29451.34
871,1263,person,1032.68,424.87,93.56,270.48,1032.68,424.87,25307.68
871,1267,person,254.71,608.9,221.93,220.73,254.71,608.9,48987.97
871,1262,person,833.75,413.07,81.82,195.82,833.75,413.07,16022.87
871,1251,person,698.83,382.3,96.54,257.26,698.83,382.3,24835.22
872,1258,person,955.95,422.72,105.56,273.53,955.95,422.72,28875.11
872,1261,person,1127.62,387.25,112.44,261.39,1127.62,387.25,29391.06
872,1263,person,1031.8,424.48,93.57,270.76,1031.8,424.48,25334.85
872,1267,person,254.29,609.04,221.69,220.45,254.29,609.04,48872.35
872,1262,person,833.59,415.26,79.86,191.18,833.59,415.26,15267.4
873,1258,person,954.78,422.29,105.05,272.22,954.78,422.29,28597.22
873,1261,person,1126.31,386.78,112.65,260.45,1126.31,386.78,29339.72
873,1263,person,1030.13,424.18,93.92,271.82,1030.13,424.18,25530.17
873,1267,person,254.59,609.1,221.78,220.27,254.59,609.1,48850.85
873,1262,person,832.99,416.44,78.63,187.8,832.99,416.44,14767.21
873,1266,person,834.52,396.5,62.95,165.39,834.52,396.5,10410.87
874,1258,person,954.0,421.88,104.95,271.88,954.0,421.88,28534.23
874,1261,person,1124.85,386.63,113.04,259.67,1124.85,386.63,29352.8
874,1263,person,1028.66,423.36,94.01,271.69,1028.66,423.36,25542.63
874,1267,person,254.88,609.15,222.03,220.11,254.88,609.15,48870.5
874,1262,person,832.61,417.26,77.74,185.08,832.61,417.26,14387.5
874,1266,person,834.59,395.26,62.66,160.87,834.59,395.26,10080.53
874,1251,person,696.69,382.94,96.36,256.26,696.69,382.94,24693.57
875,1258,person,953.59,421.37,104.7,271.16,953.59,421.37,28390.6
875,1261,person,1123.94,386.33,113.41,258.77,1123.94,386.33,29346.38
875,1263,person,1027.0,423.09,93.89,270.68,1027.0,423.09,25412.72
875,1267,person,253.48,609.11,221.98,220.06,253.48,609.11,48847.73
875,1262,person,832.4,416.34,77.29,183.29,832.4,416.34,14166.23
875,1266,person,834.46,393.63,62.97,158.08,834.46,393.63,9953.89
875,1251,person,695.93,382.38,96.12,254.88,695.93,382.38,24498.97
876,1258,person,953.3,420.71,104.59,271.02,953.3,420.71,28345.4
876,1261,person,1122.74,386.36,114.15,258.56,1122.74,386.36,29515.52
876,1263,person,1025.21,423.2,94.49,271.52,1025.21,423.2,25656.41
876,1267,person,252.87,609.13,222.01,219.89,252.87,609.13,48818.92
876,1262,person,830.68,415.36,77.76,183.01,830.68,415.36,14231.62
876,1251,person,695.33,382.54,95.86,252.89,695.33,382.54,24242.82
877,1258,person,952.5,420.87,104.68,271.32,952.5,420.87,28401.34
877,1261,person,1121.12,386.62,115.31,259.38,1121.12,386.62,29908.87
877,1263,person,1023.92,423.04,95.04,272.3,1023.92,423.04,25878.56
877,1267,person,252.16,608.99,222.62,220.25,252.16,608.99,49031.48
877,1262,person,830.09,414.84,77.74,182.31,830.09,414.84,14172.57
877,1251,person,693.21,381.52,96.61,255.13,693.21,381.52,24647.7
878,1258,person,951.08,420.95,105.15,272.43,951.08,420.95,28647.45
878,1261,person,1119.76,386.64,116.6,260.79,1119.76,386.64,30406.67
878,1263,person,1023.17,423.32,95.71,274.07,1023.17,423.32,26231.02
878,1267,person,250.98,608.74,223.47,220.89,250.98,608.74,49362.49
878,1262,person,827.67,413.09,79.32,184.88,827.67,413.09,14664.24
878,1251,person,692.61,382.48,95.8,252.45,692.61,382.48,24184.44
878,1266,person,831.5,394.48,66.66,166.2,831.5,394.48,11079.72
879,1258,person,950.03,420.88,105.36,272.87,950.03,420.88,28749.18
879,1261,person,1119.31,386.37,117.93,262.77,1119.31,386.37,30989.31
879,1263,person,1022.44,422.79,95.38,272.71,1022.44,422.79,26010.29
879,1267,person,249.84,608.28,224.77,221.93,249.84,608.28,49883.38
879,1262,person,826.99,409.53,81.68,190.73,826.99,409.53,15579.29
879,1251,person,691.91,382.3,95.85,252.38,691.91,382.3,24191.14
880,1258,person,949.12,420.66,105.46,272.89,949.12,420.66,28779.21
880,1261,person,1119.05,386.55,118.8,263.93,1119.05,386.55,31354.07
880,1263,person,1021.99,422.24,95.07,271.39,1021.99,422.24,25799.65
880,1267,person,248.56,608.01,225.41,222.42,248.56,608.01,50134.31
880,1262,person,824.48,410.06,81.6,189.56,824.48,410.06,15467.76
880,1266,person,830.41,402.41,66.55,166.18,830.41,402.41,11059.64
881,1258,person,948.75,420.55,105.25,272.1,948.75,420.55,28637.21
881,1261,person,1119.0,386.85,119.4,264.7,1119.0,386.85,31605.64
881,1263,person,1021.6,422.49,95.19,271.14,1021.6,422.49,25810.1
881,1267,person,248.33,607.98,225.73,222.39,248.33,607.98,50198.7
881,1262,person,822.89,411.25,81.14,187.5,822.89,411.25,15212.71
881,1266,person,828.68,406.69,66.66,167.86,828.68,406.69,11189.89
882,1258,person,948.6,420.46,105.21,271.78,948.6,420.46,28594.68
882,1261,person,1119.08,386.74,119.93,265.52,1119.08,386.74,31845.47
882,1263,person,1021.42,422.43,95.3,271.1,1021.42,422.43,25834.94
882,1267,person,248.03,607.91,226.2,222.43,248.03,607.91,50314.73
882,1262,person,822.93,410.66,80.87,186.45,822.93,410.66,15078.18
882,1266,person,828.59,403.85,63.81,160.27,828.59,403.85,10226.54
883,1258,person,948.13,420.41,105.38,271.86,948.13,420.41,28648.33
883,1261,person,1118.27,387.11,120.77,266.71,1118.27,387.11,32209.71
883,1263,person,1021.13,422.4,95.16,270.33,1021.13,422.4,25724.39
883,1267,person,247.5,607.8,226.7,222.56,247.5,607.8,50455.34
883,1262,person,823.49,403.6,84.32,196.37,823.49,403.6,16556.99
883,1266,person,828.29,400.87,65.73,166.48,828.29,400.87,10942.51
883,1251,person,691.19,381.06,95.69,250.46,691.19,381.06,23966.13
884,1258,person,947.48,421.16,106.08,272.09,947.48,421.16,28862.97
884,1261,person,1117.44,387.48,121.24,267.5,1117.44,387.48,32431.91
884,1263,person,1020.89,421.78,95.22,270.27,1020.89,421.78,25734.63
884,1267,person,247.22,607.78,226.98,222.54,247.22,607.78,50510.38
884,1262,person,822.22,402.22,86.69,202.7,822.22,402.22,17573.43
884,1266,person,828.03,404.33,69.61,178.81,828.03,404.33,12447.07
884,1251,person,690.3,381.45,96.16,251.36,690.3,381.45,24171.88
885,1258,person,947.04,421.53,106.73,272.29,947.04,421.53,29060.55
885,1261,person,1116.86,387.54,121.3,267.49,1116.86,387.54,32445.7
885,1263,person,1020.94,421.38,95.13,269.94,1020.94,421.38,25680.62
885,1267,person,246.74,607.84,227.24,222.55,246.74,607.84,50573.2
885,1262,person,821.82,401.51,86.94,204.32,821.82,401.51,17763.21
885,1266,person,827.43,407.31,68.86,178.73,827.43,407.31,12307.36
886,1258,person,946.7,421.61,107.33,272.52,946.7,421.61,29248.64
886,1261,person,1116.08,387.5,121.67,268.07,1116.08,387.5,32615.83
886,1263,person,1020.81,420.88,95.0,269.37,1020.81,420.88,25589.15
886,1267,person,246.01,607.88,227.44,222.61,246.01,607.88,50630.88
886,1262,person,820.12,402.39,87.14,205.49,820.12,402.39,17906.07
886,1266,person,826.27,409.27,68.79,180.84,826.27,409.27,12440.74
887,1258,person,946.52,421.48,108.03,273.25,946.52,421.48,29519.39
887,1261,person,1116.29,385.07,120.16,265.57,1116.29,385.07,31909.81
887,1263,person,1020.78,420.57,94.77,268.62,1020.78,420.57,25457.66
887,1267,person,245.41,607.81,227.85,222.89,245.41,607.81,50785.31
887,1262,person,819.76,403.24,87.71,207.67,819.76,403.24,18215.44
887,1266,person,825.1,408.7,67.22,177.56,825.1,408.7,11935.97
888,1258,person,946.24,421.73,108.25,273.09,946.24,421.73,29561.7
888,1261,person,1116.14,384.3,119.33,264.48,1116.14,384.3,31559.49
888,1263,person,1020.35,420.53,94.92,268.82,1020.35,420.53,25517.36
888,1267,person,243.77,607.27,227.26,222.54,243.77,607.27,50574.54
888,1262,person,820.45,403.83,87.13,207.46,820.45,403.83,18075.51
888,1266,person,824.53,409.87,68.32,181.79,824.53,409.87,12419.91
888,1251,person,687.72,382.02,96.25,251.78,687.72,382.02,24234.57
889,1258,person,945.95,421.95,108.6,273.39,945.95,421.95,29690.38
889,1261,person,1115.22,383.87,118.22,263.0,1115.22,383.87,31091.26
889,1263,person,1019.89,421.02,95.2,269.5,1019.89,421.02,25655.94
889,1267,person,243.64,606.97,227.13,222.48,243.64,606.97,50531.7
889,1262,person,820.37,404.32,86.71,207.29,820.37,404.32,17974.47
889,1266,person,823.43,409.42,67.09,178.11,823.43,409.42,11949.27
889,1251,person,687.81,382.36,97.05,252.98,687.81,382.36,24551.7
890,1258,person,945.54,422.02,108.96,273.91,945.54,422.02,29844.0
890,1261,person,1112.19,386.16,119.19,265.92,1112.19,386.16,31693.82
890,1263,person,1019.71,420.6,95.1,269.14,1019.71,420.6,25596.89
890,1267,person,244.63,607.35,228.0,223.03,244.63,607.35,50849.45
890,1262,person,820.6,404.64,85.96,206.97,820.6,404.64,17790.59
890,1266,person,822.27,410.25,66.24,176.1,822.27,410.25,11664.27
890,1251,person,687.96,381.8,96.47,250.49,687.96,381.8,24163.3
891,1258,person,945.47,422.16,109.27,274.47,945.47,422.16,29991.99
891,1261,person,1110.25,386.98,119.22,267.21,1110.25,386.98,31857.21
891,1263,person,1019.53,420.88,95.6,270.79,1019.53,420.88,25886.8
891,1267,person,243.73,606.89,227.75,222.87,243.73,606.89,50759.33
891,1262,person,820.81,404.58,84.8,205.99,820.81,404.58,17466.75
891,1266,person,822.18,407.59,64.65,171.44,822.18,407.59,11084.31
891,1251,person,688.15,381.75,96.97,250.9,688.15,381.75,24329.5
892,1258,person,945.31,422.2,109.54,274.85,945.31,422.2,30107.88
892,1261,person,1109.15,387.41,118.83,267.54,1109.15,387.41,31793.21
892,1263,person,1019.4,420.21,95.51,271.1,1019.4,420.21,25893.31
892,1267,person,244.8,607.23,228.53,223.39,244.8,607.23,51050.28
892,1262,person,819.85,404.16,84.79,207.59,819.85,404.16,17602.0
892,1266,person,821.3,407.46,65.83,175.33,821.3,407.46,11541.22
893,1258,person,945.17,422.1,109.52,274.59,945.17,422.1,30073.58
893,1261,person,1108.58,387.51,118.34,267.64,1108.58,387.51,31670.89
893,1263,person,1019.51,420.0,95.49,271.66,1019.51,420.0,25939.91
893,1267,person,245.44,607.37,228.86,223.5,245.44,607.37,51150.25
893,1262,person,818.66,404.49,83.95,206.24,818.66,404.49,17315.2
893,1266,person,820.91,406.18,65.86,175.96,820.91,406.18,11589.58
894,1258,person,945.38,421.99,109.22,273.72,945.38,421.99,29896.86
894,1261,person,1108.33,387.67,117.92,267.8,1108.33,387.67,31579.59
894,1263,person,1019.33,419.77,95.43,272.16,1019.33,419.77,25972.23
894,1267,person,245.9,607.51,229.19,223.58,245.9,607.51,51241.35
894,1262,person,819.43,405.12,83.54,206.04,819.43,405.12,17211.21
894,1266,person,820.2,397.38,63.0,166.85,820.2,397.38,10511.77
895,1258,person,944.85,421.97,109.03,272.99,944.85,421.97,29764.62
895,1261,person,1108.3,387.65,117.23,267.28,1108.3,387.65,31332.4
895,1263,person,1019.12,419.45,95.14,272.11,1019.12,419.45,25889.48
895,1267,person,245.74,607.65,229.42,223.65,245.74,607.65,51310.94
895,1262,person,818.09,405.86,82.78,204.36,818.09,405.86,16917.27
895,1266,person,819.79,403.1,65.36,173.44,819.79,403.1,11335.79
895,1251,person,685.28,381.9,95.86,248.25,685.28,381.9,23798.09
896,1258,person,943.75,421.82,108.7,271.99,943.75,421.82,29564.84
896,1261,person,1107.3,387.51,116.77,266.97,1107.3,387.51,31174.07
896,1263,person,1018.25,418.5,94.12,269.83,1018.25,418.5,25396.52
896,1267,person,244.62,607.47,229.57,223.93,244.62,607.47,51407.41
896,1266,person,818.69,407.28,67.78,181.8,818.69,407.28,12323.18
896,1251,person,684.56,381.24,96.99,251.37,684.56,381.24,24381.47
897,1258,person,942.59,420.99,108.2,270.79,942.59,420.99,29298.64
897,1261,person,1106.45,387.24,116.45,266.87,1106.45,387.24,31076.23
897,1263,person,1017.17,417.73,93.48,268.7,1017.17,417.73,25116.32
897,1267,person,241.44,606.76,228.72,223.76,241.44,606.76,51177.01
897,1266,person,817.49,406.93,66.38,178.91,817.49,406.93,11875.87
897,1251,person,683.67,380.87,97.86,253.88,683.67,380.87,24845.06
897,1262,person,816.23,405.64,82.09,203.13,816.23,405.64,16674.22
898,1258,person,940.9,420.04,108.29,271.23,940.9,420.04,29373.23
898,1261,person,1106.06,385.8,115.49,265.44,1106.06,385.8,30655.92
898,1263,person,1016.3,417.31,93.74,270.53,1016.3,417.31,25359.76
898,1267,person,236.88,606.83,227.56,224.05,236.88,606.83,50984.8
898,1266,person,815.1,407.21,65.74,178.95,815.1,407.21,11763.49
898,1251,person,683.28,378.4,99.15,257.27,683.28,378.4,25507.51
898,1262,person,816.09,403.68,82.13,205.38,816.09,403.68,16868.29
899,1258,person,939.25,419.13,108.29,271.47,939.25,419.13,29397.79
899,1261,person,1104.45,383.92,115.07,264.66,1104.45,383.92,30454.59
899,1263,person,1014.93,416.94,94.4,273.96,1014.93,416.94,25861.34
899,1267,person,231.22,606.44,225.97,224.77,231.22,606.44,50792.59
899,1266,person,813.14,406.26,64.46,176.65,813.14,406.26,11387.28
899,1251,person,681.04,378.54,98.01,253.72,681.04,378.54,24866.56
899,1262,person,815.28,401.63,81.33,205.0,815.28,401.63,16672.88
900,1258,person,938.48,418.5,108.19,271.53,938.48,418.5,29378.56
900,1261,person,1102.83,382.6,114.75,264.27,1102.83,382.6,30323.66
900,1263,person,1013.57,416.55,94.29,273.99,1013.57,416.55,25835.56
900,1267,person,228.01,606.11,224.32,225.36,228.01,606.11,50554.01
900,1266,person,811.51,408.98,64.77,179.39,811.51,408.98,11619.12
900,1251,person,680.18,377.62,98.52,254.67,680.18,377.62,25090.94
900,1262,person,813.35,401.76,81.28,206.29,813.35,401.76,16767.58
901,1258,person,938.02,418.87,107.97,271.22,938.02,418.87,29282.76
901,1261,person,1101.57,382.4,114.61,264.6,1101.57,382.4,30325.93
901,1263,person,1013.78,416.93,94.1,274.88,1013.78,416.93,25866.31
901,1267,person,227.5,606.18,222.41,225.29,227.5,606.18,50106.34
901,1266,person,810.83,410.37,64.85,181.73,810.83,410.37,11786.07
901,1251,person,679.26,378.37,99.19,256.47,679.26,378.37,25438.99
901,1262,person,813.81,402.52,81.81,208.0,813.81,402.52,17016.53
902,1258,person,938.01,419.28,107.52,270.26,938.01,419.28,29058.35
902,1261,person,1100.35,382.84,114.59,265.57,1100.35,382.84,30431.07
902,1263,person,1013.77,417.62,93.55,274.17,1013.77,417.62,25647.21
902,1267,person,228.73,606.32,220.9,225.11,228.73,606.32,49727.14
902,1266,person,810.54,408.54,62.46,176.5,810.54,408.54,11023.78
902,1251,person,679.43,377.85,98.55,254.15,679.43,377.85,25046.53
902,1262,person,814.59,399.68,79.53,203.93,814.59,399.68,16219.88
903,1258,person,938.14,419.33,107.38,270.16,938.14,419.33,29010.16
903,1261,person,1099.66,383.12,114.3,266.18,1099.66,383.12,30423.68
903,1263,person,1013.32,419.0,93.28,273.13,1013.32,419.0,25476.65
903,1267,person,229.69,606.35,219.52,224.84,229.69,606.35,49357.13
903,1266,person,810.31,409.95,62.41,177.93,810.31,409.95,11105.73
903,1251,person,679.57,378.11,98.64,254.01,679.57,378.11,25053.98
903,1262,person,814.15,401.36,80.96,208.07,814.15,401.36,16845.49
904,1258,person,938.0,419.64,107.28,270.0,938.0,419.64,28966.56
904,1261,person,1098.95,383.44,113.93,266.75,1098.95,383.44,30389.19
904,1263,person,1013.7,418.88,93.01,273.05,1013.7,418.88,25395.79
904,1267,person,230.38,606.45,218.34,224.61,230.38,606.45,49041.6
904,1266,person,810.13,412.37,62.72,180.36,810.13,412.37,11313.2
904,1251,person,679.08,379.02,99.18,255.38,679.08,379.02,25328.6
904,1262,person,813.62,402.91,81.14,208.8,813.62,402.91,16941.91
905,1258,person,938.21,419.69,107.0,269.53,938.21,419.69,28839.79
905,1261,person,1098.84,383.98,113.05,266.32,1098.84,383.98,30107.43
905,1263,person,1014.69,418.1,91.56,268.69,1014.69,418.1,24599.75
905,1267,person,230.93,606.7,217.32,224.32,230.93,606.7,48748.82
905,1266,person,810.07,413.69,62.57,181.49,810.07,413.69,11356.21
905,1251,person,679.49,378.6,98.78,254.01,679.49,378.6,25092.37
905,1262,person,813.51,403.48,81.39,209.78,813.51,403.48,17073.47
906,1258,person,938.16,419.79,107.15,269.94,938.16,419.79,28924.84
906,1261,person,1098.71,384.29,112.54,266.56,1098.71,384.29,29999.39
906,1263,person,1013.9,419.38,92.18,269.58,1013.9,419.38,24850.29
906,1267,person,231.13,606.82,216.76,224.31,231.13,606.82,48619.89
906,1266,person,810.4,414.31,62.77,183.38,810.4,414.31,11510.93
906,1251,person,680.11,379.13,99.3,255.14,680.11,379.13,25335.1
906,1262,person,813.35,403.93,81.33,209.7,813.35,403.93,17055.5
907,1258,person,937.65,419.83,107.59,270.75,937.65,419.83,29130.5
907,1261,person,1098.61,383.97,111.61,266.04,1098.61,383.97,29693.3
907,1263,person,1013.38,419.95,92.74,270.09,1013.38,419.95,25049.36
907,1267,person,229.7,606.84,216.06,224.36,229.7,606.84,48475.98
907,1266,person,810.3,414.0,63.88,187.7,810.3,414.0,11990.84
907,1251,person,679.92,379.69,99.84,256.54,679.92,379.69,25612.18
907,1262,person,813.08,404.06,81.4,209.73,813.08,404.06,17071.28
908,1258,person,937.14,419.68,107.95,271.05,937.14,419.68,29259.89
908,1261,person,1098.59,383.36,110.36,264.82,1098.59,383.36,29226.04
908,1263,person,1012.93,418.9,92.49,267.81,1012.93,418.9,24769.37
908,1267,person,230.41,606.76,216.22,224.66,230.41,606.76,48576.74
908,1266,person,809.52,414.02,63.98,188.79,809.52,414.02,12078.59
908,1251,person,679.18,379.35,99.61,255.42,679.18,379.35,25441.77
908,1262,person,811.94,405.28,80.85,207.34,811.94,405.28,16763.32
909,1258,person,937.35,418.99,108.29,272.2,937.35,418.99,29477.87
909,1261,person,1098.25,383.08,109.35,264.17,1098.25,383.08,28888.16
909,1263,person,1012.45,418.44,92.66,266.83,1012.45,418.44,24723.24
909,1267,person,232.17,606.68,216.79,224.88,232.17,606.68,48751.94
909,1266,person,808.86,414.2,63.21,186.91,808.86,414.2,11813.92
909,1251,person,679.28,379.23,99.78,255.27,679.28,379.23,25470.85
909,1262,person,810.51,407.46,79.27,202.05,810.51,407.46,16017.13
910,1258,person,937.01,418.66,108.51,272.99,937.01,418.66,29622.54
910,1261,person,1097.67,382.6,108.24,262.97,1097.67,382.6,28462.77
910,1263,person,1012.01,418.23,93.02,266.1,1012.01,418.23,24753.55
910,1267,person,231.41,606.58,216.99,224.99,231.41,606.58,48820.44
910,1266,person,808.21,411.87,61.19,180.46,808.21,411.87,11043.05
910,1251,person,679.08,378.99,100.1,255.58,679.08,378.99,25582.31
910,1262,person,808.98,408.97,77.77,197.1,808.98,408.97,15328.29
911,1258,person,936.74,418.23,108.59,273.37,936.74,418.23,29684.76
911,1261,person,1096.85,382.7,107.75,262.96,1096.85,382.7,28333.3
911,1263,person,1012.1,418.04,93.17,264.61,1012.1,418.04,24652.8
911,1267,person,231.12,606.51,217.28,225.13,231.12,606.51,48916.77
911,1266,person,808.25,411.07,62.29,183.03,808.25,411.07,11400.16
911,1251,person,678.23,378.77,100.09,255.11,678.23,378.77,25534.25
912,1258,person,936.72,418.27,108.65,273.67,936.72,418.27,29734.38
912,1261,person,1096.63,383.03,107.25,262.9,1096.63,383.03,28197.28
912,1263,person,1011.89,418.22,94.12,265.19,1011.89,418.22,24958.43
912,1267,person,230.71,606.7,217.0,224.7,230.71,606.7,48759.65
912,1266,person,808.12,410.82,63.1,184.98,808.12,410.82,11672.34
912,1251,person,677.53,379.1,100.39,255.68,677.53,379.1,25666.89
913,1258,person,936.47,418.43,108.78,274.12,936.47,418.43,29818.54
913,1261,person,1096.8,383.46,106.78,262.67,1096.8,383.46,28047.52
913,1263,person,1012.12,419.42,94.92,265.23,1012.12,419.42,25175.89
913,1267,person,230.77,606.94,216.78,224.21,230.77,606.94,48604.41
913,1251,person,677.11,379.76,100.75,256.51,677.11,379.76,25842.7
913,1262,person,809.69,405.54,81.12,205.44,809.69,405.54,16665.44
914,1258,person,935.98,418.37,108.79,274.43,935.98,418.37,29856.67
914,1261,person,1096.57,383.62,106.48,262.45,1096.57,383.62,27946.37
914,1263,person,1012.56,419.23,94.89,262.92,1012.56,419.23,24948.81
914,1267,person,231.12,606.84,217.39,224.51,231.12,606.84,48806.34
914,1251,person,677.13,379.45,100.39,255.35,677.13,379.45,25633.93
914,1262,person,809.7,403.66,82.25,207.31,809.7,403.66,17050.46
914,1266,person,807.44,407.79,64.7,189.73,807.44,407.79,12275.41
915,1258,person,935.32,418.14,108.59,274.35,935.32,418.14,29790.92
915,1261,person,1096.27,383.34,106.33,262.62,1096.27,383.34,27922.79
915,1263,person,1012.68,418.93,95.23,261.86,1012.68,418.93,24937.15
915,1267,person,230.98,606.82,217.87,224.66,230.98,606.82,48947.13
915,1251,person,675.38,378.07,99.66,253.83,675.38,378.07,25297.42
915,1266,person,807.56,406.75,64.24,187.39,807.56,406.75,12038.65
916,1258,person,935.11,417.73,108.4,274.2,935.11,417.73,29722.25
916,1261,person,1096.49,383.21,105.99,262.25,1096.49,383.21,27795.73
916,1263,person,1014.06,418.02,94.71,258.19,1014.06,418.02,24453.99
916,1267,person,230.5,606.84,218.04,224.6,230.5,606.84,48972.43
916,1251,person,675.08,377.86,100.0,254.78,675.08,377.86,25478.21
916,1266,person,806.31,406.52,64.28,187.95,806.31,406.52,12082.41
917,1258,person,934.93,417.94,108.25,274.47,934.93,417.94,29710.54
917,1261,person,1097.1,383.1,105.43,261.35,1097.1,383.1,27553.69
917,1263,person,1014.48,419.56,96.44,260.4,1014.48,419.56,25112.36
917,1267,person,230.68,606.97,217.92,224.24,230.68,606.97,48867.91
917,1251,person,673.8,378.68,99.57,254.79,673.8,378.68,25368.55
917,1266,person,806.13,405.85,64.71,189.67,806.13,405.85,12272.43
918,1258,person,934.84,418.17,108.03,274.47,934.84,418.17,29651.45
918,1261,person,1097.58,383.07,104.93,260.69,1097.58,383.07,27354.51
918,1263,person,1015.09,420.24,96.89,259.38,1015.09,420.24,25131.91
918,1267,person,230.04,607.1,217.52,223.93,230.04,607.1,48710.1
918,1251,person,673.88,379.57,99.31,254.83,673.88,379.57,25307.96
918,1266,person,806.52,405.74,64.81,190.33,806.52,405.74,12334.93
919,1258,person,934.88,418.75,107.61,273.88,934.88,418.75,29471.26
919,1261,person,1098.01,383.13,104.34,259.52,1098.01,383.13,27077.68
919,1263,person,1015.39,421.95,98.51,261.29,1015.39,421.95,25738.66
919,1267,person,231.27,607.26,217.66,223.81,231.27,607.26,48712.87
919,1251,person,675.55,379.78,100.09,256.6,675.55,379.78,25682.35
919,1266,person,806.34,405.36,66.28,195.61,806.34,405.36,12964.33
920,1258,person,934.7,419.0,107.4,273.64,934.7,419.0,29388.07
920,1261,person,1098.13,383.31,104.09,258.99,1098.13,383.31,26958.07
920,1263,person,1015.38,424.31,101.56,265.9,1015.38,424.31,27005.17
920,1267,person,231.49,607.49,217.61,223.53,231.49,607.49,48642.1
920,1251,person,675.91,379.9,100.61,257.94,675.91,379.9,25951.72
920,1266,person,806.56,404.83,66.42,196.64,806.56,404.83,13059.87
921,1258,person,934.33,419.11,107.24,273.54,934.33,419.11,29334.16
921,1261,person,1097.99,383.31,103.79,257.99,1097.99,383.31,26777.29
921,1263,person,1015.71,425.75,103.11,266.49,1015.71,425.75,27477.65
921,1267,person,232.15,607.45,218.04,223.62,232.15,607.45,48757.91
921,1251,person,676.75,380.04,100.88,258.34,676.75,380.04,26062.45
921,1266,person,807.03,398.1,67.97,202.71,807.03,398.1,13778.03
921,1262,person,807.44,394.83,88.53,224.95,807.44,394.83,19914.42
922,1258,person,933.73,419.03,107.15,273.29,933.73,419.03,29282.47
922,1261,person,1097.88,383.17,103.89,257.93,1097.88,383.17,26794.69
922,1263,person,1016.6,425.94,103.96,266.06,1016.6,425.94,27659.04
922,1267,person,233.4,607.52,218.69,223.54,233.4,607.52,48887.05
922,1251,person,676.12,380.42,100.29,256.67,676.12,380.42,25741.43
922,1266,person,807.16,396.15,68.75,205.97,807.16,396.15,14160.57
923,1258,person,933.42,419.14,107.15,273.37,933.42,419.14,29290.84
923,1261,person,1098.13,383.29,103.87,257.76,1098.13,383.29,26774.03
923,1263,person,1017.31,427.09,105.07,266.33,1017.31,427.09,27983.89
923,1267,person,233.37,607.59,219.1,223.45,233.37,607.59,48959.44
923,1251,person,676.71,380.71,100.51,256.52,676.71,380.71,25783.59
923,1262,person,808.6,394.85,87.76,226.03,808.6,394.85,19836.73
924,1258,person,933.35,419.32,107.15,273.48,933.35,419.32,29303.61
924,1261,person,1098.24,383.98,104.16,258.4,1098.24,383.98,26914.92
924,1263,person,1016.94,427.54,106.38,266.67,1016.94,427.54,28367.43
924,1267,person,232.84,607.78,219.11,223.19,232.84,607.78,48903.32
924,1251,person,676.98,380.53,100.85,256.59,676.98,380.53,25876.85
924,1262,person,809.22,394.59,87.14,227.07,809.22,394.59,19787.1
925,1258,person,933.54,419.37,107.18,273.42,933.54,419.37,29305.64
925,1261,person,1098.75,384.53,104.22,258.73,1098.75,384.53,26964.81
925,1263,person,1016.99,428.13,107.52,266.82,1016.99,428.13,28689.8
925,1267,person,232.42,607.99,219.02,222.87,232.42,607.99,48811.5
925,1251,person,677.2,380.44,101.28,256.97,677.2,380.44,26025.48
925,1262,person,810.5,393.03,85.69,226.34,810.5,393.03,19395.04
926,1258,person,933.69,419.49,107.3,273.6,933.69,419.49,29357.5
926,1261,person,1098.77,385.25,104.49,259.45,1098.77,385.25,27109.56
926,1263,person,1017.76,429.02,108.55,267.41,1017.76,429.02,29026.37
926,1267,person,232.46,608.23,218.9,222.5,232.46,608.23,48703.49
926,1251,person,678.01,379.86,100.84,254.81,678.01,379.86,25694.12
926,1262,person,810.54,393.9,84.69,224.39,810.54,393.9,19004.65
927,1258,person,932.54,420.47,107.42,273.44,932.54,420.47,29372.76
927,1261,person,1098.19,385.94,105.03,260.41,1098.19,385.94,27351.36
927,1263,person,1017.88,429.43,109.42,267.36,1017.88,429.43,29253.17
927,1267,person,232.06,608.39,218.56,222.18,232.06,608.39,48558.16
927,1251,person,678.89,381.02,101.84,256.27,678.89,381.02,26098.49
927,1262,person,810.97,394.62,84.46,224.93,810.97,394.62,18997.4
928,1258,person,931.68,421.34,107.4,272.76,931.68,421.34,29293.94
928,1261,person,1098.01,386.38,105.27,260.66,1098.01,386.38,27438.91
928,1263,person,1018.42,429.72,109.79,266.9,1018.42,429.72,29302.14
928,1267,person,231.94,608.61,218.05,221.73,231.94,608.61,48348.51
928,1251,person,679.36,381.54,102.35,256.42,679.36,381.54,26244.11
928,1262,person,811.19,396.1,83.45,223.2,811.19,396.1,18625.88
929,1258,person,931.35,421.93,107.69,272.69,931.35,421.93,29366.56
929,1261,person,1096.03,386.72,106.13,261.44,1096.03,386.72,27747.38
929,1263,person,1016.76,428.66,109.05,264.1,1016.76,428.66,28798.96
929,1267,person,231.04,608.8,217.17,221.17,231.04,608.8,48032.85
929,1251,person,679.45,381.59,102.73,256.96,679.45,381.59,26396.88
929,1262,person,811.78,399.05,81.41,217.97,811.78,399.05,17743.73
930,1258,person,931.48,422.53,108.0,272.54,931.48,422.53,29435.52
930,1261,person,1095.11,386.85,106.67,261.43,1095.11,386.85,27887.66
930,1263,person,1015.67,427.5,108.07,260.42,1015.67,427.5,28144.78
930,1267,person,231.11,608.99,216.64,220.9,231.11,608.99,47857.46
930,1251,person,678.97,381.9,102.83,256.85,678.97,381.9,26411.58
930,1262,person,812.57,399.1,80.77,217.13,812.57,399.1,17537.54
931,1258,person,931.9,422.7,108.49,272.79,931.9,422.7,29594.13
931,1261,person,1095.86,387.14,106.92,261.45,1095.86,387.14,27954.59
931,1263,person,1015.1,427.56,108.8,259.92,1015.1,427.56,28278.18
931,1267,person,231.66,609.23,216.13,220.52,231.66,609.23,47661.39
931,1251,person,678.56,381.9,102.53,256.04,678.56,381.9,26252.88
931,1262,person,813.23,408.41,74.56,199.08,813.23,408.41,14843.06
932,1258,person,932.45,422.04,108.64,272.65,932.45,422.04,29620.92
932,1261,person,1093.8,387.15,108.1,262.15,1093.8,387.15,28336.93
932,1263,person,1014.02,426.68,105.8,253.18,1014.02,426.68,26786.46
932,1267,person,231.19,609.69,214.96,219.62,231.19,609.69,47210.48
932,1251,person,678.76,382.24,102.49,255.89,678.76,382.24,26225.5
932,1262,person,814.44,413.96,70.9,187.92,814.44,413.96,13323.74
933,1258,person,932.6,421.78,108.71,272.3,932.6,421.78,29601.33
933,1261,person,1094.03,387.43,108.39,261.53,1094.03,387.43,28348.6
933,1263,person,1013.22,426.04,104.36,249.56,1013.22,426.04,26044.08
933,1267,person,230.74,609.94,214.22,219.11,230.74,609.94,46937.25
933,1251,person,680.51,383.21,103.03,256.06,680.51,383.21,26381.33
933,1262,person,813.68,415.83,70.34,183.91,813.68,415.83,12935.75
933,1266,person,817.28,395.21,55.3,158.13,817.28,395.21,8745.22
934,1258,person,932.81,421.9,108.85,272.26,932.81,421.9,29634.89
934,1261,person,1094.18,387.34,108.45,260.4,1094.18,387.34,28239.23
934,1263,person,1012.84,426.97,104.42,249.89,1012.84,426.97,26094.09
934,1267,person,230.02,610.01,213.7,218.95,230.02,610.01,46790.07
934,1251,person,680.88,383.46,103.54,256.59,680.88,383.46,26568.07
934,1262,person,813.79,416.76,70.8,182.15,813.79,416.76,12896.62
934,1266,person,819.69,395.31,56.38,154.02,819.69,395.31,8683.65
935,1258,person,932.81,422.19,108.97,271.99,932.81,422.19,29637.62
935,1261,person,1094.49,387.22,108.47,259.55,1094.49,387.22,28154.02
935,1263,person,1012.83,427.79,104.44,250.56,1012.83,427.79,26169.18
935,1267,person,229.51,610.1,213.14,218.75,229.51,610.1,46623.94
935,1251,person,680.03,383.31,103.76,257.03,680.03,383.31,26668.71
935,1262,person,813.81,411.69,75.74,194.45,813.81,411.69,14727.9
935,1266,person,819.72,397.54,58.73,156.42,819.72,397.54,9186.35
936,1258,person,932.86,422.33,108.98,271.42,932.86,422.33,29579.3
936,1261,person,1095.01,387.14,108.56,259.16,1095.01,387.14,28134.64
936,1263,person,1012.69,427.59,104.08,249.9,1012.69,427.59,26008.63
936,1267,person,229.38,610.2,212.79,218.6,229.38,610.2,46515.16
936,1251,person,678.82,383.69,104.03,258.29,678.82,383.69,26869.1
936,1262,person,814.31,408.09,78.51,201.54,814.31,408.09,15822.98
936,1266,person,820.19,397.36,59.6,154.97,820.19,397.36,9236.32
937,1258,person,932.8,422.48,109.11,271.49,932.8,422.48,29621.46
937,1261,person,1094.94,387.38,108.87,259.4,1094.94,387.38,28240.65
937,1263,person,1011.52,429.24,105.13,252.48,1011.52,429.24,26543.27
937,1267,person,229.81,610.21,212.9,218.67,229.81,610.21,46555.75
937,1251,person,677.92,383.8,103.86,258.75,677.92,383.8,26873.48
937,1262,person,816.02,406.84,79.55,204.5,816.02,406.84,16268.71
937,1266,person,821.63,396.66,60.39,153.75,821.63,396.66,9284.61
938,1258,person,932.62,422.5,109.04,271.17,932.62,422.5,29567.82
938,1261,person,1094.68,387.32,108.96,259.22,1094.68,387.32,28245.37
938,1263,person,1010.64,428.82,104.77,251.43,1010.64,428.82,26341.48
938,1267,person,230.77,610.21,213.22,218.75,230.77,610.21,46641.84
938,1251,person,678.56,383.5,103.53,257.98,678.56,383.5,26709.68
938,1262,person,816.16,404.78,81.83,209.43,816.16,404.78,17138.5
938,1266,person,822.72,395.0,62.96,157.14,822.72,395.0,9894.02
939,1258,person,932.52,422.64,109.11,271.33,932.52,422.64,29604.11
939,1261,person,1094.25,387.23,109.06,259.09,1094.25,387.23,28254.65
939,1263,person,1009.24,430.18,105.53,253.32,1009.24,430.18,26733.97
939,1267,person,232.02,610.2,213.87,218.91,232.02,610.2,46819.16
939,1251,person,677.29,383.62,102.99,257.35,677.29,383.62,26505.12
939,1262,person,816.78,404.11,81.69,206.97,816.78,404.11,16908.49
939,1266,person,823.7,394.59,64.7,158.68,823.7,394.59,10266.04
940,1258,person,932.95,423.35,109.53,272.47,932.95,423.35,29842.82
940,1261,person,1092.45,386.68,110.37,261.1,1092.45,386.68,28818.11
940,1263,person,1008.24,429.62,104.79,251.1,1008.24,429.62,26311.66
940,1267,person,232.69,610.28,214.35,218.84,232.69,610.28,46907.69
940,1251,person,677.66,383.58,102.96,257.99,677.66,383.58,26564.05
940,1262,person,819.88,403.56,82.13,206.67,819.88,403.56,16973.98
940,1266,person,826.46,394.67,64.68,155.28,826.46,394.67,10044.16
941,1258,person,932.29,427.18,112.05,279.02,932.29,427.18,31262.8
941,1261,person,1091.31,386.79,111.22,262.0,1091.31,386.79,29139.25
941,1263,person,1007.79,426.78,102.47,244.98,1007.79,426.78,25104.36
941,1267,person,232.63,610.25,214.87,218.89,232.63,610.25,47034.57
941,1251,person,677.53,383.92,102.94,258.63,677.53,383.92,26623.15
941,1262,person,821.68,403.77,83.14,207.73,821.68,403.77,17271.16
941,1266,person,828.48,395.93,64.37,151.21,828.48,395.93,9733.6
942,1258,person,932.28,425.52,110.74,277.42,932.28,425.52,30720.14
942,1261,person,1090.48,386.99,111.82,262.42,1090.48,386.99,29344.43
942,1263,person,1006.94,425.23,101.4,241.61,1006.94,425.23,24498.18
942,1267,person,232.87,610.27,215.52,218.89,232.87,610.27,47174.93
942,1251,person,676.58,384.19,102.45,258.42,676.58,384.19,26475.67
942,1262,person,823.41,403.55,82.57,204.68,823.41,403.55,16900.76
942,1266,person,830.36,395.96,64.86,149.69,830.36,395.96,9708.77
943,1258,person,931.96,426.91,110.94,280.0,931.96,426.91,31061.89
943,1261,person,1090.15,386.92,112.03,262.2,1090.15,386.92,29373.4
943,1263,person,1006.44,426.45,101.88,242.68,1006.44,426.45,24724.02
943,1267,person,233.11,610.19,216.34,219.11,233.11,610.19,47401.95
943,1251,person,677.26,384.07,102.23,257.72,677.26,384.07,26346.98
943,1262,person,825.49,400.94,82.52,201.06,825.49,400.94,16592.01
943,1266,person,832.14,395.75,66.63,150.43,832.14,395.75,10023.29
944,1258,person,932.22,429.5,111.66,284.6,932.22,429.5,31777.17
944,1261,person,1089.62,386.91,112.23,261.75,1089.62,386.91,29376.53
944,1263,person,1005.17,431.44,105.15,250.35,1005.17,431.44,26323.62
944,1267,person,233.78,610.14,217.05,219.21,233.78,610.14,47579.96
944,1251,person,677.15,384.17,102.31,258.47,677.15,384.17,26444.11
944,1262,person,830.1,401.7,81.22,190.24,830.1,401.7,15451.37
945,1258,person,932.18,431.0,111.81,287.89,932.18,431.0,32187.25
945,1261,person,1089.37,387.14,112.88,262.31,1089.37,387.14,29608.15
945,1263,person,1003.68,433.8,106.02,252.84,1003.68,433.8,26804.83
945,1267,person,232.06,610.15,216.91,219.09,232.06,610.15,47521.78
945,1251,person,677.64,384.69,102.31,258.73,677.64,384.69,26470.37
945,1262,person,833.54,397.76,82.64,188.28,833.54,397.76,15559.01
946,1258,person,930.31,434.06,112.83,292.45,930.31,434.06,32997.51
946,1261,person,1089.71,387.32,113.07,262.14,1089.71,387.32,29640.13
946,1263,person,1004.85,434.72,105.23,252.67,1004.85,434.72,26589.83
946,1267,person,231.11,610.15,216.69,219.06,231.11,610.15,47468.32
946,1251,person,677.35,384.38,102.26,259.34,677.35,384.38,26519.43
946,1262,person,833.05,401.53,85.91,189.78,833.05,401.53,16304.48
947,1258,person,928.96,433.16,111.55,289.82,928.96,433.16,32328.93
947,1261,person,1090.34,387.21,112.98,261.75,1090.34,387.21,29571.03
947,1263,person,1003.76,435.7,104.42,251.87,1003.76,435.7,26300.13
947,1267,person,230.92,610.12,216.6,219.1,230.92,610.12,47456.77
947,1251,person,677.49,384.45,102.07,259.28,677.49,384.45,26466.18
947,1262,person,833.67,401.36,87.9,189.08,833.67,401.36,16619.54
948,1258,person,928.33,432.66,110.69,288.26,928.33,432.66,31907.56
948,1261,person,1093.78,387.26,111.02,259.64,1093.78,387.26,28825.11
948,1263,person,1003.0,436.51,104.06,251.96,1003.0,436.51,26220.26
948,1267,person,232.78,609.97,217.41,219.47,232.78,609.97,47714.09
948,1251,person,676.72,384.83,102.11,259.92,676.72,384.83,26541.07
948,1262,person,830.42,402.18,93.66,195.41,830.42,402.18,18301.96
949,1258,person,927.89,431.76,109.84,286.3,927.89,431.76,31447.85
949,1261,person,1094.68,387.22,109.47,258.47,1094.68,387.22,28295.71
949,1263,person,1003.08,438.25,104.32,251.97,1003.08,438.25,26283.88
949,1267,person,233.67,609.7,218.41,220.07,233.67,609.7,48064.9
949,1251,person,676.07,384.5,101.79,259.79,676.07,384.5,26445.07
949,1262,person,831.76,399.17,96.1,196.42,831.76,399.17,18876.78
950,1258,person,927.41,430.66,108.82,283.84,927.41,430.66,30887.64
950,1261,person,1095.21,387.59,108.5,258.73,1095.21,387.59,28071.83
950,1263,person,1002.44,438.91,104.66,250.81,1002.44,438.91,26250.79
950,1267,person,234.06,609.75,218.68,220.01,234.06,609.75,48110.26
950,1251,person,675.81,384.51,101.31,258.98,675.81,384.51,26236.9
950,1262,person,834.46,393.61,93.72,187.55,834.46,393.61,17576.65
951,1258,person,926.29,431.74,108.96,285.19,926.29,431.74,31074.03
951,1261,person,1095.92,388.3,107.76,259.56,1095.92,388.3,27969.02
951,1263,person,996.77,440.33,105.31,251.48,996.77,440.33,26482.42
951,1267,person,234.72,609.98,218.5,219.39,234.72,609.98,47936.55
951,1251,person,676.17,385.11,100.87,258.5,676.17,385.11,26074.48
951,1262,person,832.73,396.84,97.93,191.41,832.73,396.84,18743.78
952,1258,person,925.49,432.99,108.61,285.62,925.49,432.99,31020.24
952,1261,person,1096.1,388.59,106.67,259.15,1096.1,388.59,27642.93
952,1263,person,996.24,443.2,105.03,248.71,996.24,443.2,26121.05
952,1267,person,234.96,610.29,217.7,218.43,234.96,610.29,47553.75
952,1251,person,676.41,385.44,100.6,258.3,676.41,385.44,25986.41
953,1258,person,924.22,432.55,107.33,284.1,924.22,432.55,30491.54
953,1261,person,1096.29,388.71,105.75,258.67,1096.29,388.71,27354.4
953,1263,person,995.89,443.71,106.34,249.83,995.89,443.71,26567.53
953,1267,person,235.01,610.49,217.05,217.89,235.01,610.49,47291.87
953,1251,person,677.44,385.27,100.63,258.48,677.44,385.27,26010.63
954,1258,person,923.59,433.11,106.58,284.3,923.59,433.11,30302.25
954,1261,person,1096.33,389.13,105.21,258.77,1096.33,389.13,27223.85
954,1263,person,995.88,444.23,107.22,250.21,995.88,444.23,26826.2
954,1267,person,234.96,610.53,216.64,217.72,234.96,610.53,47165.99
954,1251,person,677.18,386.08,100.32,258.5,677.18,386.08,25931.5
955,1258,person,921.2,432.41,103.83,279.94,921.2,432.41,29066.4
955,1261,person,1095.95,389.68,104.96,259.22,1095.95,389.68,27208.54
955,1263,person,994.24,446.16,107.56,249.79,994.24,446.16,26868.53
955,1267,person,235.06,610.55,216.35,217.64,235.06,610.55,47086.25
955,1251,person,677.45,386.48,100.07,258.47,677.45,386.48,25864.93
955,1262,person,841.43,395.47,88.64,165.93,841.43,395.47,14707.41
956,1258,person,919.56,430.34,100.63,274.68,919.56,430.34,27640.77
956,1261,person,1095.57,389.84,104.59,259.18,1095.57,389.84,27106.65
956,1263,person,991.09,447.63,107.85,251.07,991.09,447.63,27077.95
956,1267,person,235.43,610.66,216.37,217.58,235.43,610.66,47078.12
956,1251,person,678.11,385.73,99.89,257.81,678.11,385.73,25752.42
956,1266,person,856.77,391.05,69.16,146.83,856.77,391.05,10155.45
957,1258,person,916.64,434.6,97.41,269.22,916.64,434.6,26224.97
957,1261,person,1094.4,390.18,104.77,259.92,1094.4,390.18,27231.21
957,1263,person,986.98,448.28,107.4,251.19,986.98,448.28,26977.77
957,1267,person,235.94,610.38,217.26,218.26,235.94,610.38,47419.39
957,1251,person,677.4,385.17,99.89,258.13,677.4,385.17,25784.8
958,1258,person,915.46,432.88,96.7,271.0,915.46,432.88,26206.15
958,1261,person,1093.54,390.41,104.94,260.24,1093.54,390.41,27310.59
958,1263,person,983.56,448.55,106.6,251.14,983.56,448.55,26772.09
958,1267,person,236.2,610.32,217.55,218.4,236.2,610.32,47512.48
958,1251,person,677.1,385.2,99.82,258.34,677.1,385.2,25786.76
958,1262,person,843.2,399.54,88.13,158.06,843.2,399.54,13930.71
959,1258,person,915.19,432.26,96.5,274.09,915.19,432.26,26449.8
959,1261,person,1093.9,390.75,105.01,260.47,1093.9,390.75,27353.11
959,1263,person,982.21,448.66,106.11,251.51,982.21,448.66,26686.34
959,1267,person,236.24,610.43,217.31,218.18,236.24,610.43,47411.8
959,1251,person,676.7,385.64,99.9,259.51,676.7,385.64,25923.84
960,1261,person,1095.1,391.02,104.92,260.82,1095.1,391.02,27365.47
960,1263,person,977.26,449.97,105.85,252.72,977.26,449.97,26749.78
960,1267,person,236.1,610.47,216.82,217.92,236.1,610.47,47248.73
960,1251,person,677.07,386.24,99.43,258.97,677.07,386.24,25750.39
961,1261,person,1095.66,391.24,104.91,261.14,1095.66,391.24,27396.91
961,1263,person,975.08,450.49,105.52,253.28,975.08,450.49,26727.04
961,1267,person,236.17,610.56,216.44,217.69,236.17,610.56,47116.24
961,1251,person,678.7,386.27,99.35,258.52,678.7,386.27,25684.69
961,1284,person,953.22,452.79,138.83,261.3,953.22,452.79,36277.04
961,1285,person,835.45,410.66,133.5,188.47,835.45,410.66,25160.44
962,1261,person,1095.66,391.27,104.9,261.39,1095.66,391.27,27420.28
962,1267,person,236.4,610.53,216.55,217.82,236.4,610.53,47168.86
962,1251,person,679.05,386.28,99.41,258.64,679.05,386.28,25711.17
962,1284,person,955.88,454.91,136.45,257.08,955.88,454.91,35079.29
963,1261,person,1094.35,391.67,105.48,262.42,1094.35,391.67,27680.99
963,1267,person,236.59,610.66,217.06,218.18,236.59,610.66,47358.23
963,1251,person,679.65,386.19,100.03,259.68,679.65,386.19,25975.37
963,1284,person,949.74,458.03,138.44,260.58,949.74,458.03,36075.2
964,1261,person,1092.93,391.83,106.14,262.97,1092.93,391.83,27910.71
964,1267,person,237.4,610.7,217.63,218.43,237.4,610.7,47536.77
964,1251,person,679.66,385.86,100.25,259.49,679.66,385.86,26012.89
964,1284,person,949.65,458.05,137.66,258.99,949.65,458.05,35653.85
964,1262,person,846.35,388.08,98.17,171.58,846.35,388.08,16844.54
965,1261,person,1091.48,392.1,107.42,264.38,1091.48,392.1,28398.72
965,1267,person,237.31,610.56,218.25,218.78,237.31,610.56,47749.77
965,1251,person,678.85,385.47,100.39,259.73,678.85,385.47,26073.73
965,1284,person,945.38,459.25,140.64,264.61,945.38,459.25,37213.41
965,1262,person,855.36,386.73,92.92,164.75,855.36,386.73,15309.0
966,1261,person,1091.19,391.93,108.19,264.72,1091.19,391.93,28641.44
966,1267,person,237.02,610.48,218.62,218.96,237.02,610.48,47869.98
966,1251,person,678.75,385.24,100.63,260.06,678.75,385.24,26169.87
966,1284,person,944.18,459.98,141.77,267.51,944.18,459.98,37924.65
966,1262,person,858.12,388.05,87.64,156.42,858.12,388.05,13707.92
967,1261,person,1091.18,392.05,109.0,265.05,1091.18,392.05,28890.31
967,1267,person,236.9,610.45,218.84,219.02,236.9,610.45,47930.11
967,1251,person,679.03,385.49,100.97,260.47,679.03,385.49,26298.79
967,1284,person,943.75,459.93,142.27,269.5,943.75,459.93,38341.05
967,1262,person,859.24,387.92,85.68,153.97,859.24,387.92,13191.57
968,1261,person,1089.57,393.33,111.47,267.72,1089.57,393.33,29842.81
968,1267,person,237.04,610.41,218.76,218.75,237.04,610.41,47852.68
968,1251,person,679.63,386.05,101.21,260.19,679.63,386.05,26334.48
968,1284,person,943.29,463.96,145.51,277.77,943.29,463.96,40417.76
969,1261,person,1089.18,394.32,113.39,268.78,1089.18,394.32,30475.79
969,1267,person,236.74,610.45,218.64,218.54,236.74,610.45,47782.8
969,1251,person,679.25,386.55,101.05,259.53,679.25,386.55,26224.82
969,1284,person,940.11,467.26,149.51,287.25,940.11,467.26,42945.7
970,1261,person,1089.65,394.85,114.95,269.09,1089.65,394.85,30931.35
970,1267,person,236.2,610.45,218.62,218.51,236.2,610.45,47771.16
970,1251,person,678.01,386.91,100.9,259.66,678.01,386.91,26200.32
970,1284,person,938.32,471.64,151.7,293.73,938.32,471.64,44558.62
971,1261,person,1090.06,394.93,116.54,269.71,1090.06,394.93,31432.03
971,1267,person,235.94,610.31,218.86,218.76,235.94,610.31,47875.93
971,1251,person,678.15,387.0,100.83,259.34,678.15,387.0,26149.25
971,1284,person,936.94,475.33,151.66,296.27,936.94,475.33,44933.66
972,1261,person,1090.09,395.4,117.95,270.08,1090.09,395.4,31856.6
972,1267,person,235.36,610.26,218.79,218.8,235.36,610.26,47869.85
972,1251,person,677.5,386.98,100.65,259.24,677.5,386.98,26091.13
972,1284,person,936.48,478.01,151.05,298.04,936.48,478.01,45018.59
973,1261,person,1090.01,395.69,119.3,270.09,1090.01,395.69,32221.12
973,1267,person,234.28,610.31,218.31,218.54,234.28,610.31,47709.85
973,1251,person,677.27,386.97,100.4,258.66,677.27,386.97,25968.8
973,1263,person,935.39,452.18,106.32,239.95,935.39,452.18,25512.06
974,1261,person,1090.92,395.29,120.17,269.23,1090.92,395.29,32352.55
974,1267,person,232.78,610.15,218.17,218.81,232.78,610.15,47737.88
974,1251,person,678.53,387.41,101.1,259.29,678.53,387.41,26213.19
974,1286,person,1174.27,462.3,120.65,271.8,1174.27,462.3,32791.06
974,1284,person,930.51,468.26,139.09,272.81,930.51,468.26,37943.54
975,1261,person,1093.54,393.56,119.4,265.53,1093.54,393.56,31703.79
975,1267,person,231.59,610.28,217.39,218.45,231.59,610.28,47487.51
975,1251,person,676.17,387.33,100.84,259.07,676.17,387.33,26123.92
975,1286,person,1173.41,461.87,121.69,273.92,1173.41,461.87,33334.98
975,1284,person,929.72,458.06,127.75,247.17,929.72,458.06,31575.43
976,1261,person,1095.29,392.83,119.27,263.46,1095.29,392.83,31422.56
976,1267,person,230.41,610.53,216.46,217.92,230.41,610.53,47170.55
976,1251,person,677.34,387.58,101.34,259.46,677.34,387.58,26292.83
976,1286,person,1172.85,462.6,122.41,275.13,1172.85,462.6,33679.3
976,1284,person,930.56,459.91,127.04,244.58,930.56,459.91,31070.61
977,1261,person,1097.13,393.2,119.96,263.2,1097.13,393.2,31573.69
977,1267,person,230.2,610.85,215.52,217.28,230.2,610.85,46827.42
977,1251,person,677.3,388.46,101.57,259.91,677.3,388.46,26398.28
977,1286,person,1172.54,463.59,123.26,276.52,1172.54,463.59,34084.25
977,1284,person,931.58,462.42,127.52,245.33,931.58,462.42,31285.14
978,1261,person,1098.64,394.57,121.36,264.51,1098.64,394.57,32100.33
978,1267,person,230.15,611.51,213.97,216.07,230.15,611.51,46232.91
978,1251,person,675.86,388.96,101.26,259.66,675.86,388.96,26293.46
978,1286,person,1172.53,465.08,123.81,277.11,1172.53,465.08,34307.94
978,1284,person,931.88,467.32,132.24,255.85,931.88,467.32,33832.48
979,1261,person,1100.28,396.23,122.45,265.48,1100.28,396.23,32509.7
979,1267,person,231.42,612.31,212.48,214.81,231.42,612.31,45642.73
979,1251,person,676.04,390.19,100.39,257.72,676.04,390.19,25873.36
979,1286,person,1173.2,466.44,123.87,276.49,1173.2,466.44,34249.7
979,1284,person,933.02,470.33,134.45,261.68,933.02,470.33,35181.52
980,1261,person,1102.55,397.61,123.44,266.43,1102.55,397.61,32888.63
980,1267,person,231.62,612.89,210.97,213.74,231.62,612.89,45093.25
980,1251,person,676.44,392.15,99.87,256.84,676.44,392.15,25651.29
980,1286,person,1173.65,468.83,123.69,275.04,1173.65,468.83,34019.0
980,1284,person,931.33,474.51,138.56,270.69,931.33,474.51,37508.75
981,1261,person,1104.09,399.29,124.95,268.13,1104.09,399.29,33502.98
981,1267,person,230.94,613.56,209.44,212.5,230.94,613.56,44504.3
981,1251,person,675.87,392.56,99.51,256.7,675.87,392.56,25545.05
981,1286,person,1174.07,472.26,123.07,272.28,1174.07,472.26,33508.2
981,1284,person,926.73,480.07,143.84,280.62,926.73,480.07,40365.19
982,1261,person,1104.23,399.99,126.15,268.81,1104.23,399.99,33909.98
982,1267,person,229.89,613.94,209.11,212.01,229.89,613.94,44333.53
982,1251,person,675.16,393.15,99.08,256.59,675.16,393.15,25423.66
982,1286,person,1174.1,473.27,123.82,272.9,1174.1,473.27,33790.62
982,1284,person,924.86,483.05,146.07,285.43,924.86,483.05,41693.65
983,1261,person,1105.71,400.06,127.38,269.3,1105.71,400.06,34305.1
983,1267,person,225.93,614.13,208.37,211.36,225.93,614.13,44040.49
983,1251,person,673.67,393.41,98.83,256.67,673.67,393.41,25365.78
983,1286,person,1174.18,471.38,125.94,277.07,1174.18,471.38,34895.63
983,1284,person,925.12,483.85,144.93,284.5,925.12,483.85,41233.89
984,1261,person,1107.25,399.94,127.58,268.63,1107.25,399.94,34272.7
984,1267,person,221.23,614.49,207.53,210.52,221.23,614.49,43691.08
984,1251,person,670.42,393.56,98.75,257.95,670.42,393.56,25473.32
984,1286,person,1174.35,470.02,127.2,279.74,1174.35,470.02,35583.43
984,1284,person,926.1,484.73,144.21,285.2,926.1,484.73,41127.89
985,1261,person,1107.71,400.96,128.9,270.57,1107.71,400.96,34875.73
985,1267,person,215.71,614.96,207.01,209.91,215.71,614.96,43453.88
985,1251,person,666.67,393.78,97.69,257.09,666.67,393.78,25116.12
985,1286,person,1174.84,470.04,128.09,281.54,1174.84,470.04,36062.53
985,1284,person,926.7,486.7,144.58,288.36,926.7,486.7,41692.32
986,1261,person,1109.83,401.79,130.57,273.47,1109.83,401.79,35706.33
986,1267,person,210.37,615.52,206.61,208.92,210.37,615.52,43164.88
986,1286,person,1174.87,472.85,129.26,283.21,1174.87,472.85,36606.25
986,1284,person,927.13,489.95,146.02,293.89,927.13,489.95,42914.98
987,1261,person,1111.62,405.59,134.11,281.37,1111.62,405.59,37734.25
987,1267,person,205.81,615.88,206.3,207.8,205.81,615.88,42868.1
987,1286,person,1176.01,473.71,129.84,283.48,1176.01,473.71,36806.19
987,1284,person,926.0,501.59,156.8,319.17,926.0,501.59,50046.0
987,1251,person,663.15,395.89,98.64,260.94,663.15,395.89,25738.59
988,1261,person,1113.19,408.33,136.02,285.18,1113.19,408.33,38791.09
988,1267,person,199.52,617.54,203.19,204.1,199.52,617.54,41470.39
988,1286,person,1177.83,475.72,128.86,280.27,1177.83,475.72,36115.54
988,1284,person,925.86,491.03,148.67,301.21,925.86,491.03,44781.98
988,1251,person,662.47,397.2,98.92,263.07,662.47,397.2,26023.08
989,1261,person,1115.5,409.96,137.22,287.26,1115.5,409.96,39418.35
989,1267,person,195.17,618.37,201.01,201.12,195.17,618.37,40426.75
989,1286,person,1180.84,477.6,128.55,278.52,1180.84,477.6,35804.23
989,1284,person,927.11,488.1,146.86,296.25,927.11,488.1,43507.98
989,1251,person,661.48,398.03,99.63,267.03,661.48,398.03,26602.95
990,1261,person,1117.29,410.66,137.18,287.3,1117.29,410.66,39410.85
990,1267,person,190.11,619.66,199.3,198.16,190.11,619.66,39494.32
990,1286,person,1184.05,476.67,129.25,279.09,1184.05,476.67,36072.6
990,1284,person,926.75,496.24,152.42,307.07,926.75,496.24,46803.79
990,1251,person,661.92,398.81,99.32,267.3,661.92,398.81,26548.79
991,1261,person,1118.09,410.62,136.82,286.95,1118.09,410.62,39260.93
991,1267,person,186.99,618.72,202.07,200.4,186.99,618.72,40495.8
991,1286,person,1185.9,474.08,130.48,280.94,1185.9,474.08,36657.26
991,1284,person,924.99,508.2,153.02,306.21,924.99,508.2,46856.56
991,1251,person,661.75,398.89,99.4,268.26,661.75,398.89,26665.18
992,1261,person,1116.82,410.43,137.04,288.1,1116.82,410.43,39480.79
992,1267,person,184.56,617.88,204.39,202.41,184.56,617.88,41370.74
992,1286,person,1183.0,473.63,134.08,287.2,1183.0,473.63,38508.0
992,1284,person,921.21,513.9,159.95,318.64,921.21,513.9,50965.82
992,1251,person,662.06,396.93,100.28,270.11,662.06,396.93,27086.11
993,1261,person,1114.68,409.9,136.82,288.26,1114.68,409.9,39440.23
993,1267,person,183.18,617.18,206.74,204.55,183.18,617.18,42289.66
993,1286,person,1179.14,473.06,139.24,297.05,1179.14,473.06,41360.09
993,1284,person,917.26,513.52,165.7,328.53,917.26,513.52,54439.33
993,1251,person,660.85,396.1,99.67,267.76,660.85,396.1,26688.61
994,1261,person,1114.04,409.4,135.8,287.06,1114.04,409.4,38982.16
994,1267,person,182.82,616.76,208.03,205.68,182.82,616.76,42787.73
994,1286,person,1177.33,473.02,142.03,301.68,1177.33,473.02,42846.09
994,1284,person,914.17,517.34,166.42,327.06,914.17,517.34,54430.07
994,1251,person,659.74,396.3,99.25,266.68,659.74,396.3,26468.92
995,1261,person,1113.95,409.88,134.16,284.84,1113.95,409.88,38213.52
995,1267,person,183.74,616.71,207.79,205.39,183.74,616.71,42677.36
995,1286,person,1175.42,475.09,144.15,303.74,1175.42,475.09,43783.81
995,1284,person,911.15,519.22,168.88,327.67,911.15,519.22,55337.18
995,1251,person,660.68,396.23,99.36,267.33,660.68,396.23,26562.44
996,1261,person,1114.9,410.76,131.13,280.03,1114.9,410.76,36720.44
996,1267,person,186.74,617.27,206.57,203.87,186.74,617.27,42114.84
996,1286,person,1175.23,476.17,145.47,303.76,1175.23,476.17,44187.54
996,1284,person,912.0,521.37,170.09,327.96,912.0,521.37,55781.83
996,1251,person,662.45,397.47,99.38,267.96,662.45,397.47,26629.39
997,1261,person,1116.98,410.13,126.85,273.09,1116.98,410.13,34639.76
997,1267,person,191.74,618.09,204.5,201.25,191.74,618.09,41154.77
997,1286,person,1171.85,476.15,145.57,298.75,1171.85,476.15,43489.93
997,1284,person,914.67,517.26,174.86,337.09,914.67,517.26,58943.16
997,1251,person,664.46,398.83,99.3,269.75,664.46,398.83,26785.4
998,1261,person,1117.72,410.08,123.97,268.95,1117.72,410.08,33341.72
998,1267,person,196.14,618.45,204.34,200.56,196.14,618.45,40982.01
998,1286,person,1175.43,474.23,145.17,295.21,1175.43,474.23,42855.61
998,1284,person,918.71,517.26,174.85,338.6,918.71,517.26,59202.94
998,1251,person,669.36,399.77,99.19,269.03,669.36,399.77,26684.34
999,1261,person,1116.96,410.62,121.97,266.51,1116.96,410.62,32505.53
999,1267,person,200.16,618.83,204.38,200.04,200.16,618.83,40883.4
999,1286,person,1177.28,473.68,145.57,293.81,1177.28,473.68,42769.45
999,1284,person,918.45,519.86,171.19,332.15,918.45,519.86,56859.98
999,1251,person,670.07,400.2,98.7,268.38,670.07,400.2,26490.36
1000,1261,person,1112.71,415.04,122.69,270.63,1112.71,415.04,33203.15
1000,1267,person,203.2,619.17,204.28,199.39,203.2,619.17,40732.07
1000,1286,person,1179.19,476.41,147.1,296.24,1179.19,476.41,43575.86
1000,1284,person,916.93,522.49,168.68,328.01,916.93,522.49,55330.07
1001,1261,person,1110.06,418.21,124.08,275.38,1110.06,418.21,34170.49
1001,1267,person,205.47,619.13,206.01,200.96,205.47,619.13,41400.38
1001,1286,person,1177.39,478.11,148.53,298.51,1177.39,478.11,44338.16
1001,1284,person,916.13,527.2,163.39,317.14,916.13,527.2,51818.18
1001,1251,person,673.44,401.78,98.14,267.06,673.44,401.78,26209.27
1002,1261,person,1109.42,420.61,124.91,277.02,1109.42,420.61,34603.56
1002,1267,person,207.56,619.41,206.16,200.95,207.56,619.41,41428.36
1002,1286,person,1174.89,480.67,148.93,298.15,1174.89,480.67,44403.46
1002,1284,person,913.75,527.39,162.64,316.38,913.75,527.39,51456.96
1002,1251,person,673.17,402.27,97.5,265.37,673.17,402.27,25872.76
1003,1261,person,1106.23,422.49,125.67,277.94,1106.23,422.49,34928.43
1003,1267,person,209.3,619.57,206.1,200.82,209.3,619.57,41389.49
1003,1286,person,1172.63,481.75,149.81,299.02,1172.63,481.75,44795.82
1003,1284,person,911.3,523.97,164.72,322.34,911.3,523.97,53095.54
1003,1251,person,674.61,401.54,97.22,263.26,674.61,401.54,25594.39
1004,1261,person,1102.67,423.8,125.82,278.13,1102.67,423.8,34994.62
1004,1267,person,210.59,619.61,206.09,200.79,210.59,619.61,41380.66
1004,1286,person,1170.84,481.54,149.01,296.32,1170.84,481.54,44153.29
1004,1284,person,908.49,530.67,156.93,306.86,908.49,530.67,48156.85
1004,1251,person,674.77,401.67,97.38,262.41,674.77,401.67,25554.57
1005,1261,person,1100.25,424.83,125.67,277.25,1100.25,424.83,34843.35
1005,1267,person,211.57,619.8,205.76,200.4,211.57,619.8,41235.41
1005,1286,person,1169.55,481.43,148.13,293.45,1169.55,481.43,43468.0
1005,1284,person,906.51,534.23,152.36,298.04,906.51,534.23,45407.33
1005,1251,person,674.05,401.8,97.37,261.64,674.05,401.8,25476.37
1006,1261,person,1099.18,425.55,125.99,276.49,1099.18,425.55,34834.71
1006,1267,person,212.2,619.91,205.64,200.19,212.2,619.91,41166.2
1006,1286,person,1167.73,482.46,149.34,294.8,1167.73,482.46,44025.39
1006,1284,person,905.09,534.68,150.81,295.36,905.09,534.68,44544.19
1006,1251,person,674.09,402.98,97.84,261.93,674.09,402.98,25627.23
1007,1261,person,1098.21,425.89,126.72,276.28,1098.21,425.89,35010.36
1007,1267,person,212.54,619.94,205.66,200.12,212.54,619.94,41157.36
1007,1286,person,1167.04,482.71,150.3,295.54,1167.04,482.71,44419.96
1007,1284,person,903.68,536.09,149.02,292.02,903.68,536.09,43515.97
1007,1251,person,674.14,403.21,98.15,261.86,674.14,403.21,25700.55
1008,1261,person,1099.13,426.33,127.82,276.0,1099.13,426.33,35279.44
1008,1267,person,212.64,619.96,205.69,200.08,212.64,619.96,41155.37
1008,1286,person,1166.43,482.47,149.86,294.22,1166.43,482.47,44092.0
1008,1284,person,901.38,538.12,146.89,288.19,901.38,538.12,42331.71
1008,1251,person,672.2,404.12,98.45,263.41,672.2,404.12,25933.7
1009,1261,person,1099.38,426.6,128.79,275.56,1099.38,426.6,35490.35
1009,1267,person,212.3,619.96,205.82,200.07,212.3,619.96,41179.46
1009,1286,person,1165.17,482.45,149.54,293.46,1165.17,482.45,43884.41
1009,1284,person,899.6,539.39,145.35,285.54,899.6,539.39,41503.09
1009,1251,person,672.19,403.5,98.07,261.66,672.19,403.5,25660.91
1009,1293,person,907.52,501.85,159.95,360.11,907.52,501.85,57599.13
1010,1261,person,1098.86,427.01,129.84,275.11,1098.86,427.01,35721.48
1010,1267,person,212.14,620.01,205.86,199.99,212.14,620.01,41170.52
1010,1286,person,1160.28,481.27,149.51,292.87,1160.28,481.27,43787.41
1010,1284,person,898.44,539.87,145.27,284.96,898.44,539.87,41394.37
1010,1293,person,905.19,496.63,163.27,367.67,905.19,496.63,60029.56
1011,1261,person,1099.26,427.45,130.99,275.13,1099.26,427.45,36037.8
1011,1267,person,211.73,620.03,206.04,199.93,211.73,620.03,41193.75
1011,1286,person,1156.66,480.66,148.95,291.64,1156.66,480.66,43439.19
1011,1284,person,897.07,541.6,143.62,281.67,897.07,541.6,40453.21
1011,1251,person,667.81,403.52,96.82,260.09,667.81,403.52,25182.18
1012,1261,person,1098.52,426.59,131.4,273.16,1098.52,426.59,35892.39
1012,1267,person,211.44,619.88,206.56,200.25,211.44,619.88,41363.94
1012,1286,person,1151.92,480.93,148.0,289.78,1151.92,480.93,42888.36
1012,1284,person,895.18,543.87,141.36,276.74,895.18,543.87,39119.55
1012,1251,person,666.12,404.14,96.44,260.88,666.12,404.14,25157.88
1013,1261,person,1098.9,426.07,131.58,271.28,1098.9,426.07,35695.96
1013,1267,person,211.35,620.01,206.49,199.99,211.35,620.01,41295.39
1013,1286,person,1147.5,480.75,147.64,289.28,1147.5,480.75,42709.84
1013,1284,person,893.13,546.75,138.93,270.9,893.13,546.75,37636.54
1014,1261,person,1100.41,425.9,132.11,270.24,1100.41,425.9,35701.84
1014,1267,person,211.31,620.12,206.48,199.77,211.31,620.12,41248.28
1014,1286,person,1143.77,480.6,147.93,289.22,1143.77,480.6,42784.28
1014,1284,person,889.85,549.56,137.45,268.15,889.85,549.56,36858.05
1014,1251,person,663.95,405.51,95.76,262.3,663.95,405.51,25117.44
1015,1261,person,1102.23,420.62,127.94,257.54,1102.23,420.62,32950.52
1015,1267,person,211.75,620.34,206.24,199.33,211.75,620.34,41108.88
1015,1286,person,1141.88,480.84,147.58,287.53,1141.88,480.84,42432.24
1015,1284,person,888.02,551.32,136.21,265.97,888.02,551.32,36226.61
1015,1251,person,666.4,405.33,96.03,264.48,666.4,405.33,25398.59
1016,1261,person,1103.46,418.1,126.68,250.92,1103.46,418.1,31785.12
1016,1267,person,211.96,620.57,205.76,198.85,211.96,620.57,40916.46
1016,1286,person,1140.13,479.54,149.36,289.99,1140.13,479.54,43313.18
1016,1284,person,882.42,555.63,131.29,258.38,882.42,555.63,33924.29
1016,1251,person,668.3,404.35,95.75,263.86,668.3,404.35,25265.41
1016,1294,person,934.04,440.95,114.39,253.83,934.04,440.95,29034.45
1017,1261,person,1104.88,418.53,127.92,250.1,1104.88,418.53,31992.43
1017,1267,person,212.09,620.87,205.14,198.27,212.09,620.87,40673.28
1017,1286,person,1139.69,478.51,150.82,291.89,1139.69,478.51,44021.7
1017,1284,person,879.45,557.3,128.83,256.04,879.45,557.3,32986.06
1017,1294,person,934.94,442.84,116.86,259.89,934.94,442.84,30371.23
1017,1295,person,1143.36,344.2,66.08,98.73,1143.36,344.2,6524.63
1018,1267,person,212.1,621.1,204.63,197.8,212.1,621.1,40474.89
1018,1286,person,1139.5,478.01,152.27,293.9,1139.5,478.01,44751.67
1018,1284,person,879.97,555.36,129.48,258.62,879.97,555.36,33485.48
1018,1294,person,933.92,444.59,119.22,265.83,933.92,444.59,31691.75
1018,1295,person,1143.41,343.97,65.29,97.48,1143.41,343.97,6364.2
1018,1293,person,898.16,511.96,158.57,357.33,898.16,511.96,56660.87
1019,1267,person,212.01,621.21,204.33,197.59,212.01,621.21,40372.38
1019,1286,person,1139.61,477.13,153.08,294.86,1139.61,477.13,45137.34
1019,1284,person,880.16,554.2,129.9,260.62,880.16,554.2,33854.27
1019,1294,person,933.25,445.77,119.97,268.33,933.25,445.77,32192.15
1019,1295,person,1143.32,343.9,65.09,97.05,1143.32,343.9,6316.74
1019,1293,person,902.31,499.89,164.05,368.5,902.31,499.89,60451.76
1020,1267,person,211.76,621.39,203.92,197.22,211.76,621.39,40215.62
1020,1286,person,1138.98,476.18,154.36,296.51,1138.98,476.18,45770.37
1020,1284,person,874.89,559.57,124.65,251.41,874.89,559.57,31337.54
1020,1294,person,934.21,446.41,120.05,269.83,934.21,446.41,32393.14
1020,1295,person,1143.63,343.49,64.45,95.87,1143.63,343.49,6178.56
1021,1267,person,211.39,621.5,203.69,197.0,211.39,621.5,40126.18
1021,1286,person,1138.59,475.92,154.64,296.18,1138.59,475.92,45802.51
1021,1284,person,871.63,562.24,121.61,246.76,871.63,562.24,30008.99
1021,1294,person,934.45,445.86,119.56,270.38,934.45,445.86,32327.11
1021,1295,person,1143.46,343.4,64.3,95.38,1143.46,343.4,6132.81
1022,1267,person,210.85,621.51,203.76,196.98,210.85,621.51,40136.46
1022,1286,person,1138.25,476.18,155.64,297.19,1138.25,476.18,46254.59
1022,1284,person,866.83,566.0,118.8,241.06,866.83,566.0,28637.54
1022,1294,person,935.32,445.65,118.8,270.63,935.32,445.65,32151.8
1022,1295,person,1143.23,343.12,64.07,94.63,1143.23,343.12,6063.07
1023,1267,person,210.54,621.54,203.87,196.91,210.54,621.54,40145.74
1023,1286,person,1137.25,475.92,156.11,296.71,1137.25,475.92,46318.78
1023,1284,person,860.65,567.75,119.03,240.98,860.65,567.75,28683.16
1023,1294,person,935.59,446.05,118.15,271.33,935.59,446.05,32055.95
1023,1295,person,1142.95,342.94,64.08,94.19,1142.95,342.94,6035.63
1024,1267,person,210.26,621.59,203.91,196.82,210.26,621.59,40132.7
1024,1286,person,1136.31,476.51,156.1,295.5,1136.31,476.51,46125.98
1024,1284,person,855.47,568.87,119.37,238.44,855.47,568.87,28462.29
1024,1294,person,935.97,445.64,117.63,272.87,935.97,445.64,32097.4
1024,1295,person,1142.57,343.07,64.06,93.62,1142.57,343.07,5997.72
1024,1251,person,668.8,406.23,94.61,261.25,668.8,406.23,24717.9
1025,1267,person,210.3,621.63,204.01,196.74,210.3,621.63,40136.07
1025,1286,person,1135.4,478.43,155.62,293.51,1135.4,478.43,45676.88
1025,1284,person,847.45,567.57,125.49,245.57,847.45,567.57,30817.42
1025,1294,person,936.24,445.38,116.74,273.89,936.24,445.38,31975.1
1025,1295,person,1142.99,342.91,64.01,92.92,1142.99,342.91,5947.45
1026,1267,person,210.36,621.69,203.97,196.62,210.36,621.69,40104.23
1026,1286,person,1134.05,478.37,156.9,295.13,1134.05,478.37,46303.88
1026,1284,person,838.48,566.22,130.65,250.24,838.48,566.22,32695.26
1026,1294,person,935.38,445.8,115.44,273.49,935.38,445.8,31571.4
1026,1295,person,1143.28,342.95,64.12,92.35,1143.28,342.95,5921.55
1027,1267,person,210.69,621.81,203.74,196.37,210.69,621.81,40009.92
1027,1286,person,1133.88,478.74,157.49,295.57,1133.88,478.74,46549.61
1027,1284,person,833.53,565.31,134.36,253.41,833.53,565.31,34048.7
1027,1294,person,935.84,446.14,114.03,272.56,935.84,446.14,31080.02
1027,1295,person,1143.69,342.93,64.18,91.54,1143.69,342.93,5874.8
1027,1251,person,666.94,409.1,93.62,260.97,666.94,409.1,24430.97
1028,1267,person,210.93,621.85,203.75,196.3,210.93,621.85,39995.61
1028,1286,person,1133.81,477.39,159.75,300.02,1133.81,477.39,47926.07
1028,1284,person,831.68,562.75,138.56,257.94,831.68,562.75,35740.48
1028,1294,person,936.73,444.97,113.39,273.97,936.73,444.97,31065.01
1028,1295,person,1144.15,343.48,64.81,91.35,1144.15,343.48,5920.67
1028,1251,person,670.13,408.99,94.45,261.71,670.13,408.99,24718.24
1029,1267,person,211.06,621.87,203.76,196.26,211.06,621.87,39989.51
1029,1286,person,1132.41,475.91,162.2,304.8,1132.41,475.91,49438.75
1029,1284,person,827.88,567.14,136.89,248.7,827.88,567.14,34044.31
1029,1294,person,936.73,444.12,112.87,275.77,936.73,444.12,31125.39
1029,1295,person,1145.27,344.57,66.36,92.01,1145.27,344.57,6105.25
1029,1251,person,670.39,409.3,94.67,261.71,670.39,409.3,24776.28
1030,1267,person,210.92,621.83,203.94,196.34,210.92,621.83,40040.01
1030,1286,person,1132.06,477.15,160.86,301.84,1132.06,477.15,48555.4
1030,1284,person,835.97,560.07,140.22,259.32,835.97,560.07,36360.75
1030,1294,person,936.34,444.81,111.14,274.43,936.34,444.81,30500.5
1030,1251,person,668.51,409.53,93.68,260.12,668.51,409.53,24367.71
1031,1267,person,210.56,621.84,203.98,196.31,210.56,621.84,40043.97
1031,1286,person,1132.72,476.59,161.25,302.81,1132.72,476.59,48827.41
1031,1284,person,838.57,559.11,139.3,262.7,838.57,559.11,36593.21
1031,1294,person,936.78,445.54,109.64,273.37,936.78,445.54,29971.46
1031,1251,person,669.04,409.82,93.76,260.48,669.04,409.82,24421.35
1032,1267,person,210.66,621.96,203.8,196.07,210.66,621.96,39959.16
1032,1286,person,1132.23,478.07,159.65,299.03,1132.23,478.07,47738.52
1032,1284,person,837.11,555.92,142.41,271.98,837.11,555.92,38733.79
1032,1294,person,937.02,446.91,107.93,271.1,937.02,446.91,29260.28
1032,1251,person,671.11,409.91,94.63,261.34,671.11,409.91,24731.85
1033,1267,person,210.74,622.08,203.62,195.85,210.74,622.08,39878.93
1033,1286,person,1132.25,478.98,158.51,296.13,1132.25,478.98,46938.44
1033,1284,person,835.22,553.8,143.83,277.72,835.22,553.8,39944.94
1033,1294,person,937.36,447.61,106.86,270.39,937.36,447.61,28893.58
1033,1251,person,671.32,410.06,94.91,261.52,671.32,410.06,24820.3
1034,1267,person,211.86,622.05,203.66,195.88,211.86,622.05,39894.47
1034,1286,person,1132.29,480.92,157.39,293.19,1132.29,480.92,46143.08
1034,1284,person,818.81,555.32,146.39,279.55,818.81,555.32,40924.75
1034,1294,person,936.56,448.57,106.6,270.98,936.56,448.57,28886.21
1034,1251,person,671.28,410.5,95.0,261.31,671.28,410.5,24823.99
1035,1267,person,212.47,621.99,203.65,195.94,212.47,621.99,39902.26
1035,1286,person,1131.13,481.3,158.23,293.32,1131.13,481.3,46412.16
1035,1284,person,810.82,563.65,142.12,266.62,810.82,563.65,37891.1
1035,1294,person,937.11,449.28,106.39,271.6,937.11,449.28,28894.79
1035,1251,person,670.26,411.1,94.76,261.6,670.26,411.1,24789.82
1036,1267,person,212.73,622.03,203.46,195.87,212.73,622.03,39853.35
1036,1286,person,1130.69,482.99,157.75,290.48,1130.69,482.99,45824.2
1036,1284,person,805.62,561.8,146.51,272.9,805.62,561.8,39982.21
1036,1294,person,938.12,448.46,105.45,269.94,938.12,448.46,28465.01
1036,1251,person,669.87,411.99,94.76,262.64,669.87,411.99,24887.65
1037,1267,person,213.19,622.22,202.92,195.42,213.19,622.22,39654.74
1037,1286,person,1130.2,483.51,158.17,288.34,1130.2,483.51,45606.64
1037,1284,person,802.72,564.41,145.78,268.99,802.72,564.41,39213.98
1037,1294,person,938.66,448.45,105.04,269.68,938.66,448.45,28325.84
1037,1251,person,668.81,412.55,94.21,262.5,668.81,412.55,24729.07
1038,1267,person,213.22,622.35,202.51,195.12,213.22,622.35,39513.41
1038,1286,person,1130.78,485.98,157.41,285.21,1130.78,485.98,44893.96
1038,1284,person,801.23,560.38,150.74,277.47,801.23,560.38,41827.23
1038,1294,person,939.33,448.57,104.96,270.22,939.33,448.57,28361.65
1038,1251,person,668.94,412.97,93.71,262.05,668.94,412.97,24556.99
1039,1267,person,213.25,622.28,201.92,194.57,213.25,622.28,39285.96
1039,1286,person,1130.75,487.01,157.82,284.39,1130.75,487.01,44883.48
1039,1284,person,799.98,559.09,152.49,280.53,799.98,559.09,42777.73
1039,1294,person,939.45,448.32,104.69,270.1,939.45,448.32,28277.34
1040,1267,person,213.04,622.22,202.3,195.04,213.04,622.22,39456.8
1040,1286,person,1131.16,487.77,158.12,283.51,1131.16,487.77,44829.64
1040,1284,person,797.77,556.83,155.85,288.0,797.77,556.83,44886.19
1040,1294,person,939.59,448.17,104.82,270.98,939.59,448.17,28404.07
1040,1251,person,667.39,413.17,92.68,261.26,667.39,413.17,24212.72
1041,1267,person,212.85,622.29,202.34,195.03,212.85,622.29,39462.08
1041,1286,person,1131.8,488.58,157.88,281.79,1131.8,488.58,44490.18
1041,1284,person,792.23,555.35,156.73,292.56,792.23,555.35,45853.7
1041,1294,person,939.89,447.77,104.72,270.99,939.89,447.77,28378.37
1041,1251,person,667.19,413.14,92.11,261.25,667.19,413.14,24064.59
1042,1267,person,212.89,622.19,201.71,194.39,212.89,622.19,39209.37
1042,1286,person,1132.0,488.28,157.92,280.66,1132.0,488.28,44322.74
1042,1284,person,786.23,554.65,155.13,293.87,786.23,554.65,45588.23
1042,1294,person,938.86,448.62,106.14,273.69,938.86,448.62,29047.96
1043,1267,person,213.09,622.22,201.4,194.0,213.09,622.22,39071.51
1043,1286,person,1131.73,488.48,158.65,280.92,1131.73,488.48,44567.95
1043,1284,person,782.72,554.43,153.12,294.65,782.72,554.43,45115.88
1043,1294,person,937.96,449.03,107.02,274.25,937.96,449.03,29350.78
1043,1251,person,668.02,413.47,91.63,260.62,668.02,413.47,23881.03
1044,1267,person,213.03,622.39,201.85,194.42,213.03,622.39,39243.07
1044,1286,person,1131.75,488.67,159.22,281.13,1131.75,488.67,44761.22
1044,1284,person,780.15,554.4,150.35,294.31,780.15,554.4,44250.27
1044,1294,person,938.01,449.32,108.17,275.18,938.01,449.32,29766.08
1044,1251,person,668.27,413.49,91.43,260.27,668.27,413.49,23796.03
1045,1267,person,213.22,622.53,201.84,194.37,213.22,622.53,39231.85
1045,1286,person,1132.23,488.93,159.59,281.28,1132.23,488.93,44890.06
1045,1284,person,779.02,554.19,148.14,294.74,779.02,554.19,43661.77
1045,1294,person,938.58,449.45,108.97,275.54,938.58,449.45,30025.48
1045,1251,person,670.4,413.35,92.09,260.9,670.4,413.35,24027.29
1046,1267,person,213.2,622.61,200.89,193.29,213.2,622.61,38831.1
1046,1286,person,1133.07,488.61,160.02,281.93,1133.07,488.61,45114.68
1046,1284,person,777.18,554.06,146.17,295.82,777.18,554.06,43241.86
1046,1294,person,939.7,448.41,109.16,274.12,939.7,448.41,29923.0
1047,1267,person,213.26,622.85,201.0,193.25,213.26,622.85,38844.92
1047,1286,person,1132.89,487.92,160.63,282.54,1132.89,487.92,45384.43
1047,1284,person,774.78,553.25,144.98,297.38,774.78,553.25,43112.95
1047,1294,person,941.86,447.9,110.15,274.47,941.86,447.9,30231.39
1048,1267,person,213.4,622.95,201.06,193.22,213.4,622.95,38849.74
1048,1286,person,1132.42,487.58,161.35,283.06,1132.42,487.58,45671.41
1048,1284,person,773.44,554.45,142.33,295.69,773.44,554.45,42085.73
1048,1294,person,942.84,449.99,112.78,278.17,942.84,449.99,31372.76
1049,1267,person,213.49,623.08,200.94,192.98,213.49,623.08,38778.43
1049,1286,person,1132.2,487.39,161.79,282.97,1132.2,487.39,45780.8
1049,1284,person,772.56,554.75,141.16,296.3,772.56,554.75,41825.37
1049,1294,person,944.15,450.9,114.1,279.12,944.15,450.9,31846.43
1050,1267,person,213.63,623.26,200.56,192.56,213.63,623.26,38620.09
1050,1286,person,1132.13,487.32,163.03,284.75,1132.13,487.32,46423.73
1050,1284,person,769.14,555.26,140.38,295.19,769.14,555.26,41437.43
1050,1294,person,944.87,451.86,116.19,280.34,944.87,451.86,32572.33
1050,1251,person,666.14,413.39,90.35,259.35,666.14,413.39,23432.11
1051,1267,person,213.62,623.32,200.48,192.41,213.62,623.32,38574.96
1051,1286,person,1132.42,487.36,163.65,285.7,1132.42,487.36,46755.33
1051,1284,person,768.0,555.91,139.78,294.52,768.0,555.91,41167.41
1051,1294,person,951.4,451.44,118.36,283.95,951.4,451.44,33608.14
1051,1251,person,666.31,413.72,89.69,259.81,666.31,413.72,23302.13
1052,1267,person,213.87,623.29,200.79,192.62,213.87,623.29,38675.32
1052,1286,person,1132.12,487.64,164.0,286.24,1132.12,487.64,46943.04
1052,1284,person,767.07,556.29,139.16,293.86,767.07,556.29,40893.76
1052,1294,person,954.77,451.81,119.47,285.85,954.77,451.81,34151.52
1053,1267,person,213.96,623.3,200.89,192.58,213.96,623.3,38687.73
1053,1286,person,1132.46,488.07,164.31,287.04,1132.46,488.07,47163.2
1053,1284,person,766.78,557.01,138.29,293.24,766.78,557.01,40551.24
1053,1294,person,952.92,451.98,122.2,287.11,952.92,451.98,35085.46
1053,1251,person,662.87,413.97,87.98,259.17,662.87,413.97,22802.34
1054,1267,person,213.99,623.34,200.9,192.51,213.99,623.34,38674.75
1054,1286,person,1132.61,488.48,164.18,287.07,1132.61,488.48,47131.9
1054,1284,person,765.93,556.78,138.4,293.77,765.93,556.78,40656.93
1054,1294,person,952.64,450.73,124.84,288.3,952.64,450.73,35992.62
1054,1304,person,854.61,434.97,78.94,138.43,854.61,434.97,10927.77
1055,1267,person,213.76,623.4,200.99,192.46,213.76,623.4,38682.83
1055,1286,person,1132.47,488.5,164.24,287.41,1132.47,488.5,47202.12
1055,1284,person,765.31,557.81,137.54,292.06,765.31,557.81,40170.07
1055,1294,person,954.01,449.48,126.39,287.68,954.01,449.48,36359.82
1055,1304,person,855.3,435.22,79.84,140.21,855.3,435.22,11194.81
1056,1267,person,213.47,623.48,201.06,192.41,213.47,623.48,38684.78
1056,1286,person,1132.22,488.42,164.05,287.27,1132.22,488.42,47127.12
1056,1284,person,765.03,558.01,137.34,292.03,765.03,558.01,40107.46
1056,1294,person,954.76,448.41,128.22,288.02,954.76,448.41,36928.67
1056,1304,person,853.21,434.35,79.98,140.91,853.21,434.35,11270.5
1057,1267,person,213.1,623.47,201.22,192.45,213.1,623.47,38723.74
1057,1286,person,1131.97,488.49,163.93,287.2,1131.97,488.49,47081.13
1057,1284,person,764.86,558.44,136.74,290.72,764.86,558.44,39754.61
1057,1294,person,955.3,446.93,128.91,286.1,955.3,446.93,36881.87
1057,1304,person,852.24,434.17,80.2,141.77,852.24,434.17,11369.1
1058,1267,person,212.62,623.45,201.5,192.49,212.62,623.45,38786.06
1058,1286,person,1131.82,488.5,163.85,287.19,1131.82,488.5,47056.23
1058,1284,person,761.85,557.38,137.86,291.96,761.85,557.38,40248.61
1058,1294,person,956.35,445.06,129.42,284.31,956.35,445.06,36794.9
1058,1304,person,849.88,432.46,80.82,143.27,849.88,432.46,11578.86
1059,1267,person,211.2,624.12,200.55,190.92,211.2,624.12,38289.3
1059,1286,person,1131.22,488.78,163.95,287.41,1131.22,488.78,47119.36
1059,1284,person,760.2,556.52,138.89,293.55,760.2,556.52,40772.2
1059,1294,person,957.55,443.96,129.45,282.18,957.55,443.96,36529.23
1059,1304,person,848.02,432.43,80.92,144.14,848.02,432.43,11664.04
1060,1267,person,210.45,624.31,200.83,190.54,210.45,624.31,38265.19
1060,1286,person,1130.62,488.62,163.87,287.58,1130.62,488.62,47124.73
1060,1284,person,758.61,555.8,140.04,294.79,758.61,555.8,41282.37
1060,1294,person,959.69,441.09,127.87,277.41,959.69,441.09,35472.18
1060,1304,person,846.25,431.75,81.64,146.15,846.25,431.75,11931.72
1061,1267,person,209.82,624.33,201.46,190.53,209.82,624.33,38383.16
1061,1286,person,1130.2,488.18,163.56,287.52,1130.2,488.18,47027.39
1061,1284,person,757.68,555.77,140.22,293.87,757.68,555.77,41206.3
1061,1294,person,961.51,438.22,126.53,273.81,961.51,438.22,34644.58
1061,1304,person,844.41,431.76,80.88,145.26,844.41,431.76,11748.13
1062,1267,person,208.63,624.21,202.26,190.75,208.63,624.21,38581.16
1062,1286,person,1129.84,487.75,163.37,287.73,1129.84,487.75,47007.35
1062,1284,person,756.91,555.57,140.75,293.49,756.91,555.57,41307.24
1062,1294,person,960.91,436.47,126.99,273.36,960.91,436.47,34714.98
1062,1304,person,843.4,431.56,80.44,145.01,843.4,431.56,11664.16
1063,1267,person,207.68,624.26,202.62,190.72,207.68,624.26,38645.23
1063,1286,person,1129.52,487.69,163.05,287.68,1129.52,487.69,46905.4
1063,1284,person,756.52,555.11,141.71,293.86,756.52,555.11,41642.23
1063,1294,person,960.63,434.27,126.71,270.95,960.63,434.27,34332.48
1063,1304,person,842.48,431.81,80.0,144.43,842.48,431.81,11554.88
1064,1267,person,207.34,624.28,202.99,190.73,207.34,624.28,38715.64
1064,1286,person,1129.47,487.66,162.57,287.4,1129.47,487.66,46724.15
1064,1284,person,755.95,555.56,141.99,292.7,755.95,555.56,41559.43
1064,1294,person,960.75,433.2,126.87,269.85,960.75,433.2,34234.6
1064,1304,person,842.09,431.65,80.26,145.3,842.09,431.65,11661.97
1065,1267,person,207.5,624.33,203.25,190.65,207.5,624.33,38749.65
1065,1286,person,1129.73,487.8,161.92,286.94,1129.73,487.8,46460.89
1065,1284,person,757.06,555.74,142.89,293.03,757.06,555.74,41870.94
1065,1294,person,962.14,431.8,125.9,266.93,962.14,431.8,33605.51
1065,1304,person,841.98,431.68,80.1,145.65,841.98,431.68,11666.05
1066,1267,person,208.8,624.52,203.56,190.41,208.8,624.52,38759.59
1066,1286,person,1130.21,488.18,161.51,286.86,1130.21,488.18,46330.85
1066,1284,person,758.96,556.39,143.37,293.18,758.96,556.39,42032.69
1066,1294,person,964.2,431.36,124.85,264.66,964.2,431.36,33043.22
1066,1304,person,842.53,432.47,79.58,145.55,842.53,432.47,11583.35
1067,1267,person,209.14,624.68,203.62,190.1,209.14,624.68,38708.64
1067,1286,person,1130.61,488.75,161.2,287.01,1130.61,488.75,46265.64
1067,1284,person,762.92,556.9,142.81,293.39,762.92,556.9,41897.99
1067,1294,person,964.14,431.26,124.72,263.88,964.14,431.26,32910.64
1067,1304,person,842.85,433.87,79.19,145.38,842.85,433.87,11512.54
1068,1267,person,209.45,624.74,203.46,189.69,209.45,624.74,38593.68
1068,1286,person,1130.96,489.23,160.9,287.33,1130.96,489.23,46231.82
1068,1284,person,761.57,556.78,143.53,293.56,761.57,556.78,42134.36
1068,1294,person,964.01,431.27,124.75,263.63,964.01,431.27,32888.24
1068,1304,person,842.75,434.24,78.86,145.5,842.75,434.24,11474.16
1069,1267,person,209.96,624.88,203.17,189.25,209.96,624.88,38448.8
1069,1286,person,1130.94,489.47,160.73,287.66,1130.94,489.47,46235.52
1069,1284,person,762.56,556.85,143.94,294.13,762.56,556.85,42336.0
1069,1294,person,965.51,431.5,124.35,263.4,965.51,431.5,32752.14
1069,1304,person,844.24,434.76,77.31,143.41,844.24,434.76,11087.39
1070,1267,person,211.0,624.57,203.88,190.16,211.0,624.57,38768.24
1070,1286,person,1130.79,489.55,160.52,287.67,1130.79,489.55,46176.33
1070,1284,person,763.42,557.08,144.44,294.88,763.42,557.08,42593.49
1070,1294,person,966.96,431.83,123.94,263.61,966.96,431.83,32672.08
1070,1304,person,844.06,436.23,77.06,143.9,844.06,436.23,11089.18
1071,1267,person,211.58,624.44,204.12,190.56,211.58,624.44,38896.79
1071,1286,person,1130.92,489.66,160.23,287.69,1130.92,489.66,46096.91
1071,1284,person,764.69,557.23,144.46,294.98,764.69,557.23,42613.13
1071,1294,person,966.52,432.06,123.69,263.49,966.52,432.06,32591.47
1071,1304,person,843.67,435.82,76.47,143.91,843.67,435.82,11004.27
1072,1267,person,212.1,624.32,204.29,190.85,212.1,624.32,38987.88
1072,1286,person,1130.07,489.68,159.75,287.18,1130.07,489.68,45875.23
1072,1284,person,764.69,556.98,144.48,294.81,764.69,556.98,42594.07
1072,1294,person,967.59,432.19,122.93,263.46,967.59,432.19,32388.12
1073,1267,person,212.37,624.26,204.24,190.91,212.37,624.26,38991.14
1073,1286,person,1129.22,489.85,159.28,286.86,1129.22,489.85,45691.65
1073,1284,person,764.39,556.85,143.9,293.59,764.39,556.85,42247.91
1073,1294,person,966.89,432.98,121.5,261.34,966.89,432.98,31751.83
1073,1304,person,842.32,436.12,75.68,144.29,842.32,436.12,10919.9
1074,1267,person,212.2,624.21,204.16,191.0,212.2,624.21,38994.48
1074,1286,person,1128.28,489.96,159.13,286.83,1128.28,489.96,45644.22
1074,1284,person,762.73,556.78,143.82,292.95,762.73,556.78,42132.8
1074,1294,person,966.2,435.33,119.22,256.85,966.2,435.33,30622.65
1074,1304,person,842.37,436.32,74.27,143.02,842.37,436.32,10622.48
1075,1267,person,212.15,624.3,203.85,190.88,212.15,624.3,38910.86
1075,1286,person,1127.96,490.18,159.08,286.97,1127.96,490.18,45650.52
1075,1284,person,761.79,556.94,144.15,293.39,761.79,556.94,42292.51
1075,1294,person,965.71,435.73,117.62,253.83,965.71,435.73,29855.69
1075,1304,person,845.36,436.39,73.0,139.98,845.36,436.39,10218.61
1076,1267,person,212.31,624.04,203.13,190.26,212.31,624.04,38648.68
1076,1286,person,1127.8,490.44,159.09,287.18,1127.8,490.44,45686.9
1076,1284,person,761.29,557.22,144.3,293.57,761.29,557.22,42362.69
1076,1294,person,965.35,433.57,118.31,256.35,965.35,433.57,30330.01
1076,1304,person,843.53,436.93,72.71,140.72,843.53,436.93,10231.1
1077,1267,person,212.12,623.94,202.92,190.06,212.12,623.94,38566.87
1077,1286,person,1128.03,490.4,159.07,287.3,1128.03,490.4,45700.75
1077,1284,person,761.37,557.15,144.42,293.92,761.37,557.15,42447.64
1077,1294,person,964.14,431.12,118.25,256.99,964.14,431.12,30390.21
1077,1304,person,842.46,436.92,72.28,140.83,842.46,436.92,10179.62
1078,1267,person,212.16,623.91,202.93,190.01,212.16,623.91,38558.06
1078,1286,person,1127.73,490.46,159.07,287.51,1127.73,490.46,45734.53
1078,1284,person,762.33,557.04,144.06,294.01,762.33,557.04,42356.26
1078,1294,person,963.27,426.66,117.3,256.25,963.27,426.66,30058.82
1078,1304,person,842.03,437.16,71.98,140.88,842.03,437.16,10140.93
1079,1267,person,211.68,623.9,203.21,190.11,211.68,623.9,38632.32
1079,1286,person,1127.45,490.46,158.85,287.28,1127.45,490.46,45632.94
1079,1284,person,760.41,556.93,144.37,294.28,760.41,556.93,42486.36
1079,1294,person,962.88,424.8,116.61,255.91,962.88,424.8,29842.07
1079,1304,person,841.58,437.14,71.78,141.3,841.58,437.14,10143.02
1080,1267,person,211.6,624.03,203.98,190.83,211.6,624.03,38926.39
1080,1286,person,1127.05,490.16,158.66,286.91,1127.05,490.16,45521.27
1080,1284,person,758.36,556.82,144.54,293.67,758.36,556.82,42447.65
1080,1294,person,963.12,422.48,113.81,252.17,963.12,422.48,28699.27
1080,1304,person,841.63,435.59,72.49,143.87,841.63,435.59,10428.59
1081,1267,person,211.25,624.09,204.24,191.12,211.25,624.09,39035.27
1081,1286,person,1126.63,489.84,158.43,286.56,1126.63,489.84,45398.27
1081,1284,person,761.67,556.85,143.46,292.87,761.67,556.85,42013.91
1081,1294,person,962.54,420.99,112.17,250.53,962.54,420.99,28102.31
1081,1304,person,842.75,435.49,71.12,141.1,842.75,435.49,10035.32
1082,1267,person,210.97,624.09,204.32,191.27,210.97,624.09,39080.47
1082,1286,person,1126.46,489.76,158.38,286.62,1126.46,489.76,45394.01
1082,1284,person,761.93,556.99,142.8,292.64,761.93,556.99,41789.54
1082,1294,person,962.15,420.26,111.2,250.26,962.15,420.26,27829.01
1082,1304,person,843.04,435.18,71.08,141.01,843.04,435.18,10022.71
1083,1267,person,210.85,624.02,204.39,191.41,210.85,624.02,39121.84
1083,1286,person,1126.46,489.64,158.15,286.36,1126.46,489.64,45287.46
1083,1284,person,761.26,557.37,142.4,292.7,761.26,557.37,41679.97
1083,1294,person,962.27,419.4,109.82,248.91,962.27,419.4,27335.4
1083,1304,person,843.04,435.2,70.62,140.31,843.04,435.2,9909.09
1084,1267,person,210.7,623.96,204.38,191.52,210.7,623.96,39141.68
1084,1286,person,1126.44,489.55,157.96,286.13,1126.44,489.55,45197.86
1084,1284,person,762.35,557.4,142.09,293.23,762.35,557.4,41664.34
1084,1294,person,962.98,418.76,108.8,248.44,962.98,418.76,27030.67
1084,1304,person,842.78,435.83,71.27,142.11,842.78,435.83,10128.8
1085,1267,person,210.64,623.64,204.01,191.15,210.64,623.64,38996.43
1085,1286,person,1126.26,489.84,158.05,286.41,1126.26,489.84,45267.18
1085,1284,person,763.66,557.5,141.57,293.07,763.66,557.5,41488.92
1085,1294,person,964.02,418.48,107.99,248.24,964.02,418.48,26807.82
1085,1304,person,843.17,435.65,71.82,143.24,843.17,435.65,10286.82
1086,1267,person,210.94,623.49,203.79,190.99,210.94,623.49,38922.56
1086,1286,person,1126.14,490.04,158.1,286.57,1126.14,490.04,45307.85
1086,1284,person,763.64,558.05,141.11,292.35,763.64,558.05,41253.95
1086,1294,person,965.01,418.55,107.11,247.56,965.01,418.55,26515.67
1087,1267,person,211.0,623.4,203.65,191.01,211.0,623.4,38897.46
1087,1286,person,1126.39,489.99,157.94,286.33,1126.39,489.99,45223.82
1087,1284,person,763.89,557.84,141.4,293.42,763.89,557.84,41491.62
1087,1294,person,965.28,418.41,106.29,245.62,965.28,418.41,26107.39
1088,1267,person,211.2,623.36,203.54,191.02,211.2,623.36,38880.67
1088,1286,person,1126.38,489.9,157.85,286.12,1126.38,489.9,45164.05
1088,1284,person,764.7,557.96,141.06,293.49,764.7,557.96,41400.37
1088,1294,person,966.02,418.55,105.49,243.91,966.02,418.55,25730.1
1089,1267,person,211.3,623.32,203.34,191.01,211.3,623.32,38841.06
1089,1286,person,1126.18,489.95,157.69,285.78,1126.18,489.95,45065.69
1089,1284,person,764.58,557.76,141.06,294.04,764.58,557.76,41477.51
1089,1294,person,965.48,417.11,105.24,242.16,965.48,417.11,25484.75
1090,1267,person,211.39,623.34,203.18,190.98,211.39,623.34,38803.13
1090,1286,person,1126.18,490.0,157.63,285.78,1126.18,490.0,45047.02
1090,1284,person,765.94,558.13,140.71,294.31,765.94,558.13,41411.73
1090,1294,person,966.57,415.64,105.0,240.07,966.57,415.64,25206.9
1091,1267,person,211.43,623.7,203.29,191.31,211.43,623.7,38891.29
1091,1286,person,1126.07,490.07,157.53,285.66,1126.07,490.07,45000.11
1091,1284,person,766.01,558.65,139.79,293.7,766.01,558.65,41055.37
1091,1294,person,970.09,415.15,102.57,234.62,970.09,415.15,24064.46
1092,1267,person,211.28,623.47,203.1,191.18,211.28,623.47,38830.28
1092,1286,person,1126.02,490.1,157.39,285.5,1126.02,490.1,44932.86
1092,1284,person,765.32,557.99,139.82,294.84,765.32,557.99,41225.75
1092,1294,person,972.44,414.0,99.88,228.4,972.44,414.0,22812.57
1093,1267,person,211.56,623.3,203.04,191.28,211.56,623.3,38837.03
1093,1286,person,1126.0,490.31,157.59,286.19,1126.0,490.31,45100.87
1093,1284,person,765.14,557.99,138.92,294.15,765.14,557.99,40862.69
1093,1294,person,974.8,413.46,99.14,227.03,974.8,413.46,22508.2
1094,1267,person,211.97,623.27,202.64,191.11,211.97,623.27,38725.83
1094,1286,person,1124.99,490.01,157.75,286.15,1124.99,490.01,45141.84
1094,1284,person,765.29,558.02,138.19,293.66,765.29,558.02,40580.4
1094,1294,person,976.15,413.74,97.52,223.46,976.15,413.74,21792.18
1095,1267,person,212.2,623.58,202.78,191.46,212.2,623.58,38823.62
1095,1286,person,1124.52,490.12,158.09,286.45,1124.52,490.12,45282.94
1095,1284,person,765.76,558.21,137.56,293.25,765.76,558.21,40339.32
1095,1294,person,978.48,416.02,94.5,216.27,978.48,416.02,20437.56
1096,1267,person,211.96,623.66,202.7,191.64,211.96,623.66,38845.52
1096,1286,person,1124.19,490.06,158.19,286.31,1124.19,490.06,45289.46
1096,1284,person,766.26,558.54,136.65,292.41,766.26,558.54,39958.78
1096,1294,person,980.96,417.99,91.67,209.2,980.96,417.99,19177.26
1097,1267,person,211.45,623.71,202.6,191.72,211.45,623.71,38842.16
1097,1286,person,1124.1,489.79,158.14,286.06,1124.1,489.79,45239.47
1097,1284,person,766.95,558.63,136.02,292.3,766.95,558.63,39758.41
1097,1294,person,983.21,418.28,90.71,206.21,983.21,418.28,18705.26
1098,1267,person,210.44,623.46,202.17,191.34,210.44,623.46,38683.29
1098,1286,person,1124.18,489.58,157.89,285.7,1124.18,489.58,45109.0
1098,1284,person,765.41,558.46,136.08,292.43,765.41,558.46,39793.14
1099,1267,person,210.0,623.34,201.95,191.13,210.0,623.34,38599.89
1099,1286,person,1124.36,489.44,157.55,285.3,1124.36,489.44,44950.57
1099,1284,person,765.39,558.62,135.71,292.13,765.39,558.62,39645.03
1100,1267,person,209.98,623.61,202.11,191.43,209.98,623.61,38690.0
1100,1286,person,1124.49,489.63,157.63,285.67,1124.49,489.63,45029.5
1100,1284,person,765.19,558.34,135.78,292.66,765.19,558.34,39737.96
1101,1267,person,209.95,623.69,202.15,191.6,209.95,623.69,38732.13
1101,1286,person,1124.71,489.56,157.43,285.6,1124.71,489.56,44961.25
1101,1284,person,767.08,561.56,132.45,287.02,767.08,561.56,38015.48
1102,1267,person,209.94,623.75,202.08,191.67,209.94,623.75,38732.74
1102,1286,person,1125.73,490.07,157.07,285.39,1125.73,490.07,44825.56
1102,1284,person,768.1,562.42,130.78,285.31,768.1,562.42,37312.43
1103,1267,person,209.87,623.72,202.08,191.84,209.87,623.72,38766.91
1103,1286,person,1126.21,490.46,157.12,286.0,1126.21,490.46,44936.34
1103,1284,person,769.25,568.29,125.0,273.48,769.25,568.29,34186.39
1104,1267,person,210.06,623.73,201.97,191.85,210.06,623.73,38748.55
1104,1286,person,1126.6,490.77,157.14,286.42,1126.6,490.77,45007.69
1104,1284,person,768.87,567.08,125.1,276.05,768.87,567.08,34532.62
1105,1267,person,210.42,623.85,201.61,191.62,210.42,623.85,38633.31
1105,1286,person,1126.79,490.98,157.02,286.35,1126.79,490.98,44962.93
1105,1284,person,766.69,568.58,123.57,273.1,766.69,568.58,33747.44
1106,1267,person,210.67,623.88,201.44,191.53,210.67,623.88,38581.91
1106,1286,person,1127.26,491.39,157.3,286.91,1127.26,491.39,45130.34
1106,1284,person,763.6,566.26,125.58,277.45,763.6,566.26,34841.22
1107,1267,person,211.47,623.83,201.32,191.52,211.47,623.83,38557.6
1107,1286,person,1127.23,491.42,157.24,286.79,1127.23,491.42,45095.1
1107,1284,person,760.98,564.1,127.87,281.79,760.98,564.1,36033.45
1108,1267,person,211.95,623.8,201.25,191.56,211.95,623.8,38552.46
1108,1286,person,1127.49,491.33,157.28,286.85,1127.49,491.33,45114.98
1108,1284,person,763.64,566.52,125.8,277.28,763.64,566.52,34883.69
1109,1267,person,212.27,623.76,201.26,191.68,212.27,623.76,38577.72
1109,1286,person,1127.66,491.12,157.12,286.43,1127.66,491.12,45004.66
1109,1284,person,763.64,567.29,125.07,275.13,763.64,567.29,34409.83
1110,1267,person,212.38,623.75,201.21,191.73,212.38,623.75,38577.89
1110,1286,person,1127.57,490.95,156.89,285.73,1127.57,490.95,44828.06
1110,1284,person,766.59,573.97,118.56,260.78,766.59,573.97,30917.05
1111,1267,person,211.71,623.74,201.13,191.69,211.71,623.74,38554.55
1111,1286,person,1127.64,490.64,156.72,285.18,1127.64,490.64,44692.18
1111,1284,person,766.62,577.74,115.57,253.68,766.62,577.74,29316.88
1112,1267,person,211.25,623.66,201.22,191.81,211.25,623.66,38595.05
1112,1286,person,1127.64,490.47,157.18,286.09,1127.64,490.47,44968.78
1112,1284,person,766.17,579.47,114.01,249.02,766.17,579.47,28390.11
1113,1267,person,210.96,623.54,201.41,192.03,210.96,623.54,38677.75
1113,1286,person,1127.65,490.32,157.7,287.16,1127.65,490.32,45286.05
1113,1284,person,764.82,576.11,116.55,255.07,764.82,576.11,29728.3
1114,1267,person,210.78,623.41,201.56,192.25,210.78,623.41,38750.73
1114,1286,person,1127.68,490.23,157.83,287.59,1127.68,490.23,45390.68
1114,1284,person,763.27,571.34,120.49,264.72,763.27,571.34,31896.36
1115,1267,person,210.94,623.31,201.5,192.33,210.94,623.31,38754.09
1115,1286,person,1127.72,489.64,157.34,286.77,1127.72,489.64,45120.32
1115,1284,person,762.8,575.72,116.91,256.34,762.8,575.72,29969.33
1116,1267,person,211.67,623.26,201.34,192.29,211.67,623.26,38713.9
1116,1286,person,1127.95,489.85,157.43,287.07,1127.95,489.85,45192.0
1116,1284,person,759.92,573.72,119.52,260.74,759.92,573.72,31163.57
1117,1267,person,212.49,623.25,201.16,192.21,212.49,623.25,38665.0
1117,1286,person,1128.5,489.28,156.95,286.38,1128.5,489.28,44945.31
1117,1284,person,763.75,572.38,120.03,263.51,763.75,572.38,31627.58
1118,1267,person,212.96,623.32,200.91,192.05,212.96,623.32,38584.53
1118,1286,person,1128.89,489.47,156.9,286.44,1128.89,489.47,44941.63
1118,1284,person,765.24,573.45,118.52,261.48,765.24,573.45,30991.37
1119,1267,person,213.3,623.34,200.72,191.9,213.3,623.34,38517.45
1119,1286,person,1129.14,489.38,156.59,286.07,1129.14,489.38,44795.06
1119,1284,person,765.35,579.29,113.38,249.04,765.35,579.29,28235.65
1120,1267,person,213.52,623.26,200.75,191.92,213.52,623.26,38527.43
1120,1286,person,1129.32,489.02,156.0,285.17,1129.32,489.02,44486.77
1120,1284,person,767.4,575.84,115.81,256.09,767.4,575.84,29657.38
1121,1267,person,213.7,623.25,200.74,191.88,213.7,623.25,38518.34
1121,1286,person,1129.28,488.75,155.85,285.01,1129.28,488.75,44418.71
1121,1284,person,766.4,568.62,121.31,270.45,766.4,568.62,32808.34
1122,1267,person,213.94,623.27,200.73,191.83,213.94,623.27,38504.82
1122,1286,person,1129.1,488.84,156.06,285.47,1129.1,488.84,44550.11
1122,1284,person,764.83,562.43,125.89,282.78,764.83,562.43,35598.96
1123,1267,person,214.05,623.24,200.77,191.85,214.05,623.24,38519.29
1123,1286,person,1128.85,488.68,156.23,285.71,1128.85,488.68,44637.29
1123,1284,person,764.89,562.58,124.89,282.26,764.89,562.58,35251.05
1124,1267,person,214.34,623.16,200.96,191.98,214.34,623.16,38579.71
1124,1286,person,1129.08,488.08,155.83,284.97,1129.08,488.08,44406.64
1124,1284,person,766.02,559.41,126.31,288.15,766.02,559.41,36396.37
1125,1267,person,214.79,623.11,201.01,192.0,214.79,623.11,38595.2
1125,1286,person,1129.28,488.11,155.72,284.75,1129.28,488.11,44341.69
1125,1284,person,766.52,557.87,126.61,291.4,766.52,557.87,36892.51
1126,1267,person,214.91,623.11,201.04,191.99,214.91,623.11,38597.74
1126,1286,person,1129.54,488.15,155.65,284.62,1129.54,488.15,44301.18
1126,1284,person,766.96,557.74,125.84,292.0,766.96,557.74,36745.5
1127,1267,person,215.03,623.11,201.16,192.06,215.03,623.11,38633.88
1127,1286,person,1129.74,488.13,155.56,284.45,1129.74,488.13,44248.39
1127,1284,person,766.86,558.01,124.55,291.25,766.86,558.01,36274.39
1128,1267,person,214.99,623.14,201.2,192.04,214.99,623.14,38637.83
1128,1286,person,1130.07,488.0,155.71,284.58,1130.07,488.0,44311.39
1128,1284,person,765.39,557.02,124.69,292.71,765.39,557.02,36498.82
1129,1267,person,214.99,623.15,201.21,192.03,214.99,623.15,38638.54
1129,1286,person,1130.1,487.96,155.7,284.38,1130.1,487.96,44278.65
1129,1284,person,765.79,556.69,124.0,292.85,765.79,556.69,36313.94
1130,1267,person,215.24,623.22,201.22,192.0,215.24,623.22,38633.87
1130,1286,person,1130.0,487.86,155.79,284.41,1130.0,487.86,44307.84
1130,1284,person,765.05,556.47,123.61,292.95,765.05,556.47,36212.7
1131,1267,person,215.51,623.26,201.22,192.0,215.51,623.26,38632.96
1131,1286,person,1130.79,487.48,155.11,283.37,1130.79,487.48,43954.27
1131,1284,person,766.0,557.47,122.54,291.53,766.0,557.47,35723.36
1132,1267,person,215.88,623.34,201.32,192.04,215.88,623.34,38660.48
1132,1286,person,1131.31,487.73,154.76,282.81,1131.31,487.73,43767.03
1132,1284,person,766.03,557.15,122.21,291.88,766.03,557.15,35669.45
1133,1267,person,216.25,623.39,201.34,192.03,216.25,623.39,38664.25
1133,1286,person,1131.39,487.87,154.65,282.82,1131.39,487.87,43737.26
1133,1284,person,765.82,558.36,121.08,289.82,765.82,558.36,35089.95
1134,1267,person,216.33,623.33,201.51,192.17,216.33,623.33,38724.57
1134,1286,person,1131.49,487.54,154.31,282.33,1131.49,487.54,43567.4
1134,1284,person,764.91,558.79,120.77,288.87,764.91,558.79,34886.84
1135,1267,person,216.24,623.29,201.64,192.28,216.24,623.29,38771.78
1135,1286,person,1131.62,487.47,154.34,282.46,1131.62,487.47,43594.29
1135,1284,person,764.42,569.05,113.38,268.06,764.42,569.05,30392.66
1136,1267,person,216.36,623.33,201.65,192.23,216.36,623.33,38764.49
1136,1286,person,1131.9,487.34,154.4,282.56,1131.9,487.34,43626.36
1136,1284,person,763.87,561.68,119.5,282.95,763.87,561.68,33811.73
1137,1267,person,216.49,623.4,201.68,192.16,216.49,623.4,38753.93
1137,1286,person,1132.03,487.51,154.7,283.22,1132.03,487.51,43814.04
1137,1284,person,762.95,559.4,121.49,287.71,762.95,559.4,34952.79
1138,1267,person,216.56,623.42,201.79,192.19,216.56,623.42,38781.65
1138,1286,person,1132.16,487.5,154.7,283.16,1132.16,487.5,43804.38
1138,1284,person,762.62,565.29,117.13,275.55,762.62,565.29,32275.71
1139,1267,person,216.47,623.39,201.89,192.24,216.47,623.39,38811.4
1139,1286,person,1132.28,487.45,154.83,283.38,1132.28,487.45,43876.03
1139,1284,person,762.47,565.32,117.36,275.19,762.47,565.32,32295.56
1140,1267,person,216.31,623.3,202.06,192.36,216.31,623.3,38869.33
1140,1286,person,1131.27,487.04,154.83,282.83,1131.27,487.04,43789.18
1140,1284,person,762.33,563.23,119.11,279.1,762.33,563.23,33242.86
1141,1267,person,216.26,623.21,202.07,192.33,216.26,623.21,38865.21
1141,1286,person,1130.81,486.94,154.98,282.77,1130.81,486.94,43823.85
1141,1284,person,761.93,559.76,121.68,285.43,761.93,559.76,34732.31
1142,1267,person,216.27,623.18,202.13,192.34,216.27,623.18,38878.23
1142,1286,person,1130.59,486.66,155.18,282.86,1130.59,486.66,43893.93
1142,1284,person,761.72,557.93,123.08,289.11,761.72,557.93,35582.86
1143,1267,person,216.35,623.3,202.0,192.18,216.35,623.3,38821.05
1143,1286,person,1131.7,486.9,154.97,282.43,1131.7,486.9,43767.84
1143,1284,person,760.65,556.86,124.29,291.29,760.65,556.86,36203.65
1144,1267,person,216.8,623.43,201.87,192.03,216.8,623.43,38764.95
1144,1286,person,1132.64,486.91,155.15,282.62,1132.64,486.91,43848.18
1144,1284,person,761.19,556.15,125.22,293.23,761.19,556.15,36718.4
1145,1267,person,217.19,623.59,201.72,191.82,217.19,623.59,38694.15
1145,1286,person,1133.24,487.46,155.82,283.86,1133.24,487.46,44231.9
1145,1284,person,760.58,556.22,125.77,293.44,760.58,556.22,36907.58
1146,1267,person,217.47,623.64,201.59,191.68,217.47,623.64,38641.89
1146,1286,person,1131.99,485.94,156.08,284.08,1131.99,485.94,44338.48
1146,1284,person,758.41,556.14,126.96,293.58,758.41,556.14,37273.06
1147,1267,person,217.63,623.59,201.67,191.75,217.63,623.59,38668.49
1147,1286,person,1131.68,485.03,156.22,284.08,1131.68,485.03,44378.34
1147,1284,person,756.34,556.17,128.63,293.89,756.34,556.17,37803.71
1148,1267,person,217.91,623.55,201.68,191.75,217.91,623.55,38672.87
1148,1286,person,1131.64,484.63,156.28,283.92,1131.64,484.63,44371.15
1148,1284,person,758.43,556.21,129.39,294.08,758.43,556.21,38049.83
1149,1267,person,218.04,623.53,201.55,191.62,218.04,623.53,38620.44
1149,1286,person,1133.02,487.08,157.06,285.73,1133.02,487.08,44876.81
1149,1284,person,759.6,556.08,130.18,294.22,759.6,556.08,38301.8
1150,1267,person,218.17,623.77,200.95,190.86,218.17,623.77,38352.68
1150,1286,person,1133.57,488.51,157.68,287.47,1133.57,488.51,45328.96
1150,1284,person,762.15,556.42,130.19,293.38,762.15,556.42,38194.48
1151,1267,person,218.52,623.99,200.56,190.36,218.52,623.99,38177.37
1151,1286,person,1132.89,487.9,155.93,284.41,1132.89,487.9,44348.64
1151,1284,person,762.14,556.7,130.73,293.91,762.14,556.7,38422.92
1152,1267,person,218.59,624.04,200.59,190.27,218.59,624.04,38165.67
1152,1286,person,1132.56,487.88,155.31,283.38,1132.56,487.88,44010.43
1152,1284,person,762.05,556.59,130.97,294.14,762.05,556.59,38522.6
1152,1311,person,982.7,434.47,89.99,170.68,982.7,434.47,15358.63
1152,1312,person,793.02,431.11,58.13,147.69,793.02,431.11,8584.68
1153,1267,person,218.88,624.18,200.65,190.22,218.88,624.18,38167.3
1153,1286,person,1132.59,487.97,155.01,282.98,1132.59,487.97,43866.45
1153,1284,person,761.47,556.82,130.92,293.49,761.47,556.82,38424.39
1153,1311,person,982.46,434.56,89.9,170.51,982.46,434.56,15329.59
1153,1312,person,792.76,430.57,59.34,150.87,792.76,430.57,8952.96
1154,1267,person,218.83,624.29,200.59,190.05,218.83,624.29,38121.45
1154,1286,person,1132.55,488.18,155.23,283.49,1132.55,488.18,44007.69
1154,1284,person,760.03,557.36,131.15,292.46,760.03,557.36,38355.43
1154,1311,person,982.1,434.73,89.86,170.4,982.1,434.73,15312.56
1154,1312,person,792.44,430.05,59.88,152.4,792.44,430.05,9125.75
1155,1267,person,218.69,624.25,200.84,190.24,218.69,624.25,38207.68
1155,1286,person,1132.59,488.44,155.35,283.77,1132.59,488.44,44084.87
1155,1284,person,761.58,557.05,131.06,292.96,761.58,557.05,38394.25
1155,1311,person,981.89,434.82,89.87,170.32,981.89,434.82,15307.64
1156,1267,person,218.49,624.17,201.23,190.48,218.49,624.17,38329.79
1156,1286,person,1132.58,488.38,155.19,283.41,1132.58,488.38,43981.35
1156,1284,person,760.35,557.77,130.4,291.67,760.35,557.77,38032.93
1156,1311,person,981.25,434.88,90.08,170.44,981.25,434.88,15353.38
1156,1312,person,790.61,426.43,62.96,160.86,790.61,426.43,10128.01
1157,1267,person,218.47,623.93,202.13,191.33,218.47,623.93,38673.02
1157,1286,person,1132.47,488.11,154.88,282.66,1132.47,488.11,43778.27
1157,1284,person,756.75,558.52,130.19,290.31,756.75,558.52,37795.63
1157,1311,person,981.11,435.0,89.93,169.97,981.11,435.0,15285.75
1158,1267,person,218.59,623.87,202.43,191.6,218.59,623.87,38785.7
1158,1286,person,1132.16,487.56,154.54,281.77,1132.16,487.56,43544.33
1158,1284,person,757.56,557.87,130.38,291.23,757.56,557.87,37971.27
1158,1311,person,980.46,435.15,89.87,169.54,980.46,435.15,15237.36
1159,1267,person,218.64,623.79,202.69,191.82,218.64,623.79,38880.9
1159,1286,person,1132.04,487.3,154.69,281.85,1132.04,487.3,43599.25
1159,1284,person,758.13,558.48,129.4,289.55,758.13,558.48,37467.39
1159,1311,person,980.17,435.25,89.84,169.14,980.17,435.25,15195.57
1159,1312,person,786.19,417.88,66.39,170.92,786.19,417.88,11347.28
1160,1267,person,218.54,623.82,202.8,191.89,218.54,623.82,38915.0
1160,1286,person,1132.26,487.49,154.77,281.97,1132.26,487.49,43639.86
1160,1284,person,756.57,558.11,129.96,290.49,756.57,558.11,37752.0
1160,1311,person,979.79,435.34,89.79,168.64,979.79,435.34,15142.05
1160,1312,person,785.69,416.99,66.02,171.13,785.69,416.99,11298.45
1161,1267,person,218.29,623.75,202.91,192.03,218.29,623.75,38964.9
1161,1286,person,1132.02,486.82,154.31,280.78,1132.02,486.82,43328.47
1161,1284,person,756.79,557.95,129.74,290.2,756.79,557.95,37649.56
1161,1311,person,979.14,435.46,89.76,168.22,979.14,435.46,15099.06
1162,1267,person,217.99,623.96,202.39,191.42,217.99,623.96,38743.08
1162,1286,person,1131.76,485.48,154.42,280.58,1131.76,485.48,43327.26
1162,1284,person,756.65,560.43,126.99,283.54,756.65,560.43,36006.51
1162,1311,person,977.91,435.35,89.7,167.42,977.91,435.35,15017.75
1163,1267,person,217.71,624.06,202.32,191.21,217.71,624.06,38684.73
1163,1286,person,1131.93,485.02,154.85,280.96,1131.93,485.02,43506.54
1163,1284,person,757.14,563.81,124.86,278.05,757.14,563.81,34718.23
1163,1311,person,975.01,434.39,90.49,167.53,975.01,434.39,15159.96
1164,1267,person,217.73,624.13,202.32,191.09,217.73,624.13,38661.34
1164,1286,person,1132.23,485.25,155.6,282.02,1132.23,485.25,43883.62
1164,1284,person,758.04,565.71,123.81,274.99,758.04,565.71,34045.43
1164,1311,person,975.75,435.04,91.05,167.86,975.75,435.04,15283.99
1165,1267,person,217.95,624.2,202.34,190.98,217.95,624.2,38641.88
1165,1286,person,1131.49,485.49,156.11,282.19,1131.49,485.49,44053.88
1165,1284,person,758.89,567.95,121.94,269.7,758.89,567.95,32887.38
1166,1267,person,218.32,623.96,202.92,191.54,218.32,623.96,38867.12
1166,1286,person,1131.16,485.63,156.86,282.87,1131.16,485.63,44371.12
1166,1284,person,759.27,568.9,121.39,267.41,759.27,568.9,32460.57
1167,1267,person,218.31,623.87,203.08,191.69,218.31,623.87,38930.03
1167,1286,person,1130.44,485.46,157.48,282.99,1130.44,485.46,44565.36
1167,1284,person,759.46,569.44,121.39,266.35,759.46,569.44,32331.02
1168,1267,person,218.23,623.8,203.13,191.74,218.23,623.8,38949.18
1168,1286,person,1129.67,485.4,157.94,282.67,1129.67,485.4,44645.62
1168,1284,person,759.4,569.02,122.12,267.0,759.4,569.02,32604.99
1169,1267,person,217.92,624.02,202.77,191.24,217.92,624.02,38778.85
1169,1286,person,1129.79,486.38,157.55,281.19,1129.79,486.38,44302.11
1169,1284,person,758.87,568.42,123.03,268.21,758.87,568.42,32998.49
1170,1267,person,217.47,624.09,202.83,191.09,217.47,624.09,38758.42
1170,1286,person,1130.05,486.51,157.51,280.46,1130.05,486.51,44175.7
1170,1284,person,758.39,567.08,124.27,270.49,758.39,567.08,33615.23
1171,1267,person,217.32,624.17,202.8,190.85,217.32,624.17,38705.22
1171,1286,person,1131.62,485.93,158.31,281.25,1131.62,485.93,44524.94
1171,1284,person,758.09,564.74,126.27,274.99,758.09,564.74,34722.97
1172,1267,person,217.34,624.22,202.84,190.72,217.34,624.22,38685.29
1172,1286,person,1132.14,486.18,158.67,280.81,1132.14,486.18,44556.21
1172,1284,person,757.83,561.99,129.78,283.28,757.83,561.99,36762.18
1173,1267,person,217.44,624.26,202.9,190.64,217.44,624.26,38681.34
1173,1286,person,1132.26,486.33,159.54,281.46,1132.26,486.33,44902.33
1173,1284,person,757.53,562.89,129.43,282.74,757.53,562.89,36596.5
1174,1267,person,217.48,624.26,203.08,190.66,217.48,624.26,38719.16
1174,1286,person,1131.18,487.26,159.44,280.77,1131.18,487.26,44765.82
1174,1284,person,757.42,563.27,129.15,282.33,757.42,563.27,36463.32
1175,1267,person,217.66,624.27,203.18,190.65,217.66,624.27,38736.12
1175,1286,person,1131.65,487.48,160.26,281.62,1131.65,487.48,45132.25
1175,1284,person,757.99,562.09,130.08,284.77,757.99,562.09,37042.11
1176,1267,person,218.15,624.33,203.24,190.53,218.15,624.33,38723.94
1176,1286,person,1133.08,487.32,160.87,281.49,1133.08,487.32,45283.04
1176,1284,person,758.69,560.78,131.05,287.41,758.69,560.78,37663.92
1176,1311,person,957.98,437.15,96.14,166.01,957.98,437.15,15959.47
1177,1267,person,218.46,624.37,203.23,190.41,218.46,624.37,38698.43
1177,1286,person,1133.67,487.83,161.09,280.59,1133.67,487.83,45200.46
1177,1284,person,758.98,559.42,131.99,290.16,758.98,559.42,38298.89
1177,1311,person,958.33,437.48,99.82,165.23,958.33,437.48,16492.47
1178,1267,person,218.83,624.37,203.18,190.25,218.83,624.37,38656.31
1178,1286,person,1134.36,488.03,162.54,282.39,1134.36,488.03,45899.34
1178,1284,person,759.09,560.13,130.23,287.39,759.09,560.13,37426.69
1178,1311,person,958.85,437.72,102.57,164.77,958.85,437.72,16899.42
1179,1267,person,219.37,624.65,202.52,189.53,219.37,624.65,38382.86
1179,1286,person,1134.73,488.7,162.36,281.89,1134.73,488.7,45766.6
1179,1284,person,759.17,560.42,129.23,286.5,759.17,560.42,37024.39
1180,1267,person,220.12,624.98,201.8,188.83,220.12,624.98,38106.11
1180,1286,person,1135.5,489.23,163.25,283.8,1135.5,489.23,46329.85
1180,1284,person,760.35,562.95,126.62,281.92,760.35,562.95,35695.89
1181,1267,person,220.67,625.16,201.3,188.29,220.67,625.16,37902.75
1181,1286,person,1140.64,481.0,172.25,299.77,1140.64,481.0,51635.22
1181,1284,person,762.84,561.42,128.09,286.36,762.84,561.42,36678.12
1181,1311,person,960.31,438.34,104.82,164.69,960.31,438.34,17262.3
1182,1267,person,221.29,625.21,200.98,187.94,221.29,625.21,37772.36
1182,1286,person,1143.1,478.0,176.12,307.15,1143.1,478.0,54096.6
1182,1284,person,763.81,562.38,126.61,285.03,763.81,562.38,36088.96
1182,1311,person,960.74,438.57,106.66,164.91,960.74,438.57,17588.47
1183,1267,person,221.73,625.38,200.63,187.56,221.73,625.38,37629.02
1183,1286,person,1143.97,475.36,178.77,312.67,1143.97,475.36,55896.29
1183,1284,person,766.69,562.66,126.02,284.73,766.69,562.66,35880.88
1183,1311,person,960.74,439.0,108.19,164.87,960.74,439.0,17837.9
1184,1267,person,221.72,625.42,200.59,187.46,221.72,625.42,37602.07
1184,1286,person,1143.67,473.09,180.71,317.43,1143.67,473.09,57363.67
1184,1284,person,768.05,570.29,119.55,269.78,768.05,570.29,32251.88
1184,1311,person,959.59,439.13,109.96,165.21,959.59,439.13,18166.94
1185,1267,person,221.61,625.35,200.77,187.56,221.61,625.35,37656.08
1185,1286,person,1143.86,471.73,181.17,319.74,1143.86,471.73,57927.23
1185,1284,person,768.33,572.56,117.68,265.6,768.33,572.56,31256.2
1185,1311,person,959.19,439.03,111.3,165.39,959.19,439.03,18407.05
1186,1267,person,221.43,625.35,200.91,187.6,221.43,625.35,37690.3
1186,1286,person,1143.06,471.44,181.15,321.32,1143.06,471.44,58208.42
1186,1284,person,772.39,564.3,124.21,281.19,772.39,564.3,34925.03
1186,1311,person,957.81,439.04,112.55,165.4,957.81,439.04,18615.29
1187,1267,person,221.32,625.25,201.35,187.93,221.32,625.25,37838.95
1187,1286,person,1140.49,470.86,180.45,322.37,1140.49,470.86,58172.95
1187,1284,person,777.03,560.81,127.68,288.9,777.03,560.81,36888.06
1187,1311,person,956.83,439.0,112.95,164.89,956.83,439.0,18623.51
1187,1319,person,74.85,237.93,52.15,98.5,74.85,237.93,5136.52
1188,1267,person,221.25,625.2,201.78,188.28,221.25,625.2,37992.15
1188,1286,person,1137.06,469.82,178.61,321.93,1137.06,469.82,57501.29
1188,1284,person,779.71,559.77,128.49,290.51,779.71,559.77,37326.02
1188,1311,person,954.99,439.08,113.62,164.61,954.99,439.08,18702.63
1188,1319,person,73.78,235.26,54.68,103.3,73.78,235.26,5648.08
1189,1267,person,221.06,625.16,201.92,188.42,221.06,625.16,38044.96
1189,1286,person,1134.23,469.01,176.55,321.14,1134.23,469.01,56698.97
1189,1284,person,782.23,559.32,128.46,290.93,782.23,559.32,37372.14
1189,1311,person,952.58,438.95,114.76,165.08,952.58,438.95,18945.1
1189,1319,person,72.7,232.77,57.04,107.89,72.7,232.77,6154.12
1190,1267,person,220.96,625.2,201.8,188.34,220.96,625.2,38008.16
1190,1286,person,1132.99,468.84,174.51,320.35,1132.99,468.84,55904.16
1190,1284,person,782.19,570.6,118.26,266.49,782.19,570.6,31515.48
1190,1311,person,951.34,439.17,115.28,164.83,951.34,439.17,19001.46
1190,1319,person,71.42,234.37,55.43,104.74,71.42,234.37,5805.55
1191,1267,person,220.88,625.21,201.72,188.31,220.88,625.21,37986.33
1191,1286,person,1132.61,468.69,172.87,320.16,1132.61,468.69,55344.88
1191,1284,person,782.23,576.08,113.76,254.91,782.23,576.08,28997.66
1191,1311,person,951.15,439.26,115.86,164.9,951.15,439.26,19105.6
1191,1319,person,71.27,235.9,53.92,101.68,71.27,235.9,5483.11
1192,1267,person,220.81,625.21,201.72,188.33,220.81,625.21,37989.57
1192,1286,person,1132.63,468.42,171.62,320.61,1132.63,468.42,55023.65
1192,1284,person,782.95,578.52,111.85,249.28,782.95,578.52,27881.18
1192,1311,person,951.93,438.99,116.07,164.8,951.93,438.99,19129.55
1192,1319,person,70.51,235.94,53.91,101.41,70.51,235.94,5466.89
1193,1267,person,220.9,625.25,201.71,188.25,220.9,625.25,37972.13
1193,1286,person,1133.09,468.81,170.57,321.27,1133.09,468.81,54800.32
1193,1284,person,784.46,575.93,114.23,253.7,784.46,575.93,28980.61
1193,1311,person,952.14,438.79,116.53,164.99,952.14,438.79,19226.46
1193,1319,person,68.96,229.75,61.91,116.35,68.96,229.75,7203.79
1194,1267,person,220.61,625.29,201.67,188.2,220.61,625.29,37954.98
1194,1286,person,1134.15,469.2,168.7,320.41,1134.15,469.2,54054.25
1194,1284,person,787.32,579.1,112.15,246.55,787.32,579.1,27649.99
1194,1311,person,951.93,438.45,116.45,164.48,951.93,438.45,19153.93
1195,1267,person,220.4,625.28,201.87,188.32,220.4,625.28,38015.4
1195,1286,person,1134.92,469.82,166.5,318.69,1134.92,469.82,53062.72
1195,1284,person,789.29,584.14,109.13,236.46,789.29,584.14,25804.67
1195,1311,person,951.76,438.13,116.57,164.48,951.76,438.13,19172.88
1196,1267,person,220.05,625.25,202.09,188.49,220.05,625.25,38093.12
1196,1286,person,1136.17,470.26,164.06,316.54,1136.17,470.26,51932.11
1196,1284,person,790.55,583.73,110.26,236.24,790.55,583.73,26047.26
1196,1311,person,953.74,438.45,115.61,163.65,953.74,438.45,18919.46
1197,1267,person,219.95,625.15,202.36,188.77,219.95,625.15,38199.78
1197,1286,person,1136.57,470.54,162.81,316.72,1136.57,470.54,51566.12
1197,1284,person,791.14,584.09,110.65,234.69,791.14,584.09,25968.49
1197,1311,person,952.96,438.58,115.18,163.22,952.96,438.58,18800.26
1198,1267,person,219.86,625.16,202.31,188.81,219.86,625.16,38198.35
1198,1286,person,1136.95,470.44,160.94,315.37,1136.95,470.44,50754.11
1198,1284,person,791.32,584.66,110.98,232.76,791.32,584.66,25830.73
1198,1311,person,952.79,438.93,115.36,163.77,952.79,438.93,18891.76
1199,1267,person,220.25,625.2,202.12,188.67,220.25,625.2,38133.27
1199,1286,person,1138.56,471.78,160.26,317.16,1138.56,471.78,50829.74
1199,1284,person,792.5,585.15,111.43,231.12,792.5,585.15,25753.08
1199,1311,person,953.44,438.95,115.06,163.76,953.44,438.95,18842.12
1200,1286,person,1138.08,472.94,159.64,318.13,1138.08,472.94,50784.85
1200,1284,person,795.39,585.58,111.67,229.34,795.39,585.58,25610.98
1200,1311,person,952.75,438.45,115.18,163.92,952.75,438.45,18879.75
1201,1286,person,1137.22,473.86,159.5,319.74,1137.22,473.86,50999.05
1201,1284,person,798.62,589.18,109.56,221.93,798.62,589.18,24313.7
1201,1311,person,954.09,438.62,115.09,163.6,954.09,438.62,18828.93
1202,1286,person,1139.16,474.41,158.37,320.35,1139.16,474.41,50733.65
1202,1284,person,801.07,590.06,110.63,221.04,801.07,590.06,24452.93
1202,1311,person,955.21,438.59,115.29,163.86,955.21,438.59,18891.23
1203,1286,person,1139.41,475.25,156.23,318.4,1139.41,475.25,49744.01
1203,1284,person,802.3,588.0,113.49,224.62,802.3,588.0,25492.37
1203,1311,person,953.4,438.59,116.2,164.43,953.4,438.59,19107.33
1204,1286,person,1139.71,478.08,151.37,309.68,1139.71,478.08,46875.78
1204,1284,person,804.93,584.19,117.91,231.83,804.93,584.19,27333.84
1204,1311,person,952.69,438.5,117.09,165.37,952.69,438.5,19362.75
1205,1286,person,1139.6,482.64,145.1,296.67,1139.6,482.64,43045.14
1205,1284,person,807.76,577.85,125.42,244.99,807.76,577.85,30726.56
1205,1311,person,949.16,437.54,118.54,166.56,949.16,437.54,19743.77
1206,1286,person,1139.43,485.63,141.18,287.82,1139.43,485.63,40635.65
1206,1311,person,945.79,436.44,120.16,167.51,945.79,436.44,20127.43
1207,1286,person,1139.67,487.87,139.03,282.27,1139.67,487.87,39244.35
1207,1311,person,948.73,435.92,119.72,167.16,948.73,435.92,20012.37
1208,1286,person,1139.16,477.06,147.63,301.42,1139.16,477.06,44497.4
1208,1311,person,949.77,436.3,120.76,168.72,949.77,436.3,20374.45
1214,1284,person,820.41,582.2,125.69,224.52,820.41,582.2,28219.36
1239,1330,person,840.88,407.25,131.22,240.96,840.88,407.25,31619.06
1240,1330,person,841.28,407.9,131.1,240.65,841.28,407.9,31549.21
1266,1337,person,995.94,420.16,98.64,196.43,995.94,420.16,19374.73
1267,1337,person,997.05,419.34,99.41,198.29,997.05,419.34,19711.1
1267,1338,person,686.97,606.35,192.95,203.01,686.97,606.35,39171.09
1267,1339,person,1142.54,491.5,141.58,288.63,1142.54,491.5,40863.24
1267,1340,person,1063.96,430.43,165.58,262.16,1063.96,430.43,43406.51
1268,1337,person,996.74,418.61,100.86,201.57,996.74,418.61,20330.9
1268,1338,person,681.7,607.67,191.92,201.85,681.7,607.67,38738.64
1268,1339,person,1142.44,490.66,141.84,289.19,1142.44,490.66,41018.51
1268,1340,person,1062.69,430.25,165.56,262.3,1062.69,430.25,43426.9
1269,1337,person,993.54,418.28,102.87,205.44,993.54,418.28,21132.61
1269,1338,person,677.24,611.09,187.39,196.57,677.24,611.09,36835.5
1269,1339,person,1142.66,490.05,142.03,289.65,1142.66,490.05,41140.49
1269,1340,person,1065.24,431.94,163.26,259.26,1065.24,431.94,42326.27
1270,1337,person,993.41,418.86,104.17,207.98,993.41,418.86,21665.12
1270,1338,person,675.3,612.2,186.37,194.79,675.3,612.2,36302.4
1270,1339,person,1143.18,489.68,142.06,289.77,1143.18,489.68,41164.23
1270,1340,person,1065.28,432.71,162.68,258.92,1065.28,432.71,42121.88
1271,1337,person,992.59,418.74,105.1,209.71,992.59,418.74,22040.41
1271,1339,person,1143.52,489.35,141.86,289.44,1143.52,489.35,41060.46
1271,1340,person,1068.53,430.08,163.37,261.45,1068.53,430.08,42711.69
1272,1337,person,995.38,418.94,106.42,213.49,995.38,418.94,22718.61
1272,1339,person,1143.44,489.36,142.06,289.82,1143.44,489.36,41172.16
1272,1340,person,1080.58,425.84,161.82,263.74,1080.58,425.84,42679.25
1273,1337,person,997.88,417.21,105.76,213.66,997.88,417.21,22597.62
1273,1339,person,1144.11,488.95,142.67,290.99,1144.11,488.95,41514.88
1273,1340,person,1086.43,422.7,158.0,262.67,1086.43,422.7,41500.34
1274,1337,person,1000.48,421.25,110.01,225.37,1000.48,421.25,24793.94
1274,1339,person,1144.91,489.1,143.31,292.09,1144.91,489.1,41859.7
1274,1340,person,1087.96,421.54,156.23,264.79,1087.96,421.54,41367.02
1275,1337,person,1002.26,423.41,112.06,233.13,1002.26,423.41,26124.03
1275,1339,person,1145.92,488.91,143.82,292.82,1145.92,488.91,42115.03
1275,1340,person,1087.58,421.89,155.35,267.82,1087.58,421.89,41606.25
1276,1337,person,1004.09,423.7,112.16,236.83,1004.09,423.7,26564.26
1276,1339,person,1147.26,488.87,144.54,293.95,1147.26,488.87,42488.3
1276,1340,person,1077.46,423.11,154.4,266.47,1077.46,423.11,41142.65
1276,1341,person,868.7,407.53,72.31,184.91,868.7,407.53,13370.29
1277,1337,person,1007.2,424.71,112.59,241.85,1007.2,424.71,27230.82
1277,1339,person,1148.71,488.62,145.56,295.66,1148.71,488.62,43037.14
1277,1340,person,1074.85,424.2,152.85,264.02,1074.85,424.2,40355.35
1277,1341,person,870.72,406.32,73.61,188.09,870.72,406.32,13845.91
1278,1337,person,1009.05,426.27,113.45,247.89,1009.05,426.27,28123.36
1278,1339,person,1150.54,487.5,144.92,293.38,1150.54,487.5,42515.71
1278,1340,person,1082.88,422.96,150.0,263.22,1082.88,422.96,39484.18
1278,1341,person,868.44,407.53,72.53,185.48,868.44,407.53,13453.56
1279,1337,person,1010.06,427.44,111.2,246.47,1010.06,427.44,27406.44
1279,1339,person,1152.4,486.41,144.14,290.29,1152.4,486.41,41842.79
1279,1340,person,1088.81,427.14,141.53,251.75,1088.81,427.14,35629.58
1279,1341,person,864.17,409.6,72.44,182.47,864.17,409.6,13218.22
1280,1337,person,1010.61,424.91,107.78,241.63,1010.61,424.91,26041.85
1280,1339,person,1154.18,487.13,143.27,287.11,1154.18,487.13,41134.73
1280,1340,person,1091.97,423.57,141.12,254.02,1091.97,423.57,35848.72
1280,1341,person,868.49,408.6,73.69,184.68,868.49,408.6,13608.68
1281,1337,person,1010.75,422.52,104.77,236.99,1010.75,422.52,24829.77
1281,1339,person,1155.71,487.62,142.41,284.37,1155.71,487.62,40496.77
1281,1340,person,1093.84,422.36,140.88,256.72,1093.84,422.36,36167.7
1281,1341,person,870.63,407.1,75.24,187.08,870.63,407.1,14075.69
1282,1337,person,1011.55,422.9,103.07,235.35,1011.55,422.9,24256.43
1282,1339,person,1157.08,486.66,142.15,283.09,1157.08,486.66,40240.55
1282,1340,person,1095.19,422.36,140.01,258.41,1095.19,422.36,36180.98
1282,1341,person,871.46,405.69,77.43,191.2,871.46,405.69,14805.55
1283,1337,person,1011.84,423.13,102.63,236.56,1011.84,423.13,24279.36
1283,1339,person,1157.83,486.56,142.89,283.96,1157.83,486.56,40573.89
1283,1340,person,1096.49,421.71,138.8,259.57,1096.49,421.71,36027.93
1283,1341,person,871.6,403.4,79.03,193.27,871.6,403.4,15274.19
1284,1337,person,1012.69,422.6,102.04,237.58,1012.69,422.6,24242.13
1284,1339,person,1159.19,486.37,143.46,284.53,1159.19,486.37,40820.12
1284,1340,person,1096.12,421.99,138.9,262.58,1096.12,421.99,36473.43
1284,1341,person,868.13,406.06,77.96,188.41,868.13,406.06,14688.23
1284,1347,person,859.35,413.29,115.09,194.74,859.35,413.29,22413.06
1285,1337,person,1012.96,423.16,101.76,239.23,1012.96,423.16,24343.04
1285,1339,person,1159.52,486.24,143.86,284.7,1159.52,486.24,40958.63
1285,1340,person,1096.02,422.14,137.67,262.66,1096.02,422.14,36159.87
1285,1341,person,860.63,406.93,78.46,189.23,860.63,406.93,14846.78
1285,1347,person,856.56,417.4,121.91,206.18,856.56,417.4,25135.99
1285,1348,person,694.34,373.42,102.89,335.16,694.34,373.42,34485.89
1286,1337,person,1013.53,423.39,101.07,240.21,1013.53,423.39,24277.18
1286,1339,person,1159.75,485.86,143.93,284.24,1159.75,485.86,40910.44
1286,1340,person,1092.53,423.1,137.8,263.97,1092.53,423.1,36374.91
1286,1347,person,853.82,414.32,121.28,204.55,853.82,414.32,24808.91
1286,1348,person,694.55,372.43,103.04,335.6,694.55,372.43,34581.31
1287,1337,person,1014.12,422.21,100.48,241.59,1014.12,422.21,24276.27
1287,1339,person,1159.9,485.74,143.8,283.41,1159.9,485.74,40755.21
1287,1340,person,1095.51,421.82,135.38,261.95,1095.51,421.82,35462.78
1287,1347,person,854.11,411.37,117.44,197.42,854.11,411.37,23185.38
1287,1348,person,696.5,370.48,102.9,334.56,696.5,370.48,34425.96
1288,1337,person,1014.53,421.31,99.55,241.93,1014.53,421.31,24083.17
1288,1339,person,1159.95,485.8,144.11,283.52,1159.95,485.8,40859.33
1288,1340,person,1093.38,422.75,134.98,262.76,1093.38,422.75,35468.34
1288,1347,person,853.11,409.79,117.37,196.51,853.11,409.79,23064.43
1289,1337,person,1016.47,422.62,99.25,244.43,1016.47,422.62,24260.16
1289,1339,person,1160.05,485.98,144.25,283.35,1160.05,485.98,40872.24
1289,1340,person,1091.29,422.81,135.33,264.15,1091.29,422.81,35746.86
1289,1347,person,850.77,408.41,117.81,196.32,850.77,408.41,23127.17
1290,1337,person,1017.97,422.94,99.07,247.79,1017.97,422.94,24547.07
1290,1339,person,1160.08,485.91,144.73,284.06,1160.08,485.91,41112.73
1290,1340,person,1095.3,421.13,133.27,263.2,1095.3,421.13,35075.95
1290,1347,person,849.3,408.8,116.76,193.98,849.3,408.8,22648.39
1290,1348,person,698.24,377.67,99.68,322.5,698.24,377.67,32147.04
1291,1337,person,1019.64,420.84,98.17,249.76,1019.64,420.84,24519.72
1291,1339,person,1160.24,486.26,144.68,283.72,1160.24,486.26,41048.39
1291,1340,person,1098.1,419.97,131.48,263.47,1098.1,419.97,34641.51
1291,1347,person,844.31,411.14,115.39,189.96,844.31,411.14,21920.24
1292,1337,person,1020.68,417.11,96.46,249.99,1020.68,417.11,24114.4
1292,1339,person,1160.41,486.67,144.92,284.11,1160.41,486.67,41174.59
1292,1340,person,1098.66,419.77,130.11,264.06,1098.66,419.77,34357.01
1292,1347,person,840.11,413.54,115.1,188.05,840.11,413.54,21644.75
1292,1348,person,695.1,401.69,86.38,275.39,695.1,401.69,23786.89
1293,1337,person,1021.33,416.23,95.19,251.07,1021.33,416.23,23898.71
1293,1339,person,1160.5,486.87,145.06,284.16,1160.5,486.87,41219.21
1293,1340,person,1098.14,419.96,129.11,265.01,1098.14,419.96,34214.62
1293,1347,person,834.24,416.65,121.58,199.45,834.24,416.65,24248.53
1294,1337,person,1021.65,416.0,93.54,250.67,1021.65,416.0,23448.7
1294,1339,person,1160.74,487.0,145.29,284.38,1160.74,487.0,41317.02
1294,1340,person,1098.25,419.98,128.03,265.68,1098.25,419.98,34016.03
1294,1347,person,831.69,418.58,125.02,205.94,831.69,418.58,25747.18
1295,1337,person,1022.19,415.67,92.02,250.5,1022.19,415.67,23051.34
1295,1339,person,1161.27,487.12,145.58,284.66,1161.27,487.12,41440.78
1295,1340,person,1099.46,419.48,126.43,265.38,1099.46,419.48,33550.46
1295,1347,person,829.32,425.14,125.4,207.86,829.32,425.14,26064.26
1296,1337,person,1022.12,415.65,90.5,250.3,1022.12,415.65,22651.43
1296,1339,person,1161.26,486.92,145.81,285.01,1161.26,486.92,41557.6
1296,1340,person,1099.83,419.19,124.85,264.94,1099.83,419.19,33076.28
1296,1347,person,827.43,426.58,126.54,212.24,827.43,426.58,26856.9
1296,1348,person,695.79,399.96,89.74,282.92,695.79,399.96,25388.66
1297,1337,person,1021.9,416.45,88.21,247.42,1021.9,416.45,21825.09
1297,1339,person,1161.02,486.96,145.52,284.18,1161.02,486.96,41355.61
1297,1340,person,1100.55,418.62,123.23,264.14,1100.55,418.62,32549.09
1297,1347,person,824.67,426.09,125.44,213.51,824.67,426.09,26782.43
1297,1348,person,694.11,404.32,87.63,272.78,694.11,404.32,23902.73
1298,1337,person,1021.44,416.14,87.24,247.7,1021.44,416.14,21608.53
1298,1339,person,1160.91,487.3,145.03,282.85,1160.91,487.3,41022.76
1298,1340,person,1101.93,417.39,121.18,262.17,1101.93,417.39,31769.75
1298,1347,person,819.65,427.65,122.76,212.54,819.65,427.65,26091.21
1298,1348,person,692.67,405.34,87.02,269.08,692.67,405.34,23414.12
1299,1337,person,1021.57,414.33,87.33,251.24,1021.57,414.33,21941.16
1299,1339,person,1161.12,487.91,143.36,278.65,1161.12,487.91,39947.48
1299,1340,person,1102.7,416.61,120.68,262.58,1102.7,416.61,31687.03
1299,1347,person,814.79,424.72,123.85,219.66,814.79,424.72,27204.18
1299,1348,person,692.15,405.5,87.21,267.95,692.15,405.5,23366.77
1300,1337,person,1021.89,413.43,86.44,251.49,1021.89,413.43,21738.44
1300,1339,person,1160.48,488.0,142.77,276.08,1160.48,488.0,39416.75
1300,1340,person,1102.33,416.54,120.81,264.07,1102.33,416.54,31903.11
1300,1347,person,812.45,424.52,123.35,223.77,812.45,424.52,27601.26
1300,1348,person,692.03,404.57,88.24,269.37,692.03,404.57,23768.16
1301,1337,person,1022.18,412.45,85.62,252.02,1022.18,412.45,21578.72
1301,1339,person,1160.02,487.64,143.09,275.58,1160.02,487.64,39433.31
1301,1340,person,1102.75,416.39,120.47,264.02,1102.75,416.39,31807.47
1301,1347,person,808.29,425.6,120.05,223.43,808.29,425.6,26821.54
1301,1348,person,692.41,404.29,88.6,268.76,692.41,404.29,23812.59
1302,1337,person,1022.39,412.0,84.97,252.92,1022.39,412.0,21490.16
1302,1339,person,1159.96,487.69,143.14,274.54,1159.96,487.69,39297.12
1302,1340,person,1103.07,416.13,120.27,264.18,1103.07,416.13,31772.73
1302,1347,person,807.17,427.11,117.46,223.81,807.17,427.11,26288.44
1302,1348,person,691.72,403.81,88.77,268.51,691.72,403.81,23835.35
1303,1337,person,1022.27,411.8,84.08,252.81,1022.27,411.8,21257.19
1303,1339,person,1159.79,488.19,143.09,273.37,1159.79,488.19,39117.14
1303,1340,person,1104.06,415.6,119.46,262.93,1104.06,415.6,31408.18
1303,1347,person,804.59,424.75,112.0,218.96,804.59,424.75,24523.71
1303,1348,person,692.06,403.19,89.01,268.37,692.06,403.19,23888.75
1304,1337,person,1022.23,410.99,83.08,252.32,1022.23,410.99,20962.75
1304,1339,person,1159.7,488.16,143.28,272.82,1159.7,488.16,39091.05
1304,1340,person,1104.63,415.2,119.01,262.12,1104.63,415.2,31194.88
1304,1347,person,802.63,423.02,109.46,219.32,802.63,423.02,24005.37
1304,1348,person,692.47,403.63,89.35,268.28,692.47,403.63,23971.01
1305,1337,person,1022.0,410.75,82.44,252.66,1022.0,410.75,20828.6
1305,1339,person,1159.46,487.76,143.91,273.31,1159.46,487.76,39331.02
1305,1340,person,1105.62,414.94,118.79,261.49,1105.62,414.94,31062.17
1305,1347,person,800.95,423.24,107.41,220.27,800.95,423.24,23658.74
1305,1348,person,692.78,403.56,89.14,266.62,692.78,403.56,23766.17
1306,1337,person,1022.1,411.68,81.36,251.46,1022.1,411.68,20458.02
1306,1339,person,1159.27,487.45,144.5,273.9,1159.27,487.45,39578.62
1306,1340,person,1105.06,414.94,118.61,261.26,1105.06,414.94,30989.26
1306,1347,person,800.15,423.3,105.47,220.86,800.15,423.3,23293.31
1306,1348,person,692.75,403.33,89.15,266.1,692.75,403.33,23724.17
1307,1337,person,1022.05,411.38,80.58,250.97,1022.05,411.38,20223.14
1307,1339,person,1159.46,487.67,144.34,273.0,1159.46,487.67,39405.81
1307,1340,person,1106.09,414.97,119.3,261.76,1106.09,414.97,31226.85
1307,1347,person,800.93,423.15,103.37,221.12,800.93,423.15,22856.75
1307,1348,person,693.49,402.69,89.57,266.43,693.49,402.69,23865.2
1308,1337,person,1021.86,411.28,79.77,250.28,1021.86,411.28,19966.28
1308,1339,person,1158.99,486.98,144.96,273.89,1158.99,486.98,39701.07
1308,1340,person,1104.57,414.89,119.36,261.86,1104.57,414.89,31255.75
1308,1347,person,800.66,423.36,101.46,220.95,800.66,423.36,22417.73
1308,1348,person,694.1,401.7,89.79,265.91,694.1,401.7,23875.53
1309,1337,person,1021.83,412.27,78.94,249.32,1021.83,412.27,19681.21
1309,1339,person,1158.6,486.99,144.85,273.35,1158.6,486.99,39593.43
1309,1340,person,1104.02,414.67,119.86,262.6,1104.02,414.67,31476.2
1309,1347,person,798.53,423.62,99.27,220.33,798.53,423.62,21872.03
1309,1348,person,693.73,401.66,89.97,265.29,693.73,401.66,23868.52
1310,1337,person,1021.64,410.95,77.83,247.33,1021.64,410.95,19248.35
1310,1339,person,1159.11,487.25,144.21,272.2,1159.11,487.25,39255.06
1310,1340,person,1104.72,414.15,120.28,262.92,1104.72,414.15,31625.18
1310,1347,person,796.91,424.16,97.85,220.68,796.91,424.16,21592.31
1310,1348,person,693.02,398.19,91.52,270.38,693.02,398.19,24745.35
1311,1337,person,1021.0,410.9,77.4,247.47,1021.0,410.9,19153.06
1311,1339,person,1158.42,486.65,144.18,271.9,1158.42,486.65,39201.97
1311,1340,person,1106.22,413.58,120.98,263.29,1106.22,413.58,31852.94
1311,1347,person,798.13,424.08,97.63,220.71,798.13,424.08,21547.35
1312,1337,person,1020.38,407.64,78.12,251.92,1020.38,407.64,19680.96
1312,1339,person,1157.55,486.5,144.02,271.1,1157.55,486.5,39042.84
1312,1340,person,1107.93,412.9,122.34,264.09,1107.93,412.9,32308.91
1312,1347,person,794.39,423.06,95.8,220.31,794.39,423.06,21104.87
1312,1348,person,694.48,397.66,90.57,263.98,694.48,397.66,23909.06
1313,1337,person,1019.49,412.71,75.69,244.94,1019.49,412.71,18538.78
1313,1339,person,1156.69,485.45,144.44,271.4,1156.69,485.45,39202.85
1313,1340,person,1108.4,412.84,124.08,265.99,1108.4,412.84,33005.28
1313,1347,person,790.52,420.89,92.97,218.69,790.52,420.89,20330.93
1313,1348,person,694.1,397.29,91.52,263.34,694.1,397.29,24100.69
1314,1337,person,1017.61,411.46,77.42,252.56,1017.61,411.46,19553.55
1314,1339,person,1155.9,485.36,144.55,271.03,1155.9,485.36,39176.8
1314,1340,person,1109.54,412.36,125.72,266.98,1109.54,412.36,33563.79
1314,1347,person,791.08,420.73,90.97,217.52,791.08,420.73,19788.27
1314,1348,person,694.19,396.21,91.68,258.91,694.19,396.21,23737.37
1315,1337,person,1015.66,409.62,79.34,260.17,1015.66,409.62,20641.74
1315,1339,person,1156.0,484.4,146.29,274.5,1156.0,484.4,40157.64
1315,1340,person,1109.21,411.41,127.02,267.63,1109.21,411.41,33995.61
1315,1347,person,789.03,418.44,88.08,215.25,789.03,418.44,18959.54
1315,1348,person,692.31,395.39,92.77,260.23,692.31,395.39,24141.43
1316,1337,person,1013.72,407.38,78.72,258.86,1013.72,407.38,20376.99
1316,1339,person,1155.55,481.56,148.77,279.85,1155.55,481.56,41632.3
1316,1340,person,1104.15,410.62,127.09,268.29,1104.15,410.62,34098.31
1316,1347,person,788.02,417.98,87.09,216.65,788.02,417.98,18868.6
1316,1348,person,693.29,392.9,94.06,260.64,693.29,392.9,24515.8
1317,1337,person,1011.63,404.93,78.2,257.79,1011.63,404.93,20158.12
1317,1339,person,1153.83,480.14,149.15,280.7,1153.83,480.14,41866.11
1317,1340,person,1102.74,408.52,126.18,265.58,1102.74,408.52,33510.37
1317,1347,person,785.95,416.32,87.61,221.02,785.95,416.32,19363.76
1317,1348,person,693.48,383.47,100.09,275.47,693.48,383.47,27570.37
1318,1337,person,1009.2,401.21,76.55,252.59,1009.2,401.21,19336.78
1318,1339,person,1152.53,476.73,151.25,285.34,1152.53,476.73,43157.82
1318,1340,person,1098.33,406.78,124.48,263.86,1098.33,406.78,32846.37
1318,1347,person,784.5,414.49,86.82,221.81,784.5,414.49,19258.06
1318,1348,person,691.73,368.77,109.55,302.99,691.73,368.77,33193.88
1319,1337,person,1006.44,400.98,76.4,251.95,1006.44,400.98,19249.39
1319,1339,person,1150.9,475.99,152.26,288.17,1150.9,475.99,43877.0
1319,1340,person,1095.56,405.01,122.85,261.62,1095.56,405.01,32140.74
1319,1347,person,783.77,413.37,86.56,222.64,783.77,413.37,19272.08
1319,1348,person,690.2,367.1,110.28,305.19,690.2,367.1,33654.5
1320,1337,person,1001.32,403.41,76.72,251.63,1001.32,403.41,19306.41
1320,1339,person,1148.11,475.43,152.61,289.83,1148.11,475.43,44229.52
1320,1340,person,1095.13,405.11,123.55,261.61,1095.13,405.11,32322.34
1320,1347,person,783.35,413.62,86.23,224.49,783.35,413.62,19357.31
1320,1348,person,687.01,365.76,110.68,307.32,687.01,365.76,34014.89
1321,1337,person,997.46,407.46,74.84,243.4,997.46,407.46,18214.79
1321,1339,person,1144.33,476.46,152.82,291.31,1144.33,476.46,44517.84
1321,1340,person,1094.77,405.38,124.55,261.17,1094.77,405.38,32529.07
1321,1347,person,781.03,413.76,85.6,223.7,781.03,413.76,19149.7
1321,1348,person,683.61,374.16,104.99,290.49,683.61,374.16,30499.93
1322,1337,person,994.8,406.56,76.62,249.56,994.8,406.56,19121.48
1322,1339,person,1140.98,480.16,149.08,284.25,1140.98,480.16,42376.76
1322,1340,person,1094.14,404.63,124.97,258.41,1094.14,404.63,32292.81
1322,1347,person,780.38,414.42,84.65,223.22,780.38,414.42,18895.33
1322,1348,person,681.43,382.5,99.9,274.33,681.43,382.5,27404.39
1323,1337,person,993.64,407.86,77.32,252.11,993.64,407.86,19494.45
1323,1339,person,1139.0,484.01,145.15,275.83,1139.0,484.01,40035.97
1323,1340,person,1092.29,407.35,127.54,260.78,1092.29,407.35,33259.31
1323,1347,person,778.49,415.82,83.37,221.69,778.49,415.82,18483.11
1323,1348,person,681.93,379.26,102.03,279.95,681.93,379.26,28562.01
1324,1337,person,992.8,408.61,77.23,252.38,992.8,408.61,19492.34
1324,1339,person,1136.78,486.27,143.49,271.6,1136.78,486.27,38971.12
1324,1340,person,1092.2,405.69,126.64,256.09,1092.2,405.69,32430.66
1324,1347,person,777.47,415.55,83.07,222.09,777.47,415.55,18449.31
1324,1348,person,681.72,386.01,98.2,266.78,681.72,386.01,26198.22
1325,1337,person,992.11,405.81,76.04,249.16,992.11,405.81,18946.56
1325,1339,person,1135.15,484.99,141.14,265.99,1135.15,484.99,37543.72
1325,1340,person,1091.25,403.85,125.99,253.02,1091.25,403.85,31878.72
1325,1347,person,777.42,414.81,82.14,221.16,777.42,414.81,18166.58
1325,1348,person,682.23,388.55,96.56,259.11,682.23,388.55,25020.01
1326,1337,person,991.36,402.06,74.55,244.43,991.36,402.06,18223.36
1326,1339,person,1134.76,479.41,142.91,269.14,1134.76,479.41,38463.95
1326,1340,person,1088.85,401.57,124.7,250.37,1088.85,401.57,31222.87
1326,1347,person,779.26,411.57,82.38,222.31,779.26,411.57,18314.01
1326,1356,person,199.31,546.07,132.44,97.45,199.31,546.07,12906.61
1327,1337,person,991.11,398.57,73.29,240.6,991.11,398.57,17634.41
1327,1339,person,1134.26,474.4,144.33,271.58,1134.26,474.4,39197.48
1327,1340,person,1078.23,403.75,127.88,255.9,1078.23,403.75,32724.02
1327,1347,person,779.1,409.53,81.59,221.57,779.1,409.53,18077.14
1327,1356,person,202.05,544.46,136.03,100.07,202.05,544.46,13612.56
1328,1337,person,990.16,396.21,72.33,237.33,990.16,396.21,17165.81
1328,1339,person,1132.67,471.52,143.76,269.55,1132.67,471.52,38749.61
1328,1340,person,1076.7,402.09,127.88,255.7,1076.7,402.09,32699.39
1328,1347,person,781.88,408.03,80.65,220.3,781.88,408.03,17766.92
1328,1356,person,204.13,543.17,139.76,102.74,204.13,543.17,14359.33
1328,1348,person,682.14,386.96,96.21,253.99,682.14,386.96,24437.38
1329,1337,person,989.08,394.22,71.0,232.55,989.08,394.22,16511.59
1329,1339,person,1131.17,468.36,144.07,269.75,1131.17,468.36,38862.41
1329,1340,person,1066.43,402.87,130.89,258.83,1066.43,402.87,33878.01
1329,1347,person,780.36,406.47,80.03,219.82,780.36,406.47,17591.12
1329,1356,person,205.68,541.8,142.64,104.75,205.68,541.8,14941.21
1329,1358,person,788.69,405.04,53.34,223.04,788.69,405.04,11896.5
1329,1348,person,681.32,385.18,97.44,254.29,681.32,385.18,24778.34
1330,1337,person,988.23,394.61,69.78,227.85,988.23,394.61,15899.54
1330,1339,person,1130.08,466.57,143.27,267.6,1130.08,466.57,38338.74
1330,1340,person,1061.12,402.62,132.28,259.08,1061.12,402.62,34270.99
1330,1347,person,779.53,405.08,79.58,219.61,779.53,405.08,17476.47
1330,1356,person,206.4,540.85,145.08,106.54,206.4,540.85,15457.2
1330,1358,person,788.16,404.79,53.05,221.84,788.16,404.79,11768.86
1330,1348,person,680.32,381.32,99.54,258.51,680.32,381.32,25731.54
1331,1337,person,987.66,394.32,69.36,225.93,987.66,394.32,15670.66
1331,1339,person,1128.25,466.02,143.74,268.27,1128.25,466.02,38560.88
1331,1340,person,1058.13,402.57,133.12,258.61,1058.13,402.57,34426.26
1331,1347,person,777.96,404.76,79.65,220.14,777.96,404.76,17534.37
1331,1356,person,207.49,540.11,146.71,107.78,207.49,540.11,15812.73
1331,1348,person,679.87,377.22,102.25,265.5,679.87,377.22,27146.75
1332,1337,person,986.25,394.64,69.71,227.05,986.25,394.64,15827.13
1332,1339,person,1125.05,467.05,145.45,271.4,1125.05,467.05,39476.39
1332,1340,person,1057.42,402.42,132.12,257.38,1057.42,402.42,34003.84
1332,1347,person,777.87,405.08,79.8,220.65,777.87,405.08,17607.41
1332,1356,person,209.31,539.16,148.65,109.32,209.31,539.16,16250.09
1332,1348,person,679.66,364.3,109.29,286.52,679.66,364.3,31313.52
1333,1337,person,983.7,397.86,70.07,227.37,983.7,397.86,15930.91
1333,1339,person,1122.44,468.47,146.93,274.05,1122.44,468.47,40264.81
1333,1340,person,1059.93,401.19,129.21,254.41,1059.93,401.19,32872.15
1333,1347,person,777.39,405.15,79.4,220.65,777.39,405.15,17520.18
1333,1356,person,210.78,538.39,150.3,110.76,210.78,538.39,16647.05
1333,1348,person,679.21,373.31,103.56,270.94,679.21,373.31,28059.34
1334,1337,person,982.13,399.97,72.92,237.5,982.13,399.97,17317.74
1334,1339,person,1120.62,469.24,147.27,274.65,1120.62,469.24,40446.74
1334,1340,person,1060.27,401.0,127.3,252.33,1060.27,401.0,32120.47
1334,1347,person,775.5,405.86,79.3,220.26,775.5,405.86,17466.45
1334,1356,person,212.53,538.29,150.43,111.22,212.53,538.29,16731.71
1334,1348,person,677.88,380.72,98.81,257.48,677.88,380.72,25441.89
1335,1337,person,979.51,400.42,73.51,239.11,979.51,400.42,17578.32
1335,1339,person,1118.62,468.64,147.01,274.48,1118.62,468.64,40351.91
1335,1340,person,1058.93,401.28,126.12,251.38,1058.93,401.28,31703.89
1335,1347,person,772.5,406.39,78.91,219.9,772.5,406.39,17352.23
1335,1356,person,212.88,538.08,150.53,111.67,212.88,538.08,16810.46
1336,1337,person,975.39,399.27,73.37,237.6,975.39,399.27,17433.61
1336,1339,person,1116.26,468.02,146.68,274.07,1116.26,468.02,40200.98
1336,1340,person,1055.67,400.97,125.03,249.54,1055.67,400.97,31199.97
1336,1347,person,768.55,406.31,77.97,217.35,768.55,406.31,16947.12
1336,1356,person,213.31,537.47,151.39,112.81,213.31,537.47,17077.85
1337,1337,person,972.21,398.77,74.0,237.93,972.21,398.77,17606.86
1337,1339,person,1114.07,468.47,146.95,274.97,1114.07,468.47,40406.91
1337,1340,person,1051.55,401.12,126.0,249.42,1051.55,401.12,31427.53
1337,1347,person,766.16,406.14,77.09,214.68,766.16,406.14,16548.69
1337,1356,person,213.42,536.84,152.25,114.03,213.42,536.84,17360.95
1338,1337,person,969.43,398.25,74.48,237.62,969.43,398.25,17698.18
1338,1339,person,1112.24,467.73,146.43,274.38,1112.24,467.73,40178.52
1338,1340,person,1053.93,401.37,127.0,250.85,1053.93,401.37,31856.84
1338,1347,person,764.28,405.63,76.86,213.95,764.28,405.63,16443.95
1338,1356,person,212.98,536.08,153.17,115.37,212.98,536.08,17671.57
1338,1348,person,683.04,354.69,118.47,308.53,683.04,354.69,36551.66
1339,1337,person,967.16,396.18,74.22,235.03,967.16,396.18,17443.65
1339,1339,person,1109.3,466.46,145.99,273.25,1109.3,466.46,39891.06
1339,1340,person,1053.73,401.28,127.51,251.87,1053.73,401.28,32114.34
1339,1347,person,761.87,405.17,77.11,214.72,761.87,405.17,16557.44
1339,1356,person,212.74,535.33,153.71,116.41,212.74,535.33,17892.73
1339,1348,person,684.69,353.29,120.22,310.2,684.69,353.29,37291.51
1340,1337,person,966.09,392.66,73.63,232.08,966.09,392.66,17087.05
1340,1339,person,1109.03,465.1,144.44,270.75,1109.03,465.1,39107.29
1340,1340,person,1052.23,398.43,125.43,248.49,1052.23,398.43,31166.95
1340,1347,person,758.81,404.82,77.05,216.44,758.81,404.82,16676.79
1340,1356,person,212.45,533.52,155.55,118.39,212.45,533.52,18415.68
1341,1337,person,965.61,390.91,73.65,231.29,965.61,390.91,17033.7
1341,1339,person,1109.94,462.95,142.96,268.69,1109.94,462.95,38410.8
1341,1340,person,1050.92,396.64,124.16,247.44,1050.92,396.64,30723.48
1341,1347,person,755.98,404.75,76.37,216.26,755.98,404.75,16515.62
1341,1356,person,212.43,532.05,157.86,120.89,212.43,532.05,19084.37
1342,1337,person,964.89,391.32,74.44,232.01,964.89,391.32,17270.57
1342,1339,person,1111.14,461.29,142.12,267.59,1111.14,461.29,38030.0
1342,1340,person,1050.59,395.27,123.26,247.1,1050.59,395.27,30458.96
1342,1347,person,755.76,403.82,76.06,216.14,755.76,403.82,16438.93
1342,1356,person,213.13,530.94,159.32,122.71,213.13,530.94,19549.64
1343,1337,person,965.18,391.52,75.05,232.72,965.18,391.52,17465.42
1343,1339,person,1112.54,460.26,141.65,267.12,1112.54,460.26,37838.84
1343,1340,person,1051.71,394.97,122.82,247.58,1051.71,394.97,30408.08
1343,1347,person,755.71,401.47,75.32,215.05,755.71,401.47,16196.91
1343,1356,person,213.66,530.07,160.39,124.28,213.66,530.07,19933.2
1344,1337,person,965.99,391.67,75.27,232.11,965.99,391.67,17470.1
1344,1339,person,1113.89,460.3,141.54,267.32,1113.89,460.3,37836.05
1344,1340,person,1053.27,396.19,123.38,249.85,1053.27,396.19,30826.56
1344,1347,person,755.64,402.73,75.08,214.78,755.64,402.73,16124.92
1344,1356,person,214.33,530.83,158.98,123.89,214.33,530.83,19695.76
1345,1337,person,967.18,392.09,75.7,231.6,967.18,392.09,17531.04
1345,1339,person,1115.25,460.34,141.62,267.77,1115.25,460.34,37920.86
1345,1340,person,1050.21,396.67,124.66,250.84,1050.21,396.67,31268.27
1345,1347,person,756.23,402.15,74.95,215.2,756.23,402.15,16128.59
1345,1356,person,216.43,530.97,159.27,125.09,216.43,530.97,19923.24
1346,1337,person,968.14,391.8,76.47,232.15,968.14,391.8,17752.92
1346,1339,person,1116.82,460.06,141.61,267.77,1116.82,460.06,37919.14
1346,1340,person,1046.96,397.08,127.87,253.86,1046.96,397.08,32461.95
1346,1347,person,756.96,400.64,75.19,217.56,756.96,400.64,16358.93
1346,1356,person,218.23,530.31,160.37,127.0,218.23,530.31,20367.45
1347,1337,person,967.11,389.54,77.01,230.02,967.11,389.54,17712.73
1347,1339,person,1118.33,460.14,141.72,267.73,1118.33,460.14,37943.01
1347,1340,person,1055.1,394.37,125.31,249.61,1055.1,394.37,31279.19
1347,1347,person,759.24,399.28,75.76,221.24,759.24,399.28,16761.1
1347,1356,person,219.87,529.73,160.99,128.56,219.87,529.73,20696.96
1348,1337,person,966.67,388.22,77.02,225.95,966.67,388.22,17402.84
1348,1339,person,1120.01,460.66,141.93,267.7,1120.01,460.66,37995.15
1348,1340,person,1059.68,392.99,124.23,248.45,1059.68,392.99,30864.97
1348,1347,person,761.86,398.88,75.73,222.95,761.86,398.88,16883.81
1348,1356,person,221.6,529.4,160.84,129.28,221.6,529.4,20792.11
1349,1337,person,966.9,384.33,76.0,218.31,966.9,384.33,16590.58
1349,1339,person,1122.01,460.53,142.06,267.88,1122.01,460.53,38053.28
1349,1340,person,1063.05,392.01,122.94,247.56,1063.05,392.01,30433.63
1349,1347,person,766.96,398.14,77.09,225.47,766.96,398.14,17381.91
1349,1356,person,222.36,528.84,161.38,130.56,222.36,528.84,21069.65
1350,1337,person,965.77,381.57,76.51,214.7,965.77,381.57,16426.07
1350,1339,person,1123.77,460.12,142.27,268.88,1123.77,460.12,38252.98
1350,1340,person,1064.53,391.09,123.12,249.2,1064.53,391.09,30681.02
1350,1347,person,765.41,398.13,76.77,226.73,765.41,398.13,17406.47
1350,1356,person,239.74,558.54,231.56,191.83,239.74,558.54,44421.62
1351,1337,person,963.84,382.6,78.79,216.77,963.84,382.6,17079.97
1351,1339,person,1125.21,459.17,142.28,269.51,1125.21,459.17,38345.51
1351,1340,person,1064.66,390.54,123.28,250.6,1064.66,390.54,30893.01
1351,1347,person,765.19,397.75,76.28,227.69,765.19,397.75,17368.2
1351,1356,person,245.43,568.59,251.87,213.39,245.43,568.59,53746.42
1352,1337,person,962.16,380.47,80.01,215.36,962.16,380.47,17231.02
1352,1339,person,1126.75,458.7,141.68,269.15,1126.75,458.7,38133.26
1352,1340,person,1066.68,389.96,122.29,250.28,1066.68,389.96,30605.45
1352,1347,person,765.28,397.91,75.46,227.68,765.28,397.91,17179.67
1352,1356,person,247.71,572.25,257.49,223.15,247.71,572.25,57456.98
1353,1337,person,958.69,379.31,80.05,209.79,958.69,379.31,16792.8
1353,1339,person,1127.36,458.59,141.26,269.06,1127.36,458.59,38006.55
1353,1340,person,1067.35,390.12,121.93,251.08,1067.35,390.12,30613.45
1353,1347,person,765.85,397.06,74.86,228.04,765.85,397.06,17070.75
1353,1356,person,248.28,573.6,256.57,227.03,248.28,573.6,58247.31
1354,1337,person,954.37,378.65,81.08,205.69,954.37,378.65,16676.6
1354,1339,person,1128.68,457.72,138.92,265.12,1128.68,457.72,36831.6
1354,1340,person,1066.83,390.02,121.64,251.55,1066.83,390.02,30597.19
1354,1347,person,766.06,396.42,74.33,228.26,766.06,396.42,16966.68
1354,1356,person,248.27,573.86,253.4,228.59,248.27,573.86,57923.65
1355,1337,person,953.34,377.23,82.57,204.05,953.34,377.23,16848.12
1355,1339,person,1128.77,457.28,138.44,264.64,1128.77,457.28,36636.67
1355,1340,person,1065.57,389.87,121.76,252.28,1065.57,389.87,30717.62
1355,1347,person,766.62,396.1,73.86,228.5,766.62,396.1,16878.01
1355,1356,person,248.99,573.47,249.57,228.95,248.99,573.47,57138.96
1356,1337,person,954.63,378.23,83.86,204.76,954.63,378.23,17170.86
1356,1339,person,1126.95,456.96,139.27,265.95,1126.95,456.96,37038.7
1356,1340,person,1063.55,389.51,122.08,252.65,1063.55,389.51,30842.98
1356,1347,person,766.32,395.42,73.54,228.98,766.32,395.42,16838.54
1356,1356,person,248.9,572.37,245.55,228.54,248.9,572.37,56118.11
1357,1337,person,957.61,377.91,81.59,200.16,957.61,377.91,16330.94
1357,1339,person,1124.69,456.37,139.48,265.36,1124.69,456.37,37012.11
1357,1340,person,1063.04,388.82,122.37,252.68,1063.04,388.82,30919.32
1357,1347,person,766.99,394.15,73.21,229.38,766.99,394.15,16793.31
1357,1356,person,247.79,571.15,241.55,227.74,247.79,571.15,55010.33
1358,1337,person,955.18,378.29,81.18,198.16,955.18,378.29,16086.3
1358,1339,person,1122.91,456.48,141.05,267.28,1122.91,456.48,37699.47
1358,1340,person,1062.05,388.16,122.58,251.92,1062.05,388.16,30881.6
1358,1347,person,767.97,391.69,72.02,225.73,767.97,391.69,16256.1
1358,1356,person,246.28,570.26,238.1,227.17,246.28,570.26,54089.63
1359,1337,person,950.3,380.16,81.79,197.19,950.3,380.16,16128.29
1359,1339,person,1121.8,456.45,141.94,268.02,1121.8,456.45,38044.37
1359,1340,person,1058.81,388.4,124.78,253.86,1058.81,388.4,31676.11
1359,1347,person,770.88,389.09,71.69,223.12,770.88,389.09,15994.9
1359,1356,person,244.59,569.37,234.92,226.81,244.59,569.37,53283.54
1360,1337,person,946.12,379.19,82.1,196.25,946.12,379.19,16112.54
1360,1339,person,1121.15,456.19,142.61,268.4,1121.15,456.19,38275.88
1360,1340,person,1055.45,388.17,127.09,254.5,1055.45,388.17,32344.71
1360,1347,person,771.06,388.2,71.8,222.7,771.06,388.2,15990.27
1360,1356,person,243.43,568.34,232.4,226.83,243.43,568.34,52714.6
1361,1337,person,939.41,378.66,81.52,191.63,939.41,378.66,15620.61
1361,1339,person,1120.88,455.76,143.05,268.8,1120.88,455.76,38452.19
1361,1340,person,1053.99,387.45,128.89,254.27,1053.99,387.45,32772.38
1361,1347,person,771.49,386.26,71.48,219.65,771.49,386.26,15701.32
1361,1356,person,242.08,567.59,229.84,226.68,242.08,567.59,52101.75
1362,1337,person,934.32,378.62,81.26,187.69,934.32,378.62,15251.67
1362,1339,person,1120.47,454.87,143.17,268.79,1120.47,454.87,38481.44
1362,1340,person,1056.06,386.29,128.64,251.6,1056.06,386.29,32365.48
1362,1347,person,768.99,384.97,70.15,216.35,768.99,384.97,15177.19
1362,1356,person,239.6,568.13,225.55,224.5,239.6,568.13,50634.51
1363,1337,person,926.93,378.33,81.61,183.93,926.93,378.33,15010.32
1363,1339,person,1119.69,454.83,143.62,269.57,1119.69,454.83,38716.29
1363,1340,person,1055.27,385.16,129.6,250.55,1055.27,385.16,32470.29
1363,1347,person,767.24,383.56,69.09,214.76,767.24,383.56,14839.15
1363,1356,person,239.16,566.34,225.33,226.31,239.16,566.34,50994.25
1364,1337,person,922.99,377.84,82.85,182.43,922.99,377.84,15113.91
1364,1339,person,1118.87,454.68,144.17,270.96,1118.87,454.68,39064.67
1364,1340,person,1051.63,384.43,131.43,249.94,1051.63,384.43,32850.6
1364,1347,person,767.0,381.89,67.94,212.05,767.0,381.89,14407.25
1364,1356,person,238.17,565.21,224.37,227.12,238.17,565.21,50959.57
1365,1337,person,918.28,378.0,84.97,182.55,918.28,378.0,15511.25
1365,1339,person,1118.23,454.22,144.35,271.89,1118.23,454.22,39246.77
1365,1340,person,1046.92,384.23,134.52,250.64,1046.92,384.23,33716.55
1365,1347,person,766.85,379.67,67.02,209.36,766.85,379.67,14030.45
1365,1356,person,236.4,564.27,223.2,227.76,236.4,564.27,50836.17
1366,1337,person,913.68,378.1,86.56,180.44,913.68,378.1,15618.63
1366,1339,person,1117.9,453.95,143.57,270.81,1117.9,453.95,38878.91
1366,1340,person,1046.94,384.41,137.51,251.59,1046.94,384.41,34597.53
1366,1347,person,766.66,379.18,66.16,206.87,766.66,379.18,13685.59
1366,1356,person,235.89,563.34,221.98,228.13,235.89,563.34,50639.79
1367,1337,person,911.43,377.19,88.87,180.34,911.43,377.19,16027.12
1367,1339,person,1118.31,453.11,143.46,271.33,1118.31,453.11,38924.16
1367,1340,person,1045.38,384.1,139.66,251.75,1045.38,384.1,35158.12
1367,1347,person,766.57,378.49,65.78,206.4,766.57,378.49,13577.68
1367,1356,person,234.93,562.72,220.51,228.29,234.93,562.72,50340.47
1368,1337,person,909.69,377.36,90.45,178.66,909.69,377.36,16159.36
1368,1339,person,1118.71,452.28,143.69,272.71,1118.71,452.28,39184.69
1368,1340,person,1044.25,383.72,140.95,251.08,1044.25,383.72,35389.83
1368,1347,person,767.41,377.09,66.12,207.84,767.41,377.09,13742.72
1368,1356,person,234.68,562.25,219.14,228.35,234.68,562.25,50040.78
1369,1337,person,908.12,378.75,91.91,176.48,908.12,378.75,16219.24
1369,1339,person,1119.0,452.22,143.12,272.49,1119.0,452.22,38998.36
1369,1340,person,1043.9,383.53,142.67,251.29,1043.9,383.53,35851.7
1369,1347,person,767.81,377.04,66.44,208.96,767.81,377.04,13882.57
1369,1356,person,235.55,561.91,217.91,228.12,235.55,561.91,49708.07
1370,1337,person,907.43,379.65,93.32,174.31,907.43,379.65,16266.17
1370,1339,person,1119.08,452.0,142.58,272.29,1119.08,452.0,38821.88
1370,1340,person,1043.72,383.4,144.21,251.44,1043.72,383.4,36259.88
1370,1347,person,768.25,377.17,66.61,209.53,768.25,377.17,13957.19
1370,1356,person,235.38,561.75,216.47,227.81,235.38,561.75,49314.12
1371,1337,person,906.85,379.67,95.54,173.97,906.85,379.67,16620.67
1371,1339,person,1119.22,451.92,142.55,272.74,1119.22,451.92,38880.0
1371,1340,person,1043.79,382.84,145.42,252.05,1043.79,382.84,36654.73
1371,1347,person,768.39,375.55,65.92,206.55,768.39,375.55,13614.96
1371,1356,person,235.56,561.57,215.44,227.73,235.56,561.57,49062.74
1372,1337,person,905.91,379.74,98.08,174.05,905.91,379.74,17069.9
1372,1339,person,1119.43,451.92,142.07,271.99,1119.43,451.92,38640.06
1372,1340,person,1044.35,383.1,147.36,254.15,1044.35,383.1,37452.12
1372,1347,person,768.36,375.38,66.06,207.89,768.36,375.38,13732.92
1372,1356,person,235.54,561.29,214.18,227.42,235.54,561.29,48709.29
1373,1337,person,905.16,380.18,99.79,172.67,905.16,380.18,17230.45
1373,1339,person,1119.38,451.46,141.66,271.53,1119.38,451.46,38466.0
1373,1340,person,1044.42,382.64,147.7,253.42,1044.42,382.64,37431.42
1373,1347,person,768.78,376.92,67.12,212.0,768.78,376.92,14228.19
1373,1356,person,234.89,561.05,212.94,227.34,234.89,561.05,48410.48
1374,1337,person,901.83,380.23,102.13,171.19,901.83,380.23,17484.31
1374,1339,person,1118.85,450.99,141.46,271.31,1118.85,450.99,38379.29
1374,1340,person,1044.66,382.13,148.02,253.1,1044.66,382.13,37463.09
1374,1347,person,772.04,379.04,68.82,217.08,772.04,379.04,14939.89
1374,1356,person,234.76,560.55,211.78,227.17,234.76,560.55,48110.82
1375,1337,person,899.98,380.15,104.96,170.7,899.98,380.15,17918.02
1375,1339,person,1118.05,450.6,141.43,271.29,1118.05,450.6,38368.53
1375,1340,person,1045.02,381.92,148.28,252.91,1045.02,381.92,37499.93
1375,1347,person,774.05,380.33,70.56,221.5,774.05,380.33,15628.47
1375,1356,person,234.48,560.14,210.68,227.13,234.48,560.14,47851.31
1376,1337,person,898.75,380.03,107.36,169.71,898.75,380.03,18218.92
1376,1339,person,1117.67,449.89,141.4,271.55,1117.67,449.89,38397.53
1376,1340,person,1044.98,381.98,148.45,252.63,1044.98,381.98,37503.14
1376,1347,person,779.25,381.29,73.05,223.78,779.25,381.29,16347.08
1376,1356,person,233.72,559.83,209.41,227.07,233.72,559.83,47549.27
1377,1337,person,894.88,379.64,110.63,169.19,894.88,379.64,18718.72
1377,1339,person,1116.85,450.47,141.73,273.06,1116.85,450.47,38701.5
1377,1340,person,1049.47,384.85,151.26,259.2,1049.47,384.85,39208.32
1377,1347,person,781.3,381.63,74.8,223.42,781.3,381.63,16711.77
1377,1356,person,232.66,559.38,208.47,227.46,232.66,559.38,47420.2
1377,1360,person,770.02,380.96,65.5,212.4,770.02,380.96,13913.08
1378,1337,person,892.58,379.11,113.27,167.96,892.58,379.11,19025.46
1378,1339,person,1116.8,449.83,141.45,273.48,1116.8,449.83,38684.49
1378,1340,person,1047.53,384.98,150.99,258.97,1047.53,384.98,39102.62
1378,1347,person,779.01,380.74,73.89,217.41,779.01,380.74,16064.65
1378,1356,person,232.64,558.86,207.28,227.21,232.64,558.86,47095.42
1379,1337,person,893.11,379.14,115.56,167.69,893.11,379.14,19378.72
1379,1339,person,1117.34,449.07,139.96,271.55,1117.34,449.07,38007.08
1379,1340,person,1050.32,384.83,149.8,259.84,1050.32,384.83,38924.95
1379,1347,person,778.75,380.32,74.43,215.64,778.75,380.32,16049.29
1379,1356,person,232.63,558.47,206.42,227.13,232.63,558.47,46883.7
1380,1337,person,892.59,378.57,117.16,166.49,892.59,378.57,19506.34
1380,1339,person,1116.86,449.02,138.72,269.58,1116.86,449.02,37396.14
1380,1340,person,1052.15,384.09,148.08,259.6,1052.15,384.09,38441.12
1380,1347,person,778.57,379.53,75.47,215.86,778.57,379.53,16290.81
1380,1356,person,233.43,557.95,205.88,227.1,233.43,557.95,46755.04
1381,1337,person,892.16,378.63,119.36,166.22,892.16,378.63,19840.65
1381,1339,person,1116.62,450.03,138.05,268.44,1116.62,450.03,37057.96
1381,1340,person,1054.76,383.52,146.84,260.14,1054.76,383.52,38199.62
1381,1356,person,233.88,557.78,205.56,227.27,233.88,557.78,46717.75
1381,1360,person,773.15,375.89,64.15,206.34,773.15,375.89,13235.96
1382,1337,person,891.87,378.88,122.06,166.72,891.87,378.88,20349.7
1382,1339,person,1116.34,450.62,138.11,268.47,1116.34,450.62,37079.92
1382,1340,person,1055.85,384.13,146.83,262.72,1055.85,384.13,38574.86
1382,1356,person,234.1,557.6,205.19,227.44,234.1,557.6,46667.51
1382,1347,person,776.58,374.65,74.13,210.68,776.58,374.65,15618.15
1383,1337,person,891.89,379.11,124.83,167.68,891.89,379.11,20930.37
1383,1339,person,1116.19,450.84,137.61,267.11,1116.19,450.84,36756.21
1383,1340,person,1057.8,383.4,145.33,262.31,1057.8,383.4,38123.28
1383,1356,person,234.04,557.54,204.69,227.47,234.04,557.54,46560.76
1383,1347,person,776.29,374.04,73.43,206.69,776.29,374.04,15176.01
1384,1337,person,890.98,378.92,127.09,167.84,890.98,378.92,21330.61
1384,1339,person,1116.53,450.58,138.39,268.74,1116.53,450.58,37191.19
1384,1340,person,1056.24,383.28,144.22,262.58,1056.24,383.28,37868.89
1384,1356,person,234.49,557.54,204.24,227.48,234.49,557.54,46460.91
1384,1347,person,776.38,372.29,73.16,203.87,776.38,372.29,14916.21
1385,1337,person,889.5,378.71,129.39,167.92,889.5,378.71,21726.78
1385,1339,person,1116.85,449.48,138.88,270.05,1116.85,449.48,37504.95
1385,1340,person,1055.17,382.62,142.23,261.51,1055.17,382.62,37195.55
1385,1356,person,234.34,557.44,203.66,227.45,234.34,557.44,46320.88
1385,1347,person,776.17,371.11,72.83,200.97,776.17,371.11,14636.08
1386,1337,person,889.5,378.73,131.44,168.17,889.5,378.73,22104.05
1386,1339,person,1117.09,448.52,138.3,269.28,1117.09,448.52,37241.16
1386,1340,person,1055.22,381.82,139.58,259.34,1055.22,381.82,36198.55
1386,1356,person,233.6,557.32,203.02,227.58,233.6,557.32,46202.52
1386,1347,person,776.06,370.04,72.98,199.93,776.06,370.04,14590.0
1387,1337,person,890.16,378.75,133.0,168.26,890.16,378.75,22378.09
1387,1339,person,1117.37,448.0,138.24,269.71,1117.37,448.0,37283.1
1387,1340,person,1055.54,381.67,138.12,259.05,1055.54,381.67,35780.35
1387,1356,person,233.82,557.32,202.36,227.59,233.82,557.32,46056.29
1387,1347,person,776.58,368.98,73.66,200.42,776.58,368.98,14762.38
1388,1337,person,889.83,378.46,133.59,166.94,889.83,378.46,22301.6
1388,1339,person,1117.61,447.73,138.36,270.55,1117.61,447.73,37433.06
1388,1340,person,1052.05,381.39,136.89,257.46,1052.05,381.39,35242.86
1388,1356,person,235.05,557.09,201.67,227.32,235.05,557.09,45844.36
1388,1347,person,777.52,367.64,74.22,200.36,777.52,367.64,14871.17
1389,1337,person,889.6,378.26,134.63,166.11,889.6,378.26,22364.16
1389,1339,person,1117.94,447.93,137.56,269.43,1117.94,447.93,37062.16
1389,1340,person,1051.46,381.34,136.8,257.06,1051.46,381.34,35166.31
1389,1356,person,235.96,557.08,201.11,227.23,235.96,557.08,45698.66
1389,1347,person,778.42,367.27,74.8,200.61,778.42,367.27,15006.73
1390,1337,person,889.14,378.55,136.03,165.78,889.14,378.55,22551.02
1390,1339,person,1118.5,448.28,137.27,269.34,1118.5,448.28,36971.48
1390,1340,person,1050.88,380.06,135.28,253.24,1050.88,380.06,34258.45
1390,1356,person,236.53,557.25,200.57,227.23,236.53,557.25,45576.49
1390,1347,person,779.96,366.76,76.26,203.32,779.96,366.76,15505.39
1391,1337,person,888.54,378.78,137.66,165.74,888.54,378.78,22816.19
1391,1339,person,1119.01,448.99,137.14,269.36,1119.01,448.99,36938.74
1391,1340,person,1052.38,379.33,134.95,251.96,1052.38,379.33,34002.54
1391,1356,person,238.8,557.25,200.51,227.1,238.8,557.25,45535.95
1391,1347,person,780.83,367.35,76.77,203.44,780.83,367.35,15618.57
1392,1337,person,889.34,379.53,139.58,166.41,889.34,379.53,23227.5
1392,1339,person,1120.01,448.81,136.23,267.8,1120.01,448.81,36481.78
1392,1340,person,1052.84,379.97,136.18,253.3,1052.84,379.97,34496.07
1392,1356,person,240.48,557.45,200.67,227.25,240.48,557.45,45600.81
1392,1347,person,782.83,368.0,78.02,204.92,782.83,368.0,15987.81
1392,1362,person,679.01,353.7,106.28,245.85,679.01,353.7,26130.1
1393,1337,person,891.3,379.24,139.88,165.62,891.3,379.24,23167.19
1393,1339,person,1121.06,448.96,136.96,269.91,1121.06,448.96,36967.8
1393,1340,person,1052.05,380.55,136.36,252.95,1052.05,380.55,34491.13
1393,1356,person,241.41,557.73,200.53,227.28,241.41,557.73,45575.18
1393,1347,person,784.98,368.87,79.25,207.3,784.98,368.87,16428.86
1393,1362,person,680.2,354.21,106.72,246.77,680.2,354.21,26335.09
1394,1337,person,892.85,379.39,140.24,165.13,892.85,379.39,23157.67
1394,1339,person,1122.02,449.87,137.19,270.67,1122.02,449.87,37133.53
1394,1340,person,1052.72,379.53,135.58,251.07,1052.72,379.53,34040.35
1394,1356,person,242.35,558.01,200.44,227.4,242.35,558.01,45581.68
1394,1347,person,786.63,370.3,80.27,209.1,786.63,370.3,16784.6
1394,1362,person,680.52,353.97,107.7,248.97,680.52,353.97,26814.79
1395,1337,person,893.26,379.82,141.21,165.31,893.26,379.82,23344.35
1395,1339,person,1123.08,450.24,137.45,271.24,1123.08,450.24,37281.95
1395,1340,person,1052.53,379.47,135.58,250.84,1052.53,379.47,34008.06
1395,1356,person,244.36,558.14,200.41,227.33,244.36,558.14,45559.18
1395,1347,person,788.43,371.45,80.83,209.48,788.43,371.45,16931.75
1395,1362,person,681.0,354.11,107.55,248.56,681.0,354.11,26731.63
1396,1337,person,893.44,380.67,143.75,167.27,893.44,380.67,24045.01
1396,1339,person,1123.74,450.63,137.55,270.9,1123.74,450.63,37262.46
1396,1340,person,1050.56,380.94,137.45,252.81,1050.56,380.94,34748.12
1396,1356,person,245.88,558.49,200.47,227.29,245.88,558.49,45564.88
1396,1347,person,790.37,371.8,82.94,213.26,790.37,371.8,17688.08
1396,1362,person,681.4,353.81,108.18,250.36,681.4,353.81,27085.33
1397,1337,person,894.27,380.95,145.85,169.04,894.27,380.95,24654.43
1397,1339,person,1123.77,451.22,138.27,271.35,1123.77,451.22,37519.88
1397,1340,person,1051.96,380.54,136.71,250.89,1051.96,380.54,34299.98
1397,1356,person,246.45,558.89,200.53,227.36,246.45,558.89,45592.1
1397,1347,person,792.18,372.68,84.48,215.18,792.18,372.68,18178.92
1397,1362,person,682.38,355.18,108.07,250.16,682.38,355.18,27033.74
1398,1337,person,894.36,381.72,146.33,168.78,894.36,381.72,24698.48
1398,1339,person,1123.32,451.04,139.18,272.13,1123.32,451.04,37874.57
1398,1340,person,1052.1,380.79,136.52,249.88,1052.1,380.79,34113.61
1398,1356,person,247.55,559.2,200.6,227.27,247.55,559.2,45591.56
1398,1347,person,792.64,372.67,85.09,215.08,792.64,372.67,18301.07
1398,1362,person,683.93,356.2,107.21,247.97,683.93,356.2,26584.13
1399,1337,person,894.87,382.23,146.39,168.11,894.87,382.23,24610.31
1399,1339,person,1123.16,451.35,139.32,271.36,1123.16,451.35,37804.47
1399,1340,person,1052.62,380.66,136.73,249.66,1052.62,380.66,34134.73
1399,1356,person,247.91,559.26,200.68,227.2,247.91,559.26,45593.21
1399,1347,person,793.23,373.43,85.58,214.3,793.23,373.43,18340.6
1400,1337,person,894.83,381.61,147.29,168.56,894.83,381.61,24827.07
1400,1339,person,1123.59,451.68,139.3,270.58,1123.59,451.68,37690.89
1400,1340,person,1054.38,380.39,136.54,249.33,1054.38,380.39,34043.95
1400,1356,person,247.96,559.0,200.99,227.42,247.96,559.0,45709.6
1400,1347,person,792.43,371.74,84.76,211.41,792.43,371.74,17919.51
1400,1362,person,684.18,356.87,106.82,246.9,684.18,356.87,26373.12
1401,1337,person,894.04,381.48,147.61,168.07,894.04,381.48,24808.14
1401,1339,person,1123.88,451.33,138.61,268.66,1123.88,451.33,37238.62
1401,1340,person,1055.19,379.97,136.38,248.91,1055.19,379.97,33946.22
1401,1356,person,247.96,558.78,201.03,227.29,247.96,558.78,45691.03
1401,1347,person,791.94,371.24,84.17,209.28,791.94,371.24,17613.97
1402,1337,person,892.8,380.31,149.16,169.1,892.8,380.31,25222.95
1402,1339,person,1124.28,450.32,137.9,266.97,1124.28,450.32,36814.52
1402,1340,person,1055.38,379.74,136.3,248.58,1055.38,379.74,33880.62
1402,1356,person,247.72,558.34,201.15,227.33,247.72,558.34,45728.23
1402,1347,person,791.87,371.95,85.34,210.86,791.87,371.95,17994.71
1402,1362,person,682.99,356.58,106.93,247.35,682.99,356.58,26449.1
1403,1337,person,892.84,379.89,149.66,169.31,892.84,379.89,25339.14
1403,1339,person,1124.47,449.72,137.45,266.18,1124.47,449.72,36586.6
1403,1340,person,1052.6,380.72,138.35,250.99,1052.6,380.72,34724.41
1403,1356,person,247.44,557.87,201.43,227.53,247.44,557.87,45831.9
1403,1347,person,792.08,372.31,85.51,209.87,792.08,372.31,17945.64
1404,1337,person,893.75,379.41,149.79,169.48,893.75,379.41,25386.68
1404,1339,person,1124.11,449.77,137.47,266.0,1124.11,449.77,36568.29
1404,1340,person,1051.54,380.95,139.92,252.4,1051.54,380.95,35317.35
1404,1356,person,246.81,557.18,202.13,228.3,246.81,557.18,46145.32
1404,1347,person,792.55,373.31,86.45,210.54,792.55,373.31,18200.77
1405,1337,person,894.9,379.14,148.69,168.46,894.9,379.14,25047.59
1405,1339,person,1123.84,449.5,137.6,266.02,1123.84,449.5,36605.86
1405,1340,person,1051.8,381.05,140.62,252.7,1051.8,381.05,35534.67
1405,1356,person,246.4,556.92,202.37,228.64,246.4,556.92,46270.09
1405,1347,person,793.61,374.49,87.52,211.51,793.61,374.49,18511.14
1406,1337,person,897.01,379.25,148.24,168.7,897.01,379.25,25008.05
1406,1339,person,1123.37,450.24,138.28,266.95,1123.37,450.24,36913.65
1406,1340,person,1051.77,381.21,141.27,252.88,1051.77,381.21,35725.28
1406,1356,person,246.54,556.88,202.29,228.58,246.54,556.88,46240.3
1406,1347,person,794.45,374.33,89.56,215.21,794.45,374.33,19273.62
1407,1337,person,899.69,379.65,146.91,168.38,899.69,379.65,24737.93
1407,1339,person,1122.91,451.06,138.43,266.38,1122.91,451.06,36875.49
1407,1340,person,1054.81,379.99,139.98,250.65,1054.81,379.99,35086.65
1407,1356,person,246.62,556.94,202.36,228.7,246.62,556.94,46281.33
1407,1347,person,795.36,372.79,91.17,217.86,795.36,372.79,19862.12
1408,1337,person,901.59,378.91,147.19,170.38,901.59,378.91,25078.2
1408,1339,person,1122.77,451.44,137.99,264.26,1122.77,451.44,36464.32
1408,1340,person,1055.12,379.56,139.77,250.17,1055.12,379.56,34966.44
1408,1356,person,246.61,556.97,202.24,228.52,246.61,556.97,46217.75
1408,1347,person,795.23,372.37,91.57,218.03,795.23,372.37,19964.99
1408,1362,person,684.32,354.95,106.29,245.68,684.32,354.95,26112.99
1409,1337,person,902.11,378.01,147.87,172.88,902.11,378.01,25564.48
1409,1339,person,1122.8,451.23,137.57,262.15,1122.8,451.23,36063.68
1409,1340,person,1056.81,379.02,139.23,249.74,1056.81,379.02,34770.83
1409,1356,person,246.22,556.93,202.3,228.5,246.22,556.93,46226.27
1409,1347,person,794.99,372.03,91.56,217.24,794.99,372.03,19891.23
1410,1337,person,902.74,376.61,149.24,176.5,902.74,376.61,26341.11
1410,1339,person,1122.85,451.25,136.96,259.37,1122.85,451.25,35523.16
1410,1340,person,1056.73,378.83,139.38,249.95,1056.73,378.83,34838.5
1410,1356,person,245.72,556.8,202.24,228.28,245.72,556.8,46167.01
1410,1347,person,795.15,371.82,90.89,214.7,795.15,371.82,19514.07
1411,1337,person,903.32,375.51,148.9,178.11,903.32,375.51,26519.14
1411,1339,person,1123.74,450.75,137.51,259.35,1123.74,450.75,35663.26
1411,1340,person,1055.72,378.51,139.34,249.56,1055.72,378.51,34773.7
1411,1356,person,245.05,556.66,202.08,227.85,245.05,556.66,46044.64
1411,1347,person,794.83,372.89,90.59,212.87,794.83,372.89,19283.29
1412,1337,person,903.66,373.22,150.78,182.79,903.66,373.22,27560.5
1412,1339,person,1124.5,450.04,138.12,259.67,1124.5,450.04,35866.57
1412,1340,person,1055.92,378.14,138.99,249.25,1055.92,378.14,34644.16
1412,1356,person,244.27,556.48,202.22,227.76,244.27,556.48,46058.45
1412,1347,person,795.24,374.32,92.55,216.41,795.24,374.32,20027.97
1413,1337,person,904.72,373.39,149.51,183.74,904.72,373.39,27471.44
1413,1339,person,1125.27,449.2,139.06,260.79,1125.27,449.2,36264.45
1413,1340,person,1056.35,378.19,138.58,248.9,1056.35,378.19,34491.59
1413,1356,person,244.27,556.49,202.19,227.5,244.27,556.49,45999.52
1413,1347,person,794.49,374.36,93.04,216.38,794.49,374.36,20132.18
1413,1364,person,787.89,377.94,68.91,206.3,787.89,377.94,14215.26
1414,1337,person,906.75,375.41,145.23,180.98,906.75,375.41,26282.67
1414,1339,person,1126.16,448.65,141.31,264.99,1126.16,448.65,37446.62
1414,1340,person,1056.42,378.38,138.26,248.98,1056.42,378.38,34425.17
1414,1356,person,245.1,556.62,202.32,227.4,245.1,556.62,46008.71
1414,1347,person,794.25,373.8,94.93,219.6,794.25,373.8,20846.5
1414,1364,person,788.09,376.36,69.29,207.5,788.09,376.36,14377.43
1415,1337,person,907.93,374.82,144.23,182.58,907.93,374.82,26333.46
1415,1339,person,1126.67,449.12,144.3,271.08,1126.67,449.12,39117.55
1415,1340,person,1056.88,378.69,137.91,249.26,1056.88,378.69,34375.74
1415,1356,person,245.77,556.88,202.81,227.63,245.77,556.88,46164.88
1415,1347,person,794.63,374.65,95.17,218.99,794.63,374.65,20841.28
1415,1364,person,789.11,375.73,69.84,209.25,789.11,375.73,14614.54
1416,1337,person,909.21,375.42,140.81,180.93,909.21,375.42,25477.72
1416,1339,person,1127.24,449.37,146.17,275.13,1127.24,449.37,40214.83
1416,1340,person,1056.86,378.87,137.71,249.26,1056.86,378.87,34326.95
1416,1356,person,245.67,556.91,203.16,227.83,245.67,556.91,46287.85
1416,1347,person,794.37,374.36,95.47,218.71,794.37,374.36,20879.66
1416,1364,person,789.76,374.91,70.16,210.31,789.76,374.91,14755.58
1417,1337,person,910.15,374.21,141.12,184.4,910.15,374.21,26022.08
1417,1339,person,1127.56,449.21,147.74,278.38,1127.56,449.21,41128.42
1417,1340,person,1055.43,379.01,137.92,249.44,1055.43,379.01,34403.29
1417,1356,person,245.46,556.94,203.06,227.54,245.46,556.94,46204.26
1417,1347,person,795.62,374.18,94.32,215.76,795.62,374.18,20349.98
1418,1337,person,910.62,372.86,141.19,187.63,910.62,372.86,26491.1
1418,1339,person,1128.66,450.24,148.08,278.39,1128.66,450.24,41223.51
1418,1340,person,1055.7,379.14,138.09,249.54,1055.7,379.14,34458.75
1418,1356,person,245.51,557.05,203.26,227.56,245.51,557.05,46252.95
1418,1347,person,795.9,375.64,94.14,215.1,795.9,375.64,20250.87
1419,1337,person,910.41,373.12,139.16,187.39,910.41,373.12,26077.25
1419,1339,person,1130.23,450.96,148.66,277.98,1130.23,450.96,41324.27
1419,1340,person,1057.32,379.24,138.28,250.12,1057.32,379.24,34585.82
1419,1356,person,245.93,557.09,203.47,227.51,245.93,557.09,46291.26
1419,1347,person,795.9,376.21,94.02,214.14,795.9,376.21,20133.2
1420,1337,person,910.7,371.8,138.93,189.84,910.7,371.8,26375.28
1420,1339,person,1131.4,451.35,150.09,278.62,1131.4,451.35,41818.67
1420,1340,person,1058.79,379.08,137.71,250.22,1058.79,379.08,34457.04
1420,1356,person,246.04,557.1,203.78,227.61,246.04,557.1,46384.15
1420,1347,person,797.48,378.08,93.71,212.97,797.48,378.08,19957.2
1421,1337,person,910.93,370.84,138.44,191.93,910.93,370.84,26570.16
1421,1339,person,1131.74,451.32,151.17,278.62,1131.74,451.32,42117.93
1421,1340,person,1058.94,378.86,137.33,250.39,1058.94,378.86,34385.45
1421,1356,person,246.1,557.03,203.83,227.45,246.1,557.03,46359.12
1421,1347,person,797.42,377.11,95.33,216.49,797.42,377.11,20637.84
1421,1362,person,681.47,354.56,107.15,247.87,681.47,354.56,26559.69
1422,1337,person,911.21,370.31,137.64,193.47,911.21,370.31,26628.48
1422,1339,person,1131.83,451.64,153.19,279.47,1131.83,451.64,42812.94
1422,1340,person,1058.38,378.42,137.05,250.6,1058.38,378.42,34343.79
1422,1356,person,246.09,556.97,203.92,227.33,246.09,556.97,46356.91
1422,1347,person,796.56,376.82,94.64,214.58,796.56,376.82,20307.35
1423,1337,person,911.39,370.28,136.19,193.91,911.39,370.28,26408.3
1423,1339,person,1133.13,451.64,154.72,279.4,1133.13,451.64,43228.2
1423,1340,person,1057.39,378.33,137.13,251.04,1057.39,378.33,34425.18
1423,1356,person,246.0,556.98,204.28,227.4,246.0,556.98,46453.28
1423,1347,person,795.86,375.22,94.9,215.45,795.86,375.22,20447.15
1423,1362,person,681.34,354.03,107.69,249.83,681.34,354.03,26903.22
1424,1337,person,911.04,371.66,132.87,190.98,911.04,371.66,25375.87
1424,1339,person,1133.21,452.18,156.99,280.38,1133.21,452.18,44015.3
1424,1340,person,1056.82,378.29,136.75,250.57,1056.82,378.29,34265.04
1424,1356,person,245.69,557.02,204.46,227.33,245.69,557.02,46478.31
1424,1347,person,795.6,374.96,94.78,216.36,795.6,374.96,20507.94
1424,1364,person,795.69,374.56,70.92,217.35,795.69,374.56,15414.47
1425,1337,person,910.35,372.04,130.79,189.41,910.35,372.04,24773.67
1425,1339,person,1133.73,452.17,158.72,280.86,1133.73,452.17,44578.23
1425,1340,person,1056.98,378.05,136.01,249.69,1056.98,378.05,33961.09
1425,1356,person,245.02,556.89,204.5,227.15,245.02,556.89,46452.65
1425,1347,person,794.25,376.13,94.05,214.12,794.25,376.13,20137.4
1425,1364,person,794.91,376.35,68.71,214.09,794.91,376.35,14709.14
1426,1337,person,908.4,371.5,130.28,189.47,908.4,371.5,24683.34
1426,1339,person,1137.32,451.4,158.72,280.04,1137.32,451.4,44446.54
1426,1340,person,1056.17,378.28,136.23,250.24,1056.17,378.28,34090.11
1426,1356,person,244.35,556.7,204.46,226.93,244.35,556.7,46397.95
1426,1347,person,793.48,375.55,91.74,211.22,793.48,375.55,19377.98
1426,1364,person,795.67,377.03,66.4,210.46,795.67,377.03,13974.52
1427,1337,person,907.53,370.33,130.4,190.54,907.53,370.33,24847.11
1427,1339,person,1137.13,451.09,159.33,279.69,1137.13,451.09,44563.52
1427,1340,person,1056.63,378.2,135.97,250.26,1056.63,378.2,34028.16
1427,1356,person,244.08,556.58,204.41,226.68,244.08,556.58,46334.73
1427,1347,person,793.34,375.14,89.76,209.58,793.34,375.14,18812.44
1427,1364,person,795.7,377.17,64.96,209.6,795.7,377.17,13615.38
1428,1337,person,906.24,370.53,130.31,190.77,906.24,370.53,24858.88
1428,1339,person,1135.2,451.36,160.73,280.26,1135.2,451.36,45045.94
1428,1340,person,1057.08,378.32,135.84,250.51,1057.08,378.32,34031.09
1428,1356,person,243.82,556.53,204.33,226.45,243.82,556.53,46269.44
1428,1347,person,792.95,374.11,88.19,208.51,792.95,374.11,18388.62
1428,1364,person,796.41,373.7,63.13,206.94,796.41,373.7,13064.34
1429,1337,person,904.52,369.1,131.74,193.23,904.52,369.1,25455.23
1429,1339,person,1135.12,451.39,161.56,280.05,1135.12,451.39,45243.55
1429,1340,person,1056.44,378.95,136.67,251.67,1056.44,378.95,34396.25
1429,1356,person,244.13,556.63,204.31,226.28,244.13,556.63,46230.38
1429,1347,person,792.44,373.44,87.57,209.08,792.44,373.44,18308.95
1430,1337,person,902.89,365.79,134.77,198.94,902.89,365.79,26810.8
1430,1339,person,1144.51,448.75,158.69,278.21,1144.51,448.75,44149.59
1430,1340,person,1054.91,379.66,137.7,252.47,1054.91,379.66,34765.93
1430,1356,person,244.55,556.73,204.58,226.41,244.55,556.73,46320.68
1430,1347,person,794.05,373.27,90.5,215.96,794.05,373.27,19543.95
1430,1364,person,799.37,375.3,64.4,211.89,799.37,375.3,13646.37
1431,1337,person,902.03,365.58,135.16,200.86,902.03,365.58,27147.43
1431,1339,person,1138.09,450.44,161.47,280.98,1138.09,450.44,45370.4
1431,1340,person,1054.42,380.0,138.62,253.15,1054.42,380.0,35090.51
1431,1356,person,244.97,556.89,204.82,226.48,244.97,556.89,46386.36
1431,1347,person,795.47,372.53,92.78,220.75,795.47,372.53,20481.08
1431,1364,person,800.32,374.51,65.89,217.36,800.32,374.51,14322.29
1432,1337,person,902.14,365.28,133.99,201.05,902.14,365.28,26937.22
1432,1339,person,1136.63,448.81,163.16,282.5,1136.63,448.81,46091.55
1432,1340,person,1055.73,379.74,138.79,253.35,1055.73,379.74,35161.38
1432,1356,person,244.5,556.78,204.93,226.5,244.5,556.78,46416.21
1432,1347,person,795.94,372.82,94.28,223.49,795.94,372.82,21069.74
1432,1364,person,799.9,373.92,66.79,221.05,799.9,373.92,14763.96
1433,1337,person,899.43,364.13,131.5,200.35,899.43,364.13,26345.16
1433,1339,person,1135.0,447.85,164.1,282.45,1135.0,447.85,46351.01
1433,1340,person,1053.84,379.21,139.45,253.28,1053.84,379.21,35318.82
1433,1356,person,243.94,556.55,204.63,226.2,243.94,556.55,46287.17
1433,1347,person,795.91,372.64,94.82,224.63,795.91,372.64,21300.43
1434,1337,person,898.11,363.34,130.32,201.64,898.11,363.34,26278.53
1434,1339,person,1134.49,447.25,165.0,282.52,1134.49,447.25,46616.41
1434,1340,person,1052.48,378.95,140.26,253.3,1052.48,378.95,35526.71
1434,1356,person,243.4,556.44,204.68,226.33,243.4,556.44,46325.7
1434,1347,person,796.22,372.23,95.13,225.67,796.22,372.23,21467.29
1435,1337,person,895.44,364.53,129.73,204.64,895.44,364.53,26548.57
1435,1339,person,1133.87,447.19,166.01,282.84,1133.87,447.19,46956.03
1435,1340,person,1053.25,378.86,140.44,252.89,1053.25,378.86,35514.12
1435,1356,person,243.24,556.52,204.62,226.3,243.24,556.52,46307.04
1435,1347,person,796.16,373.23,95.21,225.21,796.16,373.23,21442.28
1436,1337,person,893.58,366.01,125.97,202.64,893.58,366.01,25526.98
1436,1339,person,1133.64,447.12,166.98,283.19,1133.64,447.12,47287.73
1436,1340,person,1051.39,378.92,141.55,253.14,1051.39,378.92,35832.82
1436,1356,person,243.0,556.41,204.77,226.49,243.0,556.41,46378.35
1436,1347,person,795.94,373.78,95.05,224.28,795.94,373.78,21317.09
1437,1337,person,890.96,365.64,121.91,199.53,890.96,365.64,24325.28
1437,1339,person,1133.71,446.84,167.82,283.69,1133.71,446.84,47608.32
1437,1340,person,1055.82,378.26,139.59,251.23,1055.82,378.26,35069.9
1437,1356,person,243.04,556.28,204.64,226.26,243.04,556.28,46300.62
1437,1347,person,794.3,373.48,95.7,224.98,794.3,373.48,21530.39
1438,1337,person,888.96,362.06,123.18,205.42,888.96,362.06,25303.68
1438,1339,person,1135.13,446.65,167.59,283.15,1135.13,446.65,47451.2
1438,1340,person,1058.63,377.62,137.74,250.05,1058.63,377.62,34441.34
1438,1356,person,243.01,556.04,204.96,226.46,243.01,556.04,46415.88
1438,1347,person,791.21,373.14,95.13,223.45,791.21,373.14,21256.15
1439,1337,person,887.92,363.35,119.71,202.83,887.92,363.35,24281.07
1439,1339,person,1132.63,449.66,169.55,285.45,1132.63,449.66,48397.71
1439,1340,person,1059.62,376.76,136.12,249.17,1059.62,376.76,33917.44
1439,1356,person,242.75,555.88,205.18,226.47,242.75,555.88,46466.99
1439,1347,person,789.43,373.55,94.59,221.11,789.43,373.55,20913.41
1439,1369,person,1167.47,449.49,113.18,278.63,1167.47,449.49,31534.89
1440,1337,person,887.28,359.9,121.26,209.43,887.28,359.9,25395.58
1440,1339,person,1130.98,450.91,170.62,286.12,1130.98,450.91,48816.3
1440,1340,person,1050.86,377.06,138.59,251.05,1050.86,377.06,34793.33
1440,1356,person,242.79,555.72,205.27,226.23,242.79,555.72,46438.27
1440,1347,person,785.37,374.62,96.81,222.33,785.37,374.62,21523.98
1440,1369,person,1168.68,450.21,112.79,278.37,1168.68,450.21,31397.25
1441,1337,person,887.25,356.78,122.69,215.98,887.25,356.78,26498.84
1441,1339,person,1135.64,448.48,168.65,283.81,1135.64,448.48,47865.55
1441,1340,person,1045.12,377.18,141.48,252.75,1045.12,377.18,35758.79
1441,1356,person,242.4,555.66,205.67,226.35,242.4,555.66,46552.97
1441,1347,person,782.81,374.81,98.51,222.87,782.81,374.81,21954.69
1441,1369,person,1167.27,450.55,112.73,278.86,1167.27,450.55,31435.08
1442,1337,person,887.48,362.21,116.94,208.07,887.48,362.21,24331.16
1442,1339,person,1133.47,447.67,169.15,283.59,1133.47,447.67,47969.87
1442,1340,person,1042.88,377.13,143.74,253.56,1042.88,377.13,36447.85
1442,1356,person,242.12,555.62,205.96,226.41,242.12,555.62,46631.44
1442,1347,person,783.56,378.05,96.3,217.94,783.56,378.05,20986.66
1442,1369,person,1160.31,448.44,112.96,278.53,1160.31,448.44,31461.49
1442,1370,person,1065.83,384.51,117.21,270.44,1065.83,384.51,31698.15
1443,1337,person,887.77,361.89,115.48,207.9,887.77,361.89,24008.4
1443,1339,person,1132.55,447.4,169.54,283.11,1132.55,447.4,47998.04
1443,1340,person,1042.41,377.1,145.35,253.51,1042.41,377.1,36848.78
1443,1356,person,242.07,555.71,206.03,226.27,242.07,555.71,46617.67
1443,1347,person,779.84,380.1,95.33,214.85,779.84,380.1,20482.87
1443,1369,person,1162.76,447.53,111.81,276.16,1162.76,447.53,30878.68
1443,1370,person,1066.29,385.08,117.51,271.33,1066.29,385.08,31884.86
1444,1337,person,888.47,363.54,112.81,204.95,888.47,363.54,23119.6
1444,1339,person,1131.89,447.25,170.04,282.71,1131.89,447.25,48072.14
1444,1340,person,1042.39,377.24,146.67,253.18,1042.39,377.24,37133.11
1444,1356,person,242.35,555.96,206.02,226.04,242.35,555.96,46568.54
1444,1347,person,782.13,382.67,92.8,210.61,782.13,382.67,19545.19
1444,1369,person,1158.39,447.23,112.34,276.05,1158.39,447.23,31011.53
1444,1370,person,1066.77,387.1,118.77,274.6,1066.77,387.1,32615.04
1445,1337,person,889.24,364.33,110.89,203.22,889.24,364.33,22535.19
1445,1339,person,1131.42,447.05,170.83,282.84,1131.42,447.05,48316.79
1445,1340,person,1042.11,377.19,148.07,253.12,1042.11,377.19,37480.04
1445,1356,person,242.48,556.06,206.09,225.91,242.48,556.06,46557.77
1445,1347,person,784.04,384.08,91.76,210.11,784.04,384.08,19279.78
1445,1370,person,1066.99,388.1,119.46,276.66,1066.99,388.1,33049.46
1446,1337,person,893.98,364.08,109.02,203.38,893.98,364.08,22173.24
1446,1339,person,1129.65,449.12,171.6,282.7,1129.65,449.12,48512.25
1446,1340,person,1041.79,377.12,149.29,253.05,1041.79,377.12,37778.08
1446,1356,person,242.62,555.97,206.11,225.76,242.62,555.97,46530.55
1446,1347,person,783.91,385.99,91.16,210.52,783.91,385.99,19191.39
1446,1370,person,1067.54,390.35,120.86,280.77,1067.54,390.35,33933.59
1446,1369,person,1153.86,445.87,114.31,278.4,1153.86,445.87,31823.79
1447,1337,person,896.82,366.01,105.54,199.93,896.82,366.01,21100.59
1447,1339,person,1131.01,447.73,171.36,281.56,1131.01,447.73,48248.97
1447,1340,person,1041.93,377.25,150.17,252.68,1041.93,377.25,37943.3
1447,1356,person,242.97,556.12,206.01,225.52,242.97,556.12,46459.69
1447,1347,person,781.25,386.46,93.49,217.08,781.25,386.46,20293.71
1447,1370,person,1067.49,389.29,119.35,278.03,1067.49,389.29,33183.64
1447,1369,person,1161.14,446.91,113.36,277.36,1161.14,446.91,31441.38
1448,1337,person,899.14,366.84,103.83,199.23,899.14,366.84,20685.39
1448,1339,person,1134.08,449.5,170.54,281.06,1134.08,449.5,47930.72
1448,1340,person,1041.83,377.76,151.04,252.33,1041.83,377.76,38112.33
1448,1356,person,243.31,556.24,206.29,225.69,243.31,556.24,46556.64
1448,1347,person,778.97,389.33,95.36,223.22,778.97,389.33,21285.44
1448,1370,person,1067.19,388.89,117.97,275.27,1067.19,388.89,32472.95
1448,1369,person,1161.19,447.53,113.37,277.31,1161.19,447.53,31438.36
1449,1337,person,900.55,367.6,102.9,199.8,900.55,367.6,20558.75
1449,1339,person,1131.27,450.32,171.6,281.81,1131.27,450.32,48357.71
1449,1340,person,1041.44,377.89,152.02,252.07,1041.44,377.89,38319.7
1449,1356,person,243.52,556.24,206.24,225.49,243.52,556.24,46505.29
1449,1347,person,776.79,389.0,96.85,228.09,776.79,389.0,22091.39
1449,1370,person,1066.99,389.57,118.04,275.9,1066.99,389.57,32568.16
1450,1337,person,901.71,368.73,101.95,199.86,901.71,368.73,20376.92
1450,1339,person,1130.04,450.79,172.62,282.7,1130.04,450.79,48799.77
1450,1340,person,1041.56,378.03,152.85,251.75,1041.56,378.03,38481.01
1450,1356,person,243.92,556.46,206.16,225.39,243.92,556.46,46465.51
1450,1347,person,778.04,389.03,95.81,227.9,778.04,389.03,21834.14
1450,1370,person,1066.7,389.03,117.13,273.81,1066.7,389.03,32070.4
1451,1337,person,903.05,369.58,101.24,199.72,903.05,369.58,20219.26
1451,1339,person,1133.06,450.72,172.02,282.58,1133.06,450.72,48610.4
1451,1340,person,1042.2,378.49,153.75,252.0,1042.2,378.49,38745.2
1451,1356,person,243.79,556.65,206.06,225.45,243.79,556.65,46457.23
1451,1347,person,776.59,389.5,96.43,229.21,776.59,389.5,22102.62
1451,1370,person,1065.55,387.03,115.4,269.03,1065.55,387.03,31046.67
1451,1371,person,796.36,389.78,54.4,227.46,796.36,389.78,12373.75
1452,1337,person,903.93,370.12,100.73,199.92,903.93,370.12,20136.85
1452,1339,person,1135.14,451.09,171.76,283.51,1135.14,451.09,48695.39
1452,1340,person,1042.45,379.08,154.76,252.34,1042.45,379.08,39053.15
1452,1356,person,244.17,556.88,206.0,225.52,244.17,556.88,46456.53
1452,1347,person,775.27,390.71,96.19,227.63,775.27,390.71,21895.51
1452,1371,person,795.15,393.15,54.26,226.53,795.15,393.15,12291.02
1453,1337,person,905.38,369.77,100.68,200.74,905.38,369.77,20210.69
1453,1339,person,1133.71,451.88,173.25,286.27,1133.71,451.88,49596.88
1453,1340,person,1043.57,379.61,155.53,252.61,1043.57,379.61,39289.17
1453,1356,person,245.04,557.08,206.12,225.71,245.04,557.08,46523.45
1453,1347,person,774.99,391.78,96.73,227.46,774.99,391.78,22002.08
1453,1371,person,794.02,395.39,54.45,226.39,794.02,395.39,12327.95
1454,1337,person,906.52,370.23,100.8,201.86,906.52,370.23,20346.89
1454,1339,person,1133.67,451.84,173.12,286.38,1133.67,451.84,49578.51
1454,1340,person,1044.61,379.75,156.17,252.76,1044.61,379.75,39473.5
1454,1356,person,245.86,557.33,206.15,225.72,245.86,557.33,46531.19
1454,1347,person,775.8,392.62,97.16,226.36,775.8,392.62,21993.9
1454,1371,person,795.74,396.39,54.52,225.58,795.74,396.39,12298.11
1455,1337,person,908.03,370.58,100.55,201.77,908.03,370.58,20287.55
1455,1339,person,1134.51,451.99,172.4,285.72,1134.51,451.99,49257.1
1455,1340,person,1045.15,379.84,156.68,252.68,1045.15,379.84,39590.91
1455,1356,person,246.61,557.64,206.14,225.6,246.61,557.64,46506.58
1455,1347,person,776.07,394.18,97.22,224.27,776.07,394.18,21802.36
1456,1337,person,909.56,369.21,100.43,201.49,909.56,369.21,20235.72
1456,1339,person,1134.83,451.81,171.53,284.65,1134.83,451.81,48825.3
1456,1340,person,1045.43,379.88,157.08,252.47,1045.43,379.88,39658.98
1456,1356,person,246.88,557.77,206.27,225.66,246.88,557.77,46547.1
1456,1347,person,776.84,396.75,96.66,220.42,776.84,396.75,21305.26
1457,1337,person,910.43,368.59,100.43,201.27,910.43,368.59,20214.95
1457,1339,person,1136.28,451.87,170.53,283.96,1136.28,451.87,48422.99
1457,1340,person,1045.11,379.83,157.78,252.67,1045.11,379.83,39865.2
1457,1356,person,246.93,557.56,206.44,225.81,246.93,557.56,46616.66
1457,1347,person,777.83,398.01,96.8,218.29,777.83,398.01,21131.44
1458,1337,person,910.5,368.42,100.37,200.75,910.5,368.42,20150.45
1458,1339,person,1135.16,452.01,170.72,284.38,1135.16,452.01,48549.45
1458,1340,person,1044.7,379.48,158.85,253.31,1044.7,379.48,40237.16
1458,1356,person,246.81,557.27,206.81,226.17,246.81,557.27,46773.94
1458,1347,person,778.51,398.02,97.52,217.71,778.51,398.02,21231.29
1459,1337,person,911.1,367.8,100.88,201.56,911.1,367.8,20333.0
1459,1339,person,1136.24,451.43,169.99,283.24,1136.24,451.43,48147.5
1459,1340,person,1045.77,379.11,159.35,253.49,1045.77,379.11,40395.06
1459,1356,person,246.62,557.16,207.21,226.58,246.62,557.16,46948.61
1459,1347,person,778.21,398.2,98.26,216.72,778.21,398.2,21295.27
1460,1337,person,912.6,368.31,100.21,200.06,912.6,368.31,20047.57
1460,1339,person,1136.99,451.33,169.7,282.49,1136.99,451.33,47937.43
1460,1340,person,1047.05,378.86,159.68,253.61,1047.05,378.86,40496.64
1460,1356,person,246.89,557.43,207.58,226.91,246.89,557.43,47101.92
1460,1347,person,778.59,396.35,100.31,218.78,778.59,396.35,21945.37
1461,1337,person,913.41,368.29,100.1,199.86,913.41,368.29,20005.3
1461,1339,person,1137.39,451.12,169.27,281.47,1137.39,451.12,47646.04
1461,1340,person,1048.29,378.6,159.74,253.53,1048.29,378.6,40497.24
1461,1356,person,246.88,557.57,207.63,226.93,246.88,557.57,47117.86
1461,1347,person,779.0,395.52,101.01,217.75,779.0,395.52,21993.97
1462,1337,person,913.78,367.02,101.35,202.48,913.78,367.02,20520.8
1462,1339,person,1138.42,450.83,168.95,280.56,1138.42,450.83,47401.51
1462,1340,person,1052.38,377.68,158.07,252.47,1052.38,377.68,39906.98
1462,1356,person,247.02,557.6,207.78,227.06,247.02,557.6,47178.39
1462,1347,person,782.68,394.09,101.88,218.36,782.68,394.09,22246.63
1462,1371,person,802.4,391.99,55.48,224.46,802.4,391.99,12452.87
1463,1337,person,914.39,365.11,103.07,206.45,914.39,365.11,21278.88
1463,1339,person,1146.6,447.66,164.79,276.55,1146.6,447.66,45572.96
1463,1340,person,1055.93,376.97,156.39,251.86,1055.93,376.97,39388.03
1463,1356,person,247.31,557.78,207.85,227.07,247.31,557.78,47197.76
1463,1371,person,805.12,392.13,56.17,223.0,805.12,392.13,12526.24
1464,1337,person,914.62,364.79,103.05,206.76,914.62,364.79,21307.24
1464,1339,person,1140.64,449.97,167.81,280.53,1140.64,449.97,47074.52
1464,1340,person,1056.86,376.91,155.0,251.53,1056.86,376.91,38986.29
1464,1356,person,247.71,557.93,207.85,226.98,247.71,557.93,47176.98
1464,1371,person,805.57,393.77,56.32,218.88,805.57,393.77,12327.15
1464,1347,person,791.25,394.7,100.09,214.28,791.25,394.7,21447.09
1465,1337,person,914.38,364.34,103.21,207.3,914.38,364.34,21393.94
1465,1339,person,1137.2,450.84,169.48,282.21,1137.2,450.84,47829.85
1465,1340,person,1055.8,376.98,153.88,251.09,1055.8,376.98,38637.16
1465,1356,person,247.55,557.83,207.59,226.74,247.55,557.83,47067.07
1465,1347,person,790.75,393.56,102.54,216.37,790.75,393.56,22185.91
1466,1337,person,914.46,362.97,104.08,209.79,914.46,362.97,21833.94
1466,1339,person,1135.07,451.07,170.46,282.72,1135.07,451.07,48191.57
1466,1340,person,1053.24,377.31,154.49,252.2,1053.24,377.31,38962.79
1466,1356,person,247.48,557.62,207.35,226.51,247.48,557.62,46967.79
1466,1371,person,812.18,390.32,59.18,220.22,812.18,390.32,13032.56
1467,1337,person,914.77,363.25,103.28,208.71,914.77,363.25,21555.37
1467,1339,person,1133.72,451.4,171.33,282.92,1133.72,451.4,48472.37
1467,1340,person,1051.64,377.49,154.83,252.62,1051.64,377.49,39112.94
1467,1356,person,247.46,557.54,207.15,226.37,247.46,557.54,46892.5
1467,1371,person,812.71,390.57,61.64,221.55,812.71,390.57,13657.0
1468,1337,person,915.0,363.83,102.64,207.85,915.0,363.83,21333.83
1468,1339,person,1132.98,452.28,172.5,283.75,1132.98,452.28,48947.25
1468,1340,person,1049.88,377.82,155.4,252.91,1049.88,377.82,39301.98
1468,1356,person,248.25,557.64,206.96,226.1,248.25,557.64,46793.29
1468,1371,person,816.82,388.97,64.18,222.82,816.82,388.97,14300.58
1469,1337,person,915.43,365.5,101.02,204.43,915.43,365.5,20650.23
1469,1339,person,1132.79,452.79,173.34,284.23,1132.79,452.79,49267.93
1469,1340,person,1049.61,378.11,155.69,252.9,1049.61,378.11,39372.71
1469,1356,person,249.01,557.94,206.83,225.78,249.01,557.94,46698.71
1469,1371,person,818.71,389.07,66.46,223.26,818.71,389.07,14838.21
1470,1337,person,916.92,365.9,100.29,203.23,916.92,365.9,20382.08
1470,1339,person,1133.01,453.1,173.6,283.87,1133.01,453.1,49279.59
1470,1340,person,1049.89,378.48,155.71,252.59,1049.89,378.48,39330.85
1470,1356,person,249.58,558.24,206.6,225.32,249.58,558.24,46551.48
1470,1371,person,824.37,389.46,67.94,225.14,824.37,389.46,15296.17
1470,1374,person,834.02,394.91,49.35,212.38,834.02,394.91,10481.17
