frame,object_id,class,x,y,width,height,center_x,center_y,area
0,1337,person,902.24,406.98,118.46,238.06,902.24,406.98,28199.69
1,1337,person,895.97,422.7,124.95,248.73,895.97,422.7,31079.52
1,1377,person,1024.7,246.09,70.47,151.37,1024.7,246.09,10667.04
2,1337,person,892.62,429.27,128.0,252.65,892.62,429.27,32339.14
2,1377,person,1025.52,246.04,71.36,153.37,1025.52,246.04,10945.1
3,1337,person,891.23,432.46,129.12,252.56,891.23,432.46,32611.45
4,1337,person,890.65,432.35,129.75,251.47,890.65,432.35,32628.38
5,1337,person,890.94,432.43,130.37,250.25,890.94,432.43,32624.07
6,1337,person,891.62,432.69,131.05,248.98,891.62,432.69,32629.04
7,1337,person,892.12,432.78,131.98,248.19,892.12,432.78,32756.11
8,1337,person,892.92,432.69,132.98,247.44,892.92,432.69,32903.59
8,1377,person,1032.88,242.9,75.14,162.81,1032.88,242.9,12233.55
9,1337,person,894.43,430.68,135.31,249.11,894.43,430.68,33707.69
9,1377,person,1033.7,241.39,74.25,162.21,1033.7,241.39,12044.49
10,1337,person,896.44,428.66,136.2,247.93,896.44,428.66,33768.68
10,1377,person,1035.01,239.27,74.47,163.9,1035.01,239.27,12206.08
11,1337,person,899.2,425.2,138.38,249.71,899.2,425.2,34556.32
11,1377,person,1036.51,236.14,74.83,165.71,1036.51,236.14,12400.65
12,1337,person,903.2,422.64,141.05,253.19,903.2,422.64,35711.29
12,1377,person,1037.75,236.48,74.59,166.34,1037.75,236.48,12407.38
13,1337,person,904.73,422.27,142.75,254.24,904.73,422.27,36292.4
14,1337,person,907.15,422.56,142.78,253.27,907.15,422.56,36161.51
15,1337,person,914.06,421.52,142.1,253.47,914.06,421.52,36016.69
15,1377,person,1044.89,236.62,74.43,167.27,1044.89,236.62,12450.34
16,1337,person,912.57,420.63,143.63,254.16,912.57,420.63,36503.87
16,1377,person,1047.4,238.51,77.59,177.77,1047.4,238.51,13792.89
17,1337,person,919.3,420.92,142.09,252.19,919.3,420.92,35832.7
17,1377,person,1050.13,240.88,78.23,181.58,1050.13,240.88,14205.13
18,1337,person,916.75,422.02,142.83,251.15,916.75,422.02,35871.99
18,1377,person,1053.09,242.82,78.16,182.16,1053.09,242.82,14237.07
19,1337,person,916.06,423.18,144.31,251.29,916.06,423.18,36262.84
19,1377,person,1055.31,243.19,78.25,182.7,1055.31,243.19,14295.73
20,1337,person,916.66,427.9,148.51,257.0,916.66,427.9,38166.82
21,1337,person,915.5,432.88,152.75,262.5,915.5,432.88,40097.86
22,1337,person,914.33,436.34,154.2,262.06,914.33,436.34,40409.38
23,1337,person,913.28,441.83,159.61,268.69,913.28,441.83,42885.46
24,1337,person,912.66,443.0,159.81,265.43,912.66,443.0,42418.5
25,1337,person,912.85,443.47,158.38,258.81,912.85,443.47,40990.93
26,1337,person,912.71,444.11,157.17,252.0,912.71,444.11,39605.98
27,1337,person,912.68,446.14,155.23,243.38,912.68,446.14,37779.84
27,1377,person,1063.79,247.04,68.8,160.91,1063.79,247.04,11071.46
28,1337,person,913.05,444.73,156.09,239.29,913.05,444.73,37351.86
29,1337,person,913.3,441.54,156.82,234.41,913.3,441.54,36759.09
30,1337,person,915.58,439.77,159.72,234.74,915.58,439.77,37492.31
31,1337,person,915.57,434.4,156.79,223.89,915.57,434.4,35104.7
32,1337,person,922.69,439.27,168.05,236.29,922.69,439.27,39709.85
33,1337,person,940.75,441.5,168.97,238.52,940.75,441.5,40302.86
34,1337,person,952.26,443.34,167.65,237.02,952.26,443.34,39736.34
35,1337,person,959.5,443.81,167.08,236.01,959.5,443.81,39433.68
36,1337,person,961.47,442.63,167.34,234.27,961.47,442.63,39203.48
37,1337,person,969.16,440.61,167.07,230.63,969.16,440.61,38529.91
38,1337,person,973.15,438.83,167.32,227.81,973.15,438.83,38117.58
39,1337,person,985.54,434.87,165.84,222.17,985.54,434.87,36843.97
40,1337,person,1006.48,429.74,157.25,210.32,1006.48,429.74,33071.45
41,1337,person,1019.18,425.9,149.77,201.65,1019.18,425.9,30199.94
42,1337,person,1025.6,422.11,145.12,196.09,1025.6,422.11,28456.38
43,1337,person,1031.13,421.46,139.59,189.39,1031.13,421.46,26436.18
44,1337,person,1033.5,423.93,135.76,182.99,1033.5,423.93,24841.92
45,1337,person,1037.92,429.14,136.23,183.54,1037.92,429.14,25003.02
46,1337,person,1040.27,436.0,132.29,178.15,1040.27,436.0,23567.07
48,1337,person,1046.2,447.64,133.76,179.75,1046.2,447.64,24043.21
58,1381,person,1073.51,259.02,61.1,141.26,1073.51,259.02,8631.85
59,1381,person,1073.98,260.83,61.51,142.17,1073.98,260.83,8744.77
60,1381,person,1073.58,261.59,61.47,141.85,1073.58,261.59,8719.57
61,1381,person,1072.67,263.44,64.0,147.38,1072.67,263.44,9432.08
62,1381,person,1071.28,265.61,64.54,148.73,1071.28,265.61,9598.88
63,1381,person,1070.7,266.21,63.92,147.96,1070.7,266.21,9456.83
64,1381,person,1069.34,266.31,62.86,146.33,1069.34,266.31,9198.16
65,1381,person,1068.09,266.84,61.98,145.15,1068.09,266.84,8995.97
66,1381,person,1067.47,269.58,61.94,146.27,1067.47,269.58,9059.46
74,1381,person,1048.7,279.79,56.23,133.74,1048.7,279.79,7519.64
75,1381,person,1045.84,280.8,55.1,130.55,1045.84,280.8,7193.11
83,1387,person,1095.17,453.85,122.4,232.58,1095.17,453.85,28466.64
85,1387,person,1086.61,469.86,113.77,215.31,1086.61,469.86,24495.76
88,1387,person,1067.16,473.0,120.28,225.63,1067.16,473.0,27139.24
89,1387,person,1061.92,468.27,124.71,233.38,1061.92,468.27,29104.94
90,1387,person,1066.95,434.25,160.71,300.22,1066.95,434.25,48248.8
91,1387,person,1059.38,436.44,166.94,307.15,1059.38,436.44,51276.89
92,1387,person,1051.17,434.02,171.37,310.46,1051.17,434.02,53203.91
93,1387,person,1040.25,412.26,200.49,364.42,1040.25,412.26,73062.56
94,1387,person,1026.2,423.75,193.28,343.12,1026.2,423.75,66318.61
95,1387,person,1014.78,436.77,184.72,325.47,1014.78,436.77,60121.34
97,1387,person,977.73,455.58,156.96,278.42,977.73,455.58,43701.14
98,1387,person,966.54,460.04,145.82,261.03,966.54,460.04,38062.43
99,1387,person,954.53,451.14,132.24,235.38,954.53,451.14,31125.66
100,1387,person,950.32,443.37,127.96,228.31,950.32,443.37,29213.95
101,1387,person,945.44,442.73,122.3,218.12,945.44,442.73,26677.19
102,1387,person,944.21,439.83,121.92,219.57,944.21,439.83,26770.12
103,1387,person,943.32,438.53,119.89,218.86,943.32,438.53,26238.78
104,1387,person,934.58,437.11,123.82,227.3,934.58,437.11,28145.0
105,1387,person,929.29,436.73,124.89,229.24,929.29,436.73,28629.06
106,1387,person,927.95,435.85,127.02,233.07,927.95,435.85,29604.34
107,1387,person,928.52,434.84,129.08,237.38,928.52,434.84,30640.22
108,1387,person,931.2,430.09,129.38,240.29,931.2,430.09,31088.54
109,1387,person,930.97,429.6,125.52,234.48,930.97,429.6,29431.76
111,1387,person,924.41,429.7,126.07,234.8,924.41,429.7,29600.36
112,1387,person,917.0,422.44,144.22,273.37,917.0,422.44,39425.9
113,1387,person,911.62,423.13,148.82,287.23,911.62,423.13,42746.91
114,1387,person,905.53,425.45,148.64,291.02,905.53,425.45,43257.48
115,1387,person,903.07,423.38,148.91,294.89,903.07,423.38,43910.73
116,1387,person,901.94,420.98,149.69,299.35,901.94,420.98,44810.43
117,1387,person,899.77,425.19,143.64,289.48,899.77,425.19,41580.45
118,1387,person,900.4,427.91,136.78,274.99,900.4,427.91,37614.49
119,1387,person,890.2,432.34,131.22,268.92,890.2,432.34,35288.52
120,1387,person,885.08,434.8,127.84,267.33,885.08,434.8,34174.71
121,1387,person,880.8,433.5,124.33,264.21,880.8,433.5,32849.39
122,1387,person,878.59,428.87,120.99,260.35,878.59,428.87,31498.47
123,1387,person,876.98,424.14,118.66,258.05,876.98,424.14,30619.81
124,1387,person,870.7,416.32,114.65,249.98,870.7,416.32,28660.96
125,1387,person,867.45,413.59,111.93,247.39,867.45,413.59,27690.41
126,1387,person,862.89,413.33,108.4,242.04,862.89,413.33,26236.76
127,1387,person,858.91,411.31,105.44,238.22,858.91,411.31,25117.37
128,1387,person,856.83,410.77,103.04,235.34,856.83,410.77,24250.66
128,1399,person,935.32,293.33,64.63,157.12,935.32,293.33,10154.5
129,1387,person,851.95,411.99,102.27,237.53,851.95,411.99,24293.48
129,1399,person,930.13,294.68,65.99,160.3,930.13,294.68,10577.62
130,1387,person,848.13,412.22,101.46,239.08,848.13,412.22,24258.1
130,1399,person,925.38,293.99,66.14,160.82,925.38,293.99,10636.46
131,1387,person,845.28,412.39,101.39,241.9,845.28,412.39,24526.46
131,1399,person,921.49,294.61,65.43,158.62,921.49,294.61,10379.15
132,1387,person,843.83,411.04,100.28,240.63,843.83,411.04,24130.64
132,1399,person,918.86,294.34,66.24,160.31,918.86,294.34,10619.62
132,1401,person,845.28,368.34,94.11,155.62,845.28,368.34,14645.09
133,1387,person,840.25,409.39,100.3,240.7,840.25,409.39,24142.45
133,1399,person,916.53,292.92,65.12,157.61,916.53,292.92,10263.98
133,1401,person,842.74,363.68,88.73,146.34,842.74,363.68,12985.53
134,1387,person,835.96,406.33,100.04,239.88,835.96,406.33,23997.12
134,1399,person,912.35,292.18,64.26,155.36,912.35,292.18,9983.45
134,1401,person,836.62,368.83,96.65,159.53,836.62,368.83,15418.46
135,1387,person,834.38,402.3,99.06,234.68,834.38,402.3,23248.54
135,1399,person,909.18,290.73,64.48,155.38,909.18,290.73,10018.0
135,1401,person,834.75,359.56,90.17,147.75,834.75,359.56,13323.58
136,1387,person,830.99,397.68,97.83,227.45,830.99,397.68,22252.92
136,1399,person,905.31,289.52,65.09,156.2,905.31,289.52,10167.63
136,1401,person,830.95,358.24,91.23,148.23,830.95,358.24,13523.24
137,1387,person,824.26,396.37,98.51,225.04,824.26,396.37,22168.86
137,1399,person,904.33,287.17,65.28,155.66,904.33,287.17,10160.61
137,1401,person,826.43,365.28,101.83,165.57,826.43,365.28,16858.72
138,1387,person,820.0,397.16,101.98,228.4,820.0,397.16,23292.56
138,1399,person,905.04,285.68,66.26,157.06,905.04,285.68,10407.29
138,1401,person,824.39,368.2,107.63,174.91,824.39,368.2,18826.46
139,1387,person,818.46,398.61,105.91,232.32,818.46,398.61,24604.8
139,1399,person,907.07,285.76,67.26,157.2,907.07,285.76,10573.87
139,1401,person,824.1,365.65,106.25,171.24,824.1,365.65,18193.73
140,1387,person,814.76,402.63,111.79,239.26,814.76,402.63,26747.42
140,1399,person,906.94,285.99,68.37,155.39,906.94,285.99,10624.48
141,1387,person,812.66,404.62,114.16,239.79,812.66,404.62,27375.88
141,1399,person,910.58,287.2,68.9,154.29,910.58,287.2,10630.68
142,1387,person,811.68,404.77,116.11,240.42,811.68,404.77,27916.65
142,1399,person,914.42,287.94,69.34,154.16,914.42,287.94,10689.71
143,1387,person,811.26,405.01,117.54,240.7,811.26,405.01,28291.4
143,1399,person,917.16,288.51,69.89,153.65,917.16,288.51,10738.1
144,1387,person,811.85,406.12,117.9,239.35,811.85,406.12,28219.54
144,1399,person,918.6,289.11,71.15,154.39,918.6,289.11,10985.0
145,1387,person,813.32,406.5,117.43,237.06,813.32,406.5,27838.43
145,1399,person,922.26,289.36,72.53,156.18,922.26,289.36,11327.08
146,1387,person,814.17,406.7,116.57,234.94,814.17,406.7,27385.67
146,1399,person,929.3,286.56,71.56,154.94,929.3,286.56,11086.76
147,1387,person,815.66,406.83,116.35,234.11,815.66,406.83,27239.3
147,1399,person,930.94,286.44,72.92,155.5,930.94,286.44,11338.58
148,1387,person,816.65,406.84,116.31,233.83,816.65,406.84,27196.11
148,1399,person,932.84,285.46,74.03,154.71,932.84,285.46,11452.85
149,1387,person,816.73,406.87,116.02,233.02,816.73,406.87,27033.94
149,1399,person,934.67,284.91,76.04,156.69,934.67,284.91,11914.5
150,1387,person,816.44,406.78,115.98,232.88,816.44,406.78,27010.05
150,1399,person,936.76,284.41,78.23,160.1,936.76,284.41,12523.99
151,1387,person,817.01,406.3,116.12,233.0,817.01,406.3,27056.35
151,1399,person,938.27,284.49,80.64,164.29,938.27,284.49,13247.63
152,1387,person,816.49,406.6,115.99,232.64,816.49,406.6,26983.84
152,1399,person,938.26,285.54,81.63,165.61,938.26,285.54,13519.22
153,1387,person,815.51,407.94,115.96,232.43,815.51,407.94,26953.38
153,1399,person,937.82,287.05,82.14,166.35,937.82,287.05,13663.22
154,1387,person,813.9,408.66,115.83,231.92,813.9,408.66,26862.35
154,1399,person,936.32,286.58,81.07,163.88,936.32,286.58,13284.95
155,1387,person,811.71,408.84,116.01,231.51,811.71,408.84,26857.96
155,1399,person,934.88,285.3,80.52,162.65,934.88,285.3,13096.7
156,1387,person,809.29,408.87,116.22,231.49,809.29,408.87,26904.1
156,1399,person,933.14,282.75,79.32,159.45,933.14,282.75,12648.0
157,1387,person,805.95,409.01,115.56,230.64,805.95,409.01,26651.97
157,1399,person,932.65,280.82,78.49,156.38,932.65,280.82,12274.4
158,1387,person,802.57,409.81,114.86,229.9,802.57,409.81,26405.12
158,1399,person,931.56,279.91,78.76,155.01,931.56,279.91,12208.35
159,1387,person,799.52,411.3,115.19,230.91,799.52,411.3,26599.5
159,1399,person,929.61,281.2,79.4,154.99,929.61,281.2,12307.12
160,1387,person,796.56,412.99,115.55,232.59,796.56,412.99,26875.68
160,1399,person,929.41,280.92,81.43,156.82,929.41,280.92,12769.59
161,1387,person,795.42,411.12,116.37,233.95,795.42,411.12,27224.85
161,1399,person,929.93,278.28,82.06,156.24,929.93,278.28,12820.39
162,1387,person,795.51,408.5,115.85,233.12,795.51,408.5,27005.96
162,1399,person,934.0,275.79,82.0,154.55,934.0,275.79,12673.96
163,1387,person,794.45,406.88,116.46,233.68,794.45,406.88,27213.08
163,1399,person,937.73,274.45,82.26,154.12,937.73,274.45,12678.33
164,1387,person,795.3,405.32,117.37,234.3,795.3,405.32,27500.22
164,1399,person,939.84,274.83,83.47,156.06,939.84,274.83,13025.73
165,1387,person,795.71,405.62,117.84,234.2,795.71,405.62,27598.07
165,1399,person,941.32,274.12,84.2,157.39,941.32,274.12,13252.58
166,1387,person,796.86,404.63,118.93,235.45,796.86,404.63,28001.3
166,1399,person,944.15,271.69,84.24,157.79,944.15,271.69,13292.77
167,1387,person,797.38,404.87,119.5,236.61,797.38,404.87,28275.23
167,1399,person,946.21,270.5,84.1,158.79,946.21,270.5,13354.58
168,1387,person,797.42,405.08,119.64,236.92,797.42,405.08,28345.61
168,1399,person,947.41,272.78,85.15,162.91,947.41,272.78,13871.87
169,1387,person,798.76,406.34,119.25,236.08,798.76,406.34,28152.89
169,1399,person,949.83,271.98,83.64,161.62,949.83,271.98,13517.52
170,1387,person,799.85,406.3,118.6,235.02,799.85,406.3,27873.95
170,1399,person,950.94,272.95,83.7,163.48,950.94,272.95,13683.22
171,1387,person,801.41,406.07,118.83,235.33,801.41,406.07,27963.36
171,1399,person,952.34,273.66,84.61,166.51,952.34,273.66,14088.93
172,1387,person,801.75,405.26,119.06,236.06,801.75,405.26,28104.88
172,1399,person,952.74,272.8,83.47,165.87,952.74,272.8,13844.42
173,1387,person,801.58,404.08,119.39,237.1,801.58,404.08,28306.56
173,1399,person,953.18,271.42,82.59,165.21,953.18,271.42,13644.58
174,1387,person,801.85,403.1,118.99,236.95,801.85,403.1,28193.25
174,1399,person,953.55,270.39,82.03,164.93,953.55,270.39,13528.73
175,1387,person,804.55,401.12,119.02,237.36,804.55,401.12,28251.47
175,1399,person,954.75,265.63,79.85,161.18,954.75,265.63,12870.66
176,1387,person,806.03,399.02,118.65,236.59,806.03,399.02,28070.69
176,1399,person,954.01,262.64,78.11,159.06,954.01,262.64,12423.82
177,1387,person,805.8,397.7,118.91,237.19,805.8,397.7,28203.49
177,1399,person,954.35,260.58,77.02,157.49,954.35,260.58,12129.47
178,1387,person,805.75,397.16,119.35,237.57,805.75,397.16,28353.68
178,1399,person,954.06,260.1,76.43,156.91,954.06,260.1,11992.13
179,1387,person,804.61,397.68,119.5,236.98,804.61,397.68,28319.88
179,1399,person,953.36,260.35,75.69,155.8,953.36,260.35,11791.45
180,1387,person,803.89,398.28,119.19,234.92,803.89,398.28,27999.18
180,1399,person,952.85,261.05,75.8,156.55,952.85,261.05,11866.91
181,1387,person,804.25,398.68,118.93,233.09,804.25,398.68,27722.31
181,1399,person,953.26,260.86,75.61,156.21,953.26,260.86,11811.2
182,1387,person,805.88,398.52,120.05,234.57,805.88,398.52,28160.47
182,1399,person,952.67,262.91,76.71,158.26,952.67,262.91,12139.3
183,1387,person,807.21,399.8,120.44,235.21,807.21,399.8,28328.11
183,1399,person,950.62,269.21,80.5,166.2,950.62,269.21,13379.57
184,1387,person,808.58,401.55,120.48,235.56,808.58,401.55,28381.17
184,1399,person,953.15,268.92,80.23,167.81,953.15,268.92,13463.83
185,1387,person,807.27,402.52,120.6,236.11,807.27,402.52,28474.95
185,1399,person,952.66,271.93,80.04,167.59,952.66,271.93,13414.83
186,1387,person,806.44,403.81,119.05,233.34,806.44,403.81,27779.62
186,1399,person,950.38,275.85,79.9,166.15,950.38,275.85,13275.61
187,1387,person,804.94,405.65,118.12,230.84,804.94,405.65,27267.46
187,1399,person,949.02,278.46,77.12,159.75,949.02,278.46,12320.61
188,1387,person,803.15,407.02,118.25,229.91,803.15,407.02,27187.48
188,1399,person,950.71,280.2,75.65,156.66,950.71,280.2,11851.57
189,1387,person,802.19,408.09,118.2,228.87,802.19,408.09,27052.54
190,1387,person,802.24,408.71,118.13,228.06,802.24,408.71,26939.5
190,1399,person,952.59,285.92,73.9,152.76,952.59,285.92,11289.7
191,1387,person,802.08,408.72,117.54,227.63,802.08,408.72,26756.28
191,1399,person,955.19,288.73,73.63,152.51,955.19,288.73,11229.24
192,1387,person,801.09,408.58,116.17,227.09,801.09,408.58,26381.46
192,1399,person,956.8,288.34,73.52,152.71,956.8,288.34,11227.4
193,1387,person,800.88,409.08,115.17,227.08,800.88,409.08,26151.56
193,1399,person,960.0,285.09,74.53,155.06,960.0,285.09,11557.14
194,1387,person,800.5,408.92,114.41,226.43,800.5,408.92,25906.0
194,1399,person,961.72,282.9,75.75,157.51,961.72,282.9,11931.12
195,1387,person,801.03,408.74,114.01,225.98,801.03,408.74,25763.26
195,1399,person,963.62,281.22,76.2,157.25,963.62,281.22,11982.33
196,1387,person,804.37,407.2,115.32,227.92,804.37,407.2,26283.85
196,1399,person,965.39,280.16,77.14,157.21,965.39,280.16,12126.77
197,1387,person,807.45,406.3,117.4,231.34,807.45,406.3,27160.1
197,1399,person,968.22,281.64,81.26,162.99,968.22,281.64,13245.2
198,1387,person,808.53,407.28,118.03,233.23,808.53,407.28,27527.32
199,1387,person,808.0,409.42,117.15,232.53,808.0,409.42,27241.36
199,1399,person,967.5,287.81,79.98,158.23,967.5,287.81,12655.83
200,1387,person,808.25,409.75,116.75,232.77,808.25,409.75,27175.93
200,1399,person,971.11,291.48,82.49,162.04,971.11,291.48,13366.01
201,1387,person,808.55,408.67,115.95,232.1,808.55,408.67,26910.88
201,1399,person,976.32,292.26,83.25,161.07,976.32,292.26,13409.46
202,1387,person,807.16,408.74,115.77,231.51,807.16,408.74,26802.17
202,1399,person,979.2,292.26,83.59,161.22,979.2,292.26,13476.93
203,1387,person,806.64,409.84,116.56,231.81,806.64,409.84,27019.21
203,1399,person,979.37,292.82,82.88,160.82,979.37,292.82,13329.05
204,1387,person,805.9,409.88,117.02,231.94,805.9,409.88,27140.6
204,1399,person,980.8,293.3,81.76,159.7,980.8,293.3,13057.0
205,1387,person,808.96,409.26,117.69,232.7,808.96,409.26,27387.69
205,1399,person,982.73,291.08,81.94,161.62,982.73,291.08,13243.04
206,1387,person,812.96,407.75,117.73,232.74,812.96,407.75,27401.26
207,1387,person,814.87,407.16,117.47,232.46,814.87,407.16,27306.67
208,1387,person,816.71,406.48,117.17,232.66,816.71,406.48,27259.94
208,1399,person,984.67,285.27,83.69,168.51,984.67,285.27,14102.2
209,1387,person,817.43,404.52,117.36,234.2,817.43,404.52,27487.14
209,1399,person,984.75,282.38,81.99,167.78,984.75,282.38,13756.26
210,1387,person,816.83,401.23,118.29,237.55,816.83,401.23,28099.64
210,1399,person,986.23,276.98,82.34,170.94,986.23,276.98,14075.19
211,1387,person,815.51,399.16,118.61,238.79,815.51,399.16,28321.37
211,1399,person,986.93,273.08,82.57,173.86,986.93,273.08,14355.99
212,1387,person,813.77,398.64,119.05,240.19,813.77,398.64,28594.94
213,1387,person,812.33,398.31,119.18,240.96,812.33,398.31,28718.02
214,1387,person,812.46,397.54,119.23,241.73,812.46,397.54,28821.42
214,1399,person,985.08,274.05,75.58,161.02,985.08,274.05,12170.32
215,1387,person,813.6,396.86,118.78,240.94,813.6,396.86,28618.63
216,1387,person,814.09,397.27,118.62,241.25,814.09,397.27,28617.61
216,1399,person,989.48,274.93,73.25,158.83,989.48,274.93,11633.99
217,1387,person,815.36,397.78,117.81,240.45,815.36,397.78,28328.34
217,1399,person,994.28,277.92,76.24,161.03,994.28,277.92,12276.78
218,1387,person,815.95,398.17,117.04,239.51,815.95,398.17,28032.8
219,1387,person,817.15,398.88,117.29,240.6,817.15,398.88,28220.27
220,1387,person,817.74,398.75,117.06,240.76,817.74,398.75,28182.37
221,1387,person,818.15,399.88,116.76,240.84,818.15,399.88,28120.42
222,1387,person,818.34,400.55,116.61,240.85,818.34,400.55,28085.46
223,1387,person,818.58,399.46,117.6,243.59,818.58,399.46,28647.54
224,1387,person,818.93,398.16,117.1,243.25,818.93,398.16,28484.93
225,1387,person,820.85,396.85,116.06,241.51,820.85,396.85,28030.19
226,1387,person,823.32,395.54,115.69,240.73,823.32,395.54,27849.17
227,1387,person,824.82,394.75,115.56,240.42,824.82,394.75,27784.24
228,1387,person,824.93,394.17,115.68,241.03,824.93,394.17,27883.23
229,1387,person,825.99,392.44,114.84,239.0,825.99,392.44,27447.8
230,1387,person,826.94,390.62,114.28,237.91,826.94,390.62,27189.19
231,1387,person,828.69,387.3,114.34,238.65,828.69,387.3,27287.53
232,1387,person,829.71,384.9,115.1,240.75,829.71,384.9,27709.84
233,1387,person,828.94,385.31,114.14,239.45,828.94,385.31,27332.03
234,1387,person,827.6,384.82,113.83,240.15,827.6,384.82,27337.13
235,1387,person,827.56,384.15,113.25,239.79,827.56,384.15,27156.69
236,1387,person,827.89,383.72,112.98,240.26,827.89,383.72,27144.6
237,1387,person,828.35,384.57,113.1,241.16,828.35,384.57,27275.44
238,1387,person,827.47,385.94,112.61,240.89,827.47,385.94,27127.48
239,1387,person,826.73,387.4,111.77,240.17,826.73,387.4,26843.25
240,1387,person,825.95,387.82,110.8,239.55,825.95,387.82,26541.49
241,1387,person,826.33,389.11,109.18,237.73,826.33,389.11,25955.97
242,1387,person,826.35,389.17,109.61,239.86,826.35,389.17,26290.88
243,1387,person,825.88,391.73,107.32,235.55,825.88,391.73,25279.86
244,1387,person,827.06,390.41,107.49,237.18,827.06,390.41,25494.54
245,1387,person,830.32,390.19,107.42,238.25,830.32,390.19,25592.73
246,1387,person,833.86,389.73,107.55,239.76,833.86,389.73,25786.44
247,1387,person,838.59,390.39,108.3,242.14,838.59,390.39,26224.41
248,1387,person,842.72,394.03,107.82,240.84,842.72,394.03,25967.22
249,1387,person,847.14,397.67,106.43,236.23,847.14,397.67,25141.34
250,1387,person,851.16,405.83,102.51,223.64,851.16,405.83,22924.33
251,1387,person,854.42,412.37,98.24,209.17,854.42,412.37,20547.46
252,1387,person,856.74,415.47,100.32,209.37,856.74,415.47,21003.62
253,1387,person,863.81,412.49,108.1,222.2,863.81,412.49,24018.61
254,1387,person,870.78,408.03,113.42,228.93,870.78,408.03,25964.79
255,1387,person,875.74,404.61,115.38,228.61,875.74,404.61,26378.49
256,1387,person,878.64,401.75,118.11,230.05,878.64,401.75,27172.71
257,1387,person,881.02,399.91,120.48,232.34,881.02,399.91,27992.86
258,1387,person,884.52,399.51,123.01,237.05,884.52,399.51,29159.78
259,1387,person,886.68,399.27,123.92,239.7,886.68,399.27,29704.36
260,1387,person,885.94,399.62,124.4,242.68,885.94,399.62,30189.7
261,1387,person,882.2,400.2,124.93,244.26,882.2,400.2,30513.71
262,1387,person,876.24,401.85,125.52,246.35,876.24,401.85,30922.04
263,1387,person,873.08,405.24,125.6,247.13,873.08,405.24,31039.99
264,1387,person,872.16,407.95,122.12,241.09,872.16,407.95,29441.74
265,1387,person,873.69,409.22,119.63,237.69,873.69,409.22,28434.55
266,1387,person,875.41,410.99,117.56,235.87,875.41,410.99,27728.46
267,1387,person,877.13,413.88,115.42,233.72,877.13,413.88,26975.47
268,1387,person,878.43,415.82,113.19,231.3,878.43,415.82,26180.16
269,1387,person,878.28,419.2,111.64,229.11,878.28,419.2,25576.77
270,1387,person,881.17,427.92,115.4,237.32,881.17,427.92,27387.69
271,1387,person,886.25,437.15,119.03,243.38,886.25,437.15,28968.14
272,1387,person,887.39,435.83,113.15,229.7,887.39,435.83,25990.05
273,1387,person,888.03,435.96,106.09,210.38,888.03,435.96,22319.8
274,1387,person,892.59,432.39,104.78,203.64,892.59,432.39,21338.09
275,1387,person,897.86,431.41,103.28,195.8,897.86,431.41,20221.63
275,1412,person,798.91,308.5,71.54,91.49,798.91,308.5,6545.58
276,1387,person,900.38,431.56,103.21,191.57,900.38,431.56,19771.74
276,1412,person,797.9,308.55,70.86,90.53,797.9,308.55,6414.33
277,1387,person,902.48,431.75,104.88,190.59,902.48,431.75,19989.7
277,1412,person,797.82,308.6,71.08,90.66,797.82,308.6,6444.26
278,1387,person,905.46,431.98,107.17,190.74,905.46,431.98,20441.64
278,1412,person,797.45,309.12,70.3,89.44,797.45,309.12,6287.35
279,1387,person,908.84,432.14,109.71,191.58,908.84,432.14,21017.63
280,1387,person,909.03,433.03,113.07,194.11,909.03,433.03,21949.0
281,1387,person,909.13,436.05,115.55,194.94,909.13,436.05,22524.72
282,1387,person,910.09,437.33,119.28,198.32,910.09,437.33,23655.55
283,1387,person,904.26,440.14,115.87,191.17,904.26,440.14,22151.38
283,1412,person,792.33,314.03,72.16,91.66,792.33,314.03,6614.43
284,1387,person,903.35,443.47,116.64,190.74,903.35,443.47,22248.9
284,1416,person,952.96,392.72,49.79,107.38,952.96,392.72,5346.37
285,1387,person,898.59,447.2,112.78,183.88,898.59,447.2,20738.44
285,1416,person,952.49,392.67,49.25,106.22,952.49,392.67,5230.95
286,1387,person,897.61,446.18,109.28,177.41,897.61,446.18,19387.42
286,1416,person,953.97,390.08,50.14,108.15,953.97,390.08,5422.02
287,1387,person,897.54,445.8,107.02,172.54,897.54,445.8,18465.79
287,1416,person,955.87,389.11,49.75,107.26,955.87,389.11,5336.17
288,1387,person,898.34,445.57,108.37,174.09,898.34,445.57,18866.72
288,1416,person,956.58,389.07,49.9,107.49,956.58,389.07,5363.76
289,1387,person,900.46,443.32,110.58,176.95,900.46,443.32,19567.32
289,1416,person,957.5,386.92,50.3,108.79,957.5,386.92,5472.66
289,1417,person,394.65,117.82,59.49,79.31,394.65,117.82,4718.22
290,1416,person,958.56,385.17,50.27,109.71,958.56,385.17,5515.2
291,1416,person,959.0,384.21,50.5,111.31,959.0,384.21,5620.9
291,1387,person,907.36,437.16,120.68,192.57,907.36,437.16,23238.61
292,1416,person,959.25,384.76,49.05,108.69,959.25,384.76,5331.56
292,1387,person,907.06,435.57,120.15,191.06,907.06,435.57,22955.19
293,1416,person,959.52,384.75,48.34,107.62,959.52,384.75,5202.13
293,1387,person,908.2,434.16,122.39,194.24,908.2,434.16,23773.27
294,1387,person,909.7,431.33,126.8,201.19,909.7,431.33,25511.2
295,1387,person,909.32,430.29,126.72,201.61,909.32,430.29,25548.22
296,1387,person,909.29,430.86,127.59,203.64,909.29,430.86,25981.6
297,1387,person,911.69,431.59,133.2,213.3,911.69,431.59,28411.65
298,1387,person,912.82,430.8,132.79,212.73,912.82,430.8,28248.13
299,1387,person,912.02,430.48,131.42,211.1,912.02,430.48,27742.46
300,1387,person,912.99,429.37,129.87,208.01,912.99,429.37,27014.83
301,1387,person,913.39,428.25,127.98,203.97,913.39,428.25,26104.82
302,1387,person,913.88,427.24,130.64,208.07,913.88,427.24,27182.64
303,1387,person,914.09,426.05,131.21,208.4,914.09,426.05,27343.74
304,1387,person,917.44,424.92,135.88,214.69,917.44,424.92,29172.13
305,1387,person,915.5,420.09,137.85,219.38,915.5,420.09,30242.0
306,1387,person,915.6,414.95,138.55,221.6,915.6,414.95,30702.83
307,1387,person,915.25,410.19,140.28,226.48,915.25,410.19,31770.7
308,1387,person,921.64,403.43,144.1,233.0,921.64,403.43,33574.41
309,1387,person,926.48,399.12,145.01,234.44,926.48,399.12,33996.54
310,1387,person,929.34,399.19,144.57,233.56,929.34,399.19,33765.23
311,1387,person,931.56,399.46,143.93,231.49,931.56,399.46,33318.32
312,1387,person,933.53,400.91,145.14,231.35,933.53,400.91,33577.55
313,1387,person,935.29,401.88,148.71,235.53,935.29,401.88,35025.14
314,1387,person,939.47,406.11,149.63,235.16,939.47,406.11,35186.47
315,1387,person,943.36,403.64,155.66,243.88,943.36,403.64,37962.66
316,1387,person,949.32,399.52,162.18,254.78,949.32,399.52,41319.15
317,1387,person,953.59,398.92,167.87,266.33,953.59,398.92,44709.88
318,1387,person,959.39,406.26,166.37,266.9,959.39,406.26,44403.75
319,1387,person,962.62,408.77,165.77,269.69,962.62,408.77,44706.4
320,1387,person,965.95,418.2,155.83,256.43,965.95,418.2,39960.35
321,1387,person,965.99,421.82,152.18,253.95,965.99,421.82,38646.66
322,1387,person,963.93,421.0,152.92,260.07,963.93,421.0,39769.96
323,1387,person,962.0,419.7,152.2,264.11,962.0,419.7,40198.26
324,1387,person,955.77,420.14,145.99,259.59,955.77,420.14,37899.35
325,1387,person,953.27,419.79,144.4,262.92,953.27,419.79,37964.19
326,1387,person,952.33,421.16,142.99,266.01,952.33,421.16,38037.13
327,1387,person,952.31,422.32,140.53,265.8,952.31,422.32,37353.34
328,1387,person,953.53,422.26,137.15,263.9,953.53,422.26,36193.78
329,1387,person,954.96,423.09,134.28,261.66,954.96,423.09,35135.19
330,1387,person,955.81,422.95,132.11,259.4,955.81,422.95,34267.83
331,1387,person,956.16,422.92,129.79,256.31,956.16,422.92,33267.31
332,1387,person,956.1,423.64,129.26,257.37,956.1,423.64,33267.94
333,1387,person,956.32,424.18,128.46,257.46,956.32,424.18,33073.98
334,1387,person,955.49,424.88,126.7,256.08,955.49,424.88,32444.55
335,1387,person,954.22,425.28,124.38,252.86,954.22,425.28,31450.07
336,1387,person,955.07,426.49,122.3,249.59,955.07,426.49,30524.57
337,1387,person,954.91,428.78,120.56,247.62,954.91,428.78,29852.16
338,1387,person,957.96,430.14,118.65,244.52,957.96,430.14,29012.04
339,1387,person,963.92,434.8,119.89,246.72,963.92,434.8,29578.38
340,1387,person,968.3,440.5,120.57,248.77,968.3,440.5,29993.18
341,1387,person,969.96,448.59,119.76,247.05,969.96,448.59,29587.46
342,1387,person,970.06,457.03,118.92,245.26,970.06,457.03,29165.32
343,1387,person,970.65,463.57,117.67,242.02,970.65,463.57,28479.82
344,1387,person,969.58,468.8,117.21,241.62,969.58,468.8,28320.94
345,1387,person,968.86,472.74,117.43,241.73,968.86,472.74,28387.29
346,1387,person,966.41,474.07,117.06,241.47,966.41,474.07,28266.03
347,1387,person,964.68,473.61,117.91,243.56,964.68,473.61,28717.04
348,1387,person,960.04,472.52,117.45,244.69,960.04,472.52,28738.05
349,1387,person,958.11,471.04,117.37,245.76,958.11,471.04,28846.06
349,1426,person,1008.68,441.32,29.05,94.11,1008.68,441.32,2734.07
350,1387,person,956.48,469.61,117.61,246.59,956.48,469.61,29002.17
350,1426,person,1007.42,438.89,28.84,93.45,1007.42,438.89,2694.93
351,1387,person,955.08,467.78,118.09,247.21,955.08,467.78,29194.18
352,1387,person,951.44,463.66,117.06,244.75,951.44,463.66,28651.38
353,1387,person,947.51,458.32,115.62,242.35,947.51,458.32,28019.51
354,1387,person,945.25,454.05,115.21,242.24,945.25,454.05,27908.04
355,1387,person,943.86,450.8,115.3,243.12,943.86,450.8,28031.79
356,1387,person,942.47,448.17,114.47,241.39,942.47,448.17,27632.3
357,1387,person,940.74,445.88,114.85,242.96,940.74,445.88,27903.5
357,1428,person,413.78,271.24,22.36,78.02,413.78,271.24,1744.8
358,1387,person,939.92,445.49,116.36,246.81,939.92,445.49,28719.19
359,1387,person,939.77,447.26,116.76,247.53,939.77,447.26,28901.44
360,1387,person,938.3,452.02,117.76,250.02,938.3,452.02,29442.06
361,1387,person,935.86,454.48,116.46,247.67,935.86,454.48,28845.05
362,1387,person,934.37,456.44,116.14,247.74,934.37,456.44,28771.22
362,1432,person,984.04,427.28,28.04,94.16,984.04,427.28,2640.7
363,1387,person,932.89,460.65,118.94,255.34,932.89,460.65,30370.7
363,1432,person,983.05,426.84,28.51,95.65,983.05,426.84,2726.56
364,1387,person,931.86,458.32,116.36,249.45,931.86,458.32,29024.92
365,1387,person,928.57,457.77,115.14,248.06,928.57,457.77,28560.4
365,1432,person,978.83,427.68,28.56,95.54,978.83,427.68,2728.48
366,1387,person,927.54,459.35,116.87,252.61,927.54,459.35,29522.23
366,1432,person,977.18,427.09,28.63,95.54,977.18,427.09,2735.37
367,1387,person,928.5,455.92,115.63,249.24,928.5,455.92,28820.31
368,1387,person,927.76,451.79,113.27,243.84,927.76,451.79,27620.17
368,1432,person,978.0,421.54,29.0,96.26,978.0,421.54,2791.71
369,1387,person,928.87,450.32,113.54,244.22,928.87,450.32,27727.89
369,1432,person,979.05,418.34,29.61,97.92,979.05,418.34,2899.42
370,1387,person,930.43,449.84,114.16,245.56,930.43,449.84,28034.24
370,1432,person,981.73,417.27,29.51,97.8,981.73,417.27,2885.95
371,1387,person,934.61,451.06,114.95,246.87,934.61,451.06,28378.37
371,1432,person,984.53,419.01,29.47,98.13,984.53,419.01,2892.22
372,1387,person,937.69,453.87,116.13,248.64,937.69,453.87,28875.19
372,1432,person,985.04,421.3,29.66,98.68,985.04,421.3,2926.9
373,1387,person,938.98,455.87,116.65,249.42,938.98,455.87,29095.34
373,1432,person,986.59,422.24,29.76,99.12,986.59,422.24,2949.81
374,1387,person,939.15,458.6,117.44,251.59,939.15,458.6,29547.79
374,1432,person,988.11,423.48,30.0,99.97,988.11,423.48,2999.19
375,1387,person,937.76,459.51,116.21,249.63,937.76,459.51,29008.7
375,1432,person,988.65,423.83,30.15,100.62,988.65,423.83,3033.59
376,1387,person,938.91,458.17,116.41,249.75,938.91,458.17,29074.09
376,1432,person,988.39,422.93,29.82,99.56,988.39,422.93,2969.19
377,1387,person,940.17,452.01,114.97,245.82,940.17,452.01,28261.29
377,1432,person,989.6,418.05,30.44,102.27,989.6,418.05,3113.37
378,1387,person,940.54,444.79,115.06,246.99,940.54,444.79,28419.22
378,1426,person,991.31,407.21,30.23,100.51,991.31,407.21,3038.47
379,1387,person,941.15,438.87,114.49,246.24,941.15,438.87,28191.42
379,1426,person,990.81,403.49,29.45,99.54,990.81,403.49,2931.34
380,1387,person,940.84,433.13,114.0,244.97,940.84,433.13,27927.56
380,1426,person,988.84,398.47,30.13,101.07,988.84,398.47,3045.01
381,1387,person,939.93,427.91,115.39,248.25,939.93,427.91,28645.99
381,1426,person,987.55,391.86,30.52,101.73,987.55,391.86,3105.25
382,1387,person,940.65,421.15,114.65,246.25,940.65,421.15,28231.62
382,1426,person,988.24,387.34,30.19,102.33,988.24,387.34,3089.36
382,1440,person,1034.85,288.18,49.91,109.64,1034.85,288.18,5472.29
383,1387,person,943.17,419.85,115.44,247.57,943.17,419.85,28578.83
383,1426,person,989.43,384.84,30.95,105.28,989.43,384.84,3258.83
384,1387,person,945.47,419.06,115.42,247.17,945.47,419.06,28528.99
384,1426,person,990.98,383.25,31.61,107.03,990.98,383.25,3382.95
385,1387,person,946.66,419.17,114.45,245.25,946.66,419.17,28070.26
385,1426,person,993.46,385.6,30.84,103.52,993.46,385.6,3193.03
386,1387,person,950.95,422.5,115.69,248.01,950.95,422.5,28691.29
387,1387,person,955.37,425.05,116.71,250.16,955.37,425.05,29196.87
388,1387,person,958.42,426.24,115.64,248.47,958.42,426.24,28733.86
388,1442,person,1008.01,392.2,30.25,102.04,1008.01,392.2,3086.95
389,1387,person,962.69,425.33,115.25,247.89,962.69,425.33,28569.17
389,1442,person,1011.65,387.5,32.17,108.56,1011.65,387.5,3492.5
390,1387,person,967.2,424.28,116.06,249.03,967.2,424.28,28903.36
390,1442,person,1015.34,389.2,29.79,100.32,1015.34,389.2,2987.96
391,1387,person,970.25,423.78,116.9,250.11,970.25,423.78,29238.25
391,1442,person,1017.27,387.12,30.38,102.56,1017.27,387.12,3116.11
392,1387,person,972.23,423.47,117.95,251.91,972.23,423.47,29714.17
393,1387,person,973.46,419.79,117.26,249.52,973.46,419.79,29257.9
394,1387,person,973.28,417.11,117.57,249.28,973.28,417.11,29308.37
395,1387,person,973.31,415.73,117.92,249.47,973.31,415.73,29418.04
396,1387,person,972.12,415.88,118.67,250.65,972.12,415.88,29743.99
397,1387,person,970.84,415.66,118.74,250.05,970.84,415.66,29691.39
398,1387,person,969.59,416.87,119.61,251.2,969.59,416.87,30045.86
399,1387,person,968.27,418.32,120.81,252.99,968.27,418.32,30565.27
400,1387,person,967.54,419.86,121.45,253.87,967.54,419.86,30833.3
401,1387,person,967.52,421.35,122.22,255.35,967.52,421.35,31209.32
402,1387,person,967.76,422.44,122.87,256.73,967.76,422.44,31543.22
403,1387,person,966.24,423.62,122.96,256.72,966.24,423.62,31565.12
404,1387,person,965.34,424.17,122.65,255.82,965.34,424.17,31376.31
405,1387,person,964.52,424.02,121.45,252.9,964.52,424.02,30713.35
406,1387,person,963.88,423.79,120.79,251.48,963.88,423.79,30377.05
407,1387,person,963.84,422.22,121.28,252.16,963.84,422.22,30582.89
408,1387,person,963.78,419.77,121.86,253.61,963.78,419.77,30904.48
409,1387,person,963.52,417.71,122.26,254.78,963.52,417.71,31148.37
410,1387,person,963.02,413.82,121.14,252.81,963.02,413.82,30626.55
411,1387,person,962.35,409.13,120.21,251.1,962.35,409.13,30185.38
412,1387,person,961.93,409.05,121.48,254.68,961.93,409.05,30939.31
413,1387,person,962.08,405.94,122.12,256.78,962.08,405.94,31358.01
414,1387,person,961.88,403.48,122.07,257.51,961.88,403.48,31434.54
415,1387,person,962.8,400.28,121.83,257.76,962.8,400.28,31402.06
416,1387,person,963.77,396.59,121.44,257.06,963.77,396.59,31217.13
417,1387,person,964.64,394.06,120.55,254.69,964.64,394.06,30703.39
418,1387,person,965.34,392.9,120.56,254.27,965.34,392.9,30654.93
419,1387,person,965.36,392.35,120.36,253.17,965.36,392.35,30471.1
420,1387,person,965.27,392.55,120.8,253.67,965.27,392.55,30642.42
421,1387,person,965.22,393.09,122.01,256.15,965.22,393.09,31251.72
422,1387,person,965.72,393.19,123.16,258.63,965.72,393.19,31853.57
423,1387,person,967.41,392.75,123.86,260.35,967.41,392.75,32247.27
424,1387,person,969.17,391.08,123.8,260.11,969.17,391.08,32201.0
425,1387,person,970.86,388.48,122.97,257.94,970.86,388.48,31719.66
426,1387,person,972.07,386.51,121.71,255.05,972.07,386.51,31042.82
427,1387,person,973.01,385.63,121.21,253.59,973.01,385.63,30737.46
428,1387,person,973.84,385.29,121.09,252.93,973.84,385.29,30627.5
429,1387,person,974.5,386.69,121.91,254.58,974.5,386.69,31036.86
430,1387,person,974.95,388.24,122.78,256.71,974.95,388.24,31519.66
431,1387,person,975.06,388.03,122.31,255.8,975.06,388.03,31286.01
432,1387,person,974.85,386.3,121.32,253.34,974.85,386.3,30735.21
433,1387,person,974.46,385.73,121.5,253.54,974.46,385.73,30805.84
434,1387,person,974.32,385.33,122.01,254.79,974.32,385.33,31085.85
435,1387,person,974.47,384.77,122.37,255.76,974.47,384.77,31298.29
436,1387,person,974.77,383.28,121.99,255.16,974.77,383.28,31127.9
437,1387,person,975.13,380.9,120.94,253.06,975.13,380.9,30604.09
438,1387,person,975.52,380.75,120.74,252.79,975.52,380.75,30520.63
439,1387,person,976.15,381.44,120.61,252.04,976.15,381.44,30399.03
440,1387,person,976.3,383.63,120.78,251.97,976.3,383.63,30431.89
441,1387,person,976.96,385.83,120.83,251.93,976.96,385.83,30441.53
442,1387,person,977.47,388.71,122.06,254.48,977.47,388.71,31062.11
443,1387,person,977.49,393.02,122.3,255.71,977.49,393.02,31272.88
444,1387,person,977.04,396.9,122.85,257.63,977.04,396.9,31648.63
445,1387,person,977.07,399.38,122.22,257.08,977.07,399.38,31420.73
446,1387,person,977.31,400.06,121.65,256.5,977.31,400.06,31201.92
447,1387,person,977.67,402.25,121.65,257.02,977.67,402.25,31265.7
448,1387,person,977.51,403.65,120.19,254.07,977.51,403.65,30538.15
449,1387,person,977.15,403.97,118.18,249.75,977.15,403.97,29516.29
450,1387,person,976.97,403.43,117.63,248.37,976.97,403.43,29216.19
450,1452,person,1022.65,368.62,28.5,104.05,1022.65,368.62,2965.2
451,1387,person,978.54,401.25,118.12,249.46,978.54,401.25,29465.9
452,1387,person,980.28,400.3,119.24,252.2,980.28,400.3,30072.48
453,1387,person,980.77,400.1,119.67,253.53,980.77,400.1,30340.66
454,1387,person,981.51,397.44,118.26,250.45,981.51,397.44,29617.73
455,1387,person,983.19,394.0,118.32,250.46,983.19,394.0,29633.58
456,1387,person,985.77,391.98,119.07,252.12,985.77,391.98,30019.96
457,1387,person,988.89,392.01,119.82,254.01,988.89,392.01,30433.9
458,1387,person,989.93,392.53,120.22,255.02,989.93,392.53,30658.43
459,1387,person,991.32,392.93,120.4,255.95,991.32,392.93,30815.53
460,1387,person,993.27,392.33,119.95,255.07,993.27,392.33,30594.68
461,1387,person,993.96,392.48,119.87,254.52,993.96,392.48,30510.41
462,1387,person,994.01,392.89,119.21,253.02,994.01,392.89,30162.19
463,1387,person,992.84,393.09,118.65,251.77,992.84,393.09,29874.07
464,1387,person,991.26,394.27,118.33,251.54,991.26,394.27,29763.8
465,1387,person,989.94,394.93,117.73,250.31,989.94,394.93,29469.07
466,1387,person,989.98,395.16,118.42,251.88,989.98,395.16,29826.79
467,1387,person,990.32,398.89,121.06,258.39,990.32,398.89,31282.19
468,1387,person,990.24,400.47,120.85,258.27,990.24,400.47,31212.54
469,1387,person,989.96,400.35,120.95,258.12,989.96,400.35,31219.75
470,1387,person,993.56,396.91,119.55,255.56,993.56,396.91,30550.92
471,1387,person,996.32,395.06,118.44,253.64,996.32,395.06,30041.15
472,1387,person,997.24,397.12,119.01,256.13,997.24,397.12,30482.3
473,1387,person,998.94,396.42,119.16,257.85,998.94,396.42,30725.23
474,1387,person,1000.75,393.84,117.53,255.69,1000.75,393.84,30052.5
475,1387,person,1003.43,395.74,114.86,249.72,1003.43,395.74,28683.26
476,1387,person,1006.29,398.94,113.82,246.03,1006.29,398.94,28002.63
477,1387,person,1008.31,401.86,112.01,239.9,1008.31,401.86,26871.73
478,1387,person,1010.92,401.8,111.46,236.85,1010.92,401.8,26398.92
479,1387,person,1012.12,402.09,113.92,240.67,1012.12,402.09,27416.79
480,1387,person,1013.01,405.36,112.93,236.15,1013.01,405.36,26669.19
481,1387,person,1013.83,402.93,116.55,241.67,1013.83,402.93,28168.24
482,1387,person,1014.41,401.51,120.79,248.52,1014.41,401.51,30020.0
483,1387,person,1014.01,403.1,122.77,249.93,1014.01,403.1,30683.91
484,1387,person,1014.11,406.66,126.17,255.35,1014.11,406.66,32217.97
485,1387,person,1011.98,405.64,124.97,250.71,1011.98,405.64,31330.18
486,1387,person,1008.91,403.86,122.52,242.98,1008.91,403.86,29769.44
487,1387,person,1004.88,406.67,119.19,235.2,1004.88,406.67,28033.04
487,1454,person,868.46,271.08,70.88,99.47,868.46,271.08,7050.12
488,1387,person,998.97,409.87,123.19,244.78,998.97,409.87,30154.37
488,1454,person,868.2,274.02,67.41,94.45,868.2,274.02,6366.93
489,1387,person,995.48,409.91,123.54,247.86,995.48,409.91,30619.4
489,1454,person,869.12,274.9,66.0,92.24,869.12,274.9,6088.18
490,1387,person,990.94,402.33,119.6,241.97,990.94,402.33,28938.82
490,1454,person,870.76,275.14,65.06,90.8,870.76,275.14,5907.28
491,1387,person,985.21,399.01,116.97,237.87,985.21,399.01,27823.3
491,1454,person,875.32,272.81,66.46,92.37,875.32,272.81,6138.57
492,1387,person,986.3,395.29,115.03,236.58,986.3,395.29,27214.92
492,1454,person,879.72,269.76,66.57,92.09,879.72,269.76,6130.03
493,1387,person,982.07,391.91,116.79,240.58,982.07,391.91,28098.1
494,1387,person,977.47,388.37,117.75,241.8,977.47,388.37,28472.09
495,1387,person,975.82,386.27,119.27,245.14,975.82,386.27,29238.53
496,1387,person,976.51,385.03,118.75,244.14,976.51,385.03,28991.25
497,1387,person,977.06,384.88,118.49,243.38,977.06,384.88,28837.29
498,1387,person,978.32,385.68,119.47,245.12,978.32,385.68,29285.46
499,1387,person,979.31,387.71,119.68,244.65,979.31,387.71,29280.01
500,1387,person,980.69,387.96,120.35,244.68,980.69,387.96,29446.09
501,1387,person,981.67,388.97,120.84,243.94,981.67,388.97,29476.64
502,1387,person,985.67,390.32,122.52,245.06,985.67,390.32,30023.1
503,1387,person,991.46,390.01,122.22,244.12,991.46,390.01,29836.74
504,1387,person,993.8,389.41,122.7,244.05,993.8,389.41,29945.34
505,1387,person,995.12,388.1,122.68,242.91,995.12,388.1,29799.89
506,1387,person,995.66,388.05,123.05,242.19,995.66,388.05,29801.82
507,1387,person,996.52,386.9,122.82,241.32,996.52,386.9,29638.14
508,1387,person,997.91,385.94,122.94,241.78,997.91,385.94,29725.23
509,1387,person,998.44,385.59,122.67,241.71,998.44,385.59,29649.49
510,1387,person,996.57,385.86,122.58,241.71,996.57,385.86,29629.42
511,1387,person,994.21,386.88,123.02,243.32,994.21,386.88,29933.45
512,1387,person,992.83,386.25,123.58,244.87,992.83,386.25,30261.62
513,1387,person,991.18,385.87,122.76,244.56,991.18,385.87,30023.08
514,1387,person,989.59,386.43,122.08,244.75,989.59,386.43,29879.29
515,1387,person,988.92,386.32,122.09,246.14,988.92,386.32,30052.23
516,1387,person,988.29,384.75,120.76,244.64,988.29,384.75,29543.3
517,1387,person,988.82,383.93,121.04,246.31,988.82,383.93,29814.64
518,1387,person,988.24,384.13,122.96,252.22,988.24,384.13,31011.57
519,1387,person,988.36,382.31,122.23,252.3,988.36,382.31,30837.67
520,1387,person,988.24,380.86,122.73,255.47,988.24,380.86,31354.09
521,1387,person,988.61,379.4,121.6,255.27,988.61,379.4,31041.85
521,1458,person,1122.5,318.31,48.36,198.43,1122.5,318.31,9596.92
522,1387,person,989.19,380.44,122.29,258.3,989.19,380.44,31587.12
523,1387,person,990.0,382.4,121.29,257.36,990.0,382.4,31215.64
524,1387,person,991.23,380.33,116.63,247.44,991.23,380.33,28858.55
525,1387,person,992.64,382.59,116.36,247.79,992.64,382.59,28833.55
526,1387,person,995.34,389.72,121.35,260.75,995.34,389.72,31642.13
527,1387,person,998.14,394.54,123.11,266.37,998.14,394.54,32793.98
528,1387,person,1000.37,398.2,122.24,266.41,1000.37,398.2,32566.43
529,1387,person,1003.37,397.43,120.17,262.46,1003.37,397.43,31538.54
530,1387,person,1008.42,398.55,119.89,264.23,1008.42,398.55,31678.15
531,1387,person,1011.7,400.32,119.42,264.68,1011.7,400.32,31606.85
532,1387,person,1014.33,398.66,116.57,259.43,1014.33,398.66,30240.97
533,1387,person,1016.13,395.84,113.76,253.23,1016.13,395.84,28808.43
534,1387,person,1019.41,393.97,112.49,250.22,1019.41,393.97,28148.37
535,1387,person,1022.86,391.84,112.68,249.76,1022.86,391.84,28144.13
535,1460,person,1062.97,364.49,35.12,123.73,1062.97,364.49,4344.96
536,1387,person,1025.35,390.42,112.26,248.01,1025.35,390.42,27839.93
536,1460,person,1066.04,364.01,35.54,125.23,1066.04,364.01,4450.5
537,1387,person,1027.74,387.36,112.41,246.94,1027.74,387.36,27757.94
537,1460,person,1067.83,363.32,35.69,125.45,1067.83,363.32,4477.79
537,1463,person,1215.14,266.39,129.73,321.41,1215.14,266.39,41695.44
538,1387,person,1028.28,385.08,112.96,246.78,1028.28,385.08,27877.37
538,1460,person,1068.25,362.25,35.96,125.9,1068.25,362.25,4526.73
538,1463,person,1215.6,264.79,128.8,321.1,1215.6,264.79,41356.88
538,1465,person,1064.8,345.86,46.28,166.88,1064.8,345.86,7722.91
539,1387,person,1028.8,383.93,114.2,248.0,1028.8,383.93,28322.29
539,1460,person,1068.47,361.12,36.17,125.93,1068.47,361.12,4555.0
539,1463,person,1216.2,264.39,127.6,321.34,1216.2,264.39,41002.96
539,1465,person,1065.01,344.08,46.45,167.34,1065.01,344.08,7772.73
540,1387,person,1028.76,383.2,114.77,247.72,1028.76,383.2,28430.16
540,1463,person,1216.29,263.67,127.42,319.72,1216.29,263.67,40736.88
540,1465,person,1066.6,345.24,43.16,155.38,1066.6,345.24,6706.53
541,1387,person,1029.13,383.58,116.84,251.13,1029.13,383.58,29341.8
541,1463,person,1216.17,265.19,127.65,320.04,1216.17,265.19,40854.44
541,1465,person,1067.2,341.89,42.44,152.63,1067.2,341.89,6478.25
541,1460,person,1069.59,356.99,34.53,119.25,1069.59,356.99,4116.99
542,1387,person,1029.69,382.94,117.54,251.28,1029.69,382.94,29535.35
542,1463,person,1216.39,265.59,127.22,320.02,1216.39,265.59,40711.88
542,1468,person,1129.59,304.55,87.34,225.84,1129.59,304.55,19725.47
543,1387,person,1030.4,382.11,117.71,250.58,1030.4,382.11,29496.3
543,1463,person,1216.63,265.68,126.74,319.17,1216.63,265.68,40452.82
543,1468,person,1130.79,304.1,90.25,233.5,1130.79,304.1,21072.66
544,1387,person,1031.18,381.23,118.19,250.71,1031.18,381.23,29630.68
544,1463,person,1217.91,265.67,124.18,311.39,1217.91,265.67,38667.71
545,1387,person,1032.72,380.72,118.33,250.07,1032.72,380.72,29590.36
545,1463,person,1218.4,265.14,123.21,310.59,1218.4,265.14,38268.25
546,1387,person,1033.96,380.64,118.77,249.67,1033.96,380.64,29654.08
546,1463,person,1218.22,265.48,123.57,312.57,1218.22,265.48,38622.38
547,1387,person,1035.46,380.76,120.08,250.64,1035.46,380.76,30096.59
547,1463,person,1217.83,266.1,124.33,313.59,1217.83,266.1,38989.37
548,1387,person,1038.04,379.85,121.61,250.28,1038.04,379.85,30434.97
549,1387,person,1038.62,378.68,124.19,251.93,1038.62,378.68,31286.75
550,1387,person,1037.27,375.74,124.15,248.79,1037.27,375.74,30886.38
551,1387,person,1035.37,375.74,125.91,249.93,1035.37,375.74,31469.81
552,1387,person,1031.39,376.72,127.19,251.82,1031.39,376.72,32028.32
553,1387,person,1029.48,377.5,127.81,252.17,1029.48,377.5,32230.5
554,1387,person,1029.34,378.4,128.15,252.41,1029.34,378.4,32345.69
555,1387,person,1028.98,378.84,128.16,251.94,1028.98,378.84,32288.21
555,1463,person,1218.1,265.45,123.79,312.14,1218.1,265.45,38640.34
556,1387,person,1028.38,382.88,127.79,250.86,1028.38,382.88,32056.32
557,1387,person,1029.84,386.13,126.86,248.99,1029.84,386.13,31586.27
557,1469,carton,942.78,555.19,134.91,105.0,942.78,555.19,14165.73
558,1387,person,1033.99,386.9,126.54,249.63,1033.99,386.9,31587.58
558,1469,carton,942.75,555.86,134.9,104.97,942.75,555.86,14160.29
558,1463,person,1219.84,261.91,120.33,317.93,1219.84,261.91,38255.62
559,1387,person,1037.09,386.7,125.85,249.66,1037.09,386.7,31419.08
559,1469,carton,943.69,556.42,136.21,106.0,943.69,556.42,14438.48
560,1387,person,1038.14,387.23,122.98,245.23,1038.14,387.23,30157.95
560,1469,carton,944.07,556.47,136.41,106.17,944.07,556.47,14482.2
561,1387,person,1038.21,388.37,121.97,245.47,1038.21,388.37,29941.55
561,1469,carton,943.86,557.31,136.71,106.41,943.86,557.31,14547.77
561,1471,person,1069.58,365.57,46.55,140.59,1069.58,365.57,6543.97
561,1463,person,1219.73,270.45,120.53,320.39,1219.73,270.45,38617.02
562,1387,person,1038.2,387.76,120.56,244.72,1038.2,387.76,29503.92
562,1471,person,1069.76,362.51,47.79,144.71,1069.76,362.51,6916.19
562,1463,person,1218.93,268.0,122.14,327.34,1218.93,268.0,39982.45
563,1387,person,1036.97,387.06,119.23,244.02,1036.97,387.06,29095.69
563,1463,person,1219.32,266.92,121.36,326.22,1219.32,266.92,39589.42
564,1387,person,1036.46,385.77,118.17,243.68,1036.46,385.77,28794.57
565,1387,person,1037.63,380.58,116.42,240.95,1037.63,380.58,28050.98
566,1387,person,1039.44,376.69,115.77,240.35,1039.44,376.69,27824.42
567,1387,person,1040.36,374.95,116.09,241.7,1040.36,374.95,28060.1
568,1387,person,1040.79,375.78,116.22,242.42,1040.79,375.78,28173.37
569,1387,person,1040.76,379.57,116.93,244.7,1040.76,379.57,28611.22
569,1463,person,1223.09,259.07,113.81,298.33,1223.09,259.07,33953.25
570,1387,person,1042.24,386.65,115.42,241.56,1042.24,386.65,27880.95
570,1463,person,1221.77,263.63,116.46,314.4,1221.77,263.63,36614.45
571,1387,person,1044.42,387.5,116.92,244.91,1044.42,387.5,28634.35
571,1463,person,1222.04,270.8,115.92,315.8,1222.04,270.8,36607.57
572,1387,person,1042.59,389.4,120.89,251.72,1042.59,389.4,30429.34
572,1463,person,1221.41,275.61,117.18,318.29,1221.41,275.61,37297.35
573,1387,person,1042.1,395.79,127.1,264.28,1042.1,395.79,33589.41
574,1387,person,1038.91,401.53,133.0,273.87,1038.91,401.53,36425.74
575,1387,person,1040.55,410.1,142.15,291.58,1040.55,410.1,41446.95
576,1387,person,1048.17,410.82,141.73,292.32,1048.17,410.82,41430.03
576,1463,person,1223.23,273.13,113.53,326.91,1223.23,273.13,37114.78
577,1387,person,1055.5,407.54,137.95,286.34,1055.5,407.54,39499.85
578,1387,person,1059.48,406.67,138.16,288.74,1059.48,406.67,39892.52
579,1387,person,1065.76,397.9,131.48,275.3,1065.76,397.9,36196.34
580,1387,person,1069.3,391.19,127.65,267.89,1069.3,391.19,34195.78
581,1387,person,1071.21,390.29,125.8,265.06,1071.21,390.29,33344.56
582,1387,person,1071.86,387.75,124.75,264.47,1071.86,387.75,32992.42
583,1387,person,1071.3,387.34,124.66,265.91,1071.3,387.34,33149.44
584,1387,person,1068.38,387.81,121.81,260.16,1068.38,387.81,31690.81
585,1387,person,1065.51,389.93,120.84,258.13,1065.51,389.93,31192.63
585,1463,person,1230.08,281.64,99.83,315.51,1230.08,281.64,31498.67
586,1387,person,1060.83,393.48,122.11,261.27,1060.83,393.48,31902.83
587,1387,person,1058.34,396.3,123.16,264.41,1058.34,396.3,32565.07
588,1387,person,1058.01,396.45,123.18,265.27,1058.01,396.45,32675.71
589,1387,person,1058.04,396.5,122.31,263.87,1058.04,396.5,32272.94
590,1387,person,1058.64,397.17,122.08,262.9,1058.64,397.17,32094.92
591,1387,person,1059.79,397.87,122.17,261.35,1059.79,397.87,31929.51
592,1387,person,1061.86,396.03,121.55,258.62,1061.86,396.03,31436.46
593,1387,person,1063.66,392.74,121.08,257.14,1063.66,392.74,31133.07
594,1387,person,1064.23,389.83,120.63,256.09,1064.23,389.83,30892.64
595,1387,person,1066.45,388.29,121.39,258.27,1066.45,388.29,31351.07
596,1387,person,1067.9,384.36,122.84,260.78,1067.9,384.36,32034.2
597,1387,person,1065.76,381.13,124.31,263.83,1065.76,381.13,32795.86
598,1387,person,1063.87,383.69,126.48,269.4,1063.87,383.69,34073.89
599,1387,person,1060.44,382.54,127.24,273.31,1060.44,382.54,34777.63
600,1387,person,1056.4,381.76,126.33,274.07,1056.4,381.76,34622.82
601,1387,person,1052.26,379.68,123.33,269.11,1052.26,379.68,33188.22
602,1387,person,1049.69,381.13,122.18,268.15,1049.69,381.13,32761.78
603,1387,person,1051.9,384.97,125.81,276.26,1051.9,384.97,34756.99
604,1387,person,1047.82,397.14,126.84,282.21,1047.82,397.14,35795.72
605,1387,person,1043.9,400.71,121.37,272.43,1043.9,400.71,33066.48
606,1387,person,1040.78,400.72,121.28,274.82,1040.78,400.72,33329.47
607,1387,person,1038.65,398.4,121.72,279.38,1038.65,398.4,34005.82
608,1387,person,1038.54,394.76,118.77,274.21,1038.54,394.76,32567.73
609,1387,person,1040.62,393.84,119.46,276.45,1040.62,393.84,33025.73
610,1387,person,1041.98,393.34,118.91,275.81,1041.98,393.34,32795.68
611,1387,person,1045.4,390.25,117.03,270.83,1045.4,390.25,31696.44
612,1387,person,1048.66,385.28,114.54,262.88,1048.66,385.28,30111.52
613,1387,person,1051.83,380.82,114.96,262.4,1051.83,380.82,30166.71
614,1387,person,1052.73,377.36,115.2,261.89,1052.73,377.36,30169.56
615,1387,person,1057.02,373.34,114.99,261.43,1057.02,373.34,30061.54
616,1387,person,1058.42,373.06,116.08,262.43,1058.42,373.06,30462.42
617,1387,person,1060.17,374.27,117.99,264.89,1060.17,374.27,31252.98
618,1387,person,1062.45,372.7,120.59,269.99,1062.45,372.7,32558.76
619,1387,person,1063.3,370.0,122.35,274.61,1063.3,370.0,33598.17
620,1387,person,1063.76,370.37,122.9,275.97,1063.76,370.37,33916.65
621,1387,person,1063.81,371.07,123.35,276.83,1063.81,371.07,34148.08
622,1387,person,1061.21,377.6,122.47,275.24,1061.21,377.6,33709.52
623,1387,person,1056.24,384.55,121.11,270.24,1056.24,384.55,32727.67
624,1387,person,1052.87,389.4,118.25,262.54,1052.87,389.4,31044.6
625,1387,person,1050.98,390.68,118.0,260.78,1050.98,390.68,30770.9
626,1387,person,1048.97,392.49,118.71,261.18,1048.97,392.49,31005.24
627,1387,person,1045.69,395.93,118.07,258.37,1045.69,395.93,30506.41
628,1387,person,1042.06,404.4,114.98,249.18,1042.06,404.4,28649.96
629,1387,person,1038.16,412.29,112.55,242.42,1038.16,412.29,27283.48
630,1387,person,1032.8,419.23,111.81,240.68,1032.8,419.23,26910.33
631,1387,person,1028.93,415.79,113.82,244.92,1028.93,415.79,27878.12
632,1387,person,1025.11,412.23,117.09,251.16,1025.11,412.23,29408.34
633,1387,person,1022.35,405.76,114.54,244.43,1022.35,405.76,27995.25
634,1387,person,1018.17,401.02,114.54,241.77,1018.17,401.02,27691.36
634,1477,person,1138.94,319.39,73.18,212.7,1138.94,319.39,15565.95
635,1387,person,1012.16,398.56,115.21,239.58,1012.16,398.56,27600.62
635,1477,person,1138.4,320.09,72.94,212.41,1138.4,320.09,15493.63
636,1387,person,1005.12,396.9,116.46,238.18,1005.12,396.9,27739.33
636,1477,person,1138.55,322.44,72.4,210.97,1138.55,322.44,15274.02
637,1387,person,998.17,396.23,117.71,237.88,998.17,396.23,28000.04
638,1387,person,992.15,395.61,120.28,240.82,992.15,395.61,28966.97
639,1387,person,985.91,394.3,122.52,245.54,985.91,394.3,30084.61
640,1387,person,980.25,392.63,122.26,246.22,980.25,392.63,30102.7
641,1387,person,975.8,392.02,121.66,246.45,975.8,392.02,29982.23
642,1387,person,971.49,391.82,121.34,247.91,971.49,391.82,30081.71
643,1387,person,968.43,391.59,120.33,247.74,968.43,391.59,29811.86
644,1387,person,965.81,391.43,119.76,248.16,965.81,391.43,29719.27
645,1387,person,964.06,390.16,118.8,247.28,964.06,390.16,29376.1
646,1387,person,963.15,388.95,117.65,245.67,963.15,388.95,28903.31
647,1387,person,961.87,388.22,116.82,244.19,961.87,388.22,28526.77
648,1387,person,960.8,389.03,116.55,243.72,960.8,389.03,28405.25
649,1387,person,961.11,388.89,116.74,244.18,961.11,388.89,28504.44
650,1387,person,961.25,387.9,117.1,244.95,961.25,387.9,28683.85
651,1387,person,960.35,385.56,116.84,242.95,960.35,385.56,28386.72
652,1387,person,957.25,382.27,117.34,240.72,957.25,382.27,28246.79
653,1387,person,954.88,379.31,118.28,238.74,954.88,379.31,28237.1
654,1387,person,952.05,378.95,120.37,239.16,952.05,378.95,28787.51
654,1479,person,1145.12,297.58,60.32,201.12,1145.12,297.58,12131.77
655,1387,person,946.1,380.31,124.47,243.47,946.1,380.31,30305.32
655,1479,person,1145.15,300.26,61.73,206.08,1145.15,300.26,12720.81
656,1387,person,941.72,382.91,128.04,247.25,941.72,382.91,31657.37
656,1479,person,1144.0,301.95,62.04,207.16,1144.0,301.95,12851.4
657,1387,person,936.36,384.9,129.31,247.5,936.36,384.9,32004.12
658,1387,person,930.14,385.76,130.89,248.51,930.14,385.76,32527.24
658,1479,person,1145.02,297.0,60.96,203.97,1145.02,297.0,12434.5
659,1387,person,928.04,386.04,131.84,248.56,928.04,386.04,32769.08
659,1479,person,1144.81,296.44,60.56,203.16,1144.81,296.44,12304.42
660,1387,person,917.54,385.13,130.66,246.27,917.54,385.13,32179.02
661,1387,person,904.24,384.53,129.5,242.8,904.24,384.53,31441.41
662,1387,person,893.18,384.95,130.34,242.64,893.18,384.95,31624.64
663,1387,person,881.08,384.83,131.23,241.79,881.08,384.83,31729.17
664,1387,person,866.59,384.09,128.56,234.71,866.59,384.09,30173.31
665,1387,person,860.21,385.86,129.2,234.72,860.21,385.86,30325.38
665,1479,person,1142.5,291.15,60.95,205.89,1142.5,291.15,12548.17
666,1387,person,855.67,387.06,129.04,235.01,855.67,387.06,30326.38
666,1479,person,1140.74,289.03,59.48,201.01,1140.74,289.03,11955.03
667,1387,person,854.79,387.84,128.73,238.58,854.79,387.84,30713.33
667,1479,person,1139.91,293.45,61.45,208.15,1139.91,293.45,12791.33
668,1387,person,850.56,389.09,129.4,242.44,850.56,389.09,31371.27
668,1479,person,1134.75,303.12,65.82,218.82,1134.75,303.12,14403.25
669,1387,person,845.47,390.15,128.82,242.19,845.47,390.15,31197.31
669,1479,person,1132.97,306.52,68.02,222.6,1132.97,306.52,15140.47
670,1387,person,835.14,388.73,131.02,243.5,835.14,388.73,31903.9
670,1479,person,1136.38,300.42,65.86,217.69,1136.38,300.42,14336.8
671,1387,person,829.76,387.06,132.06,242.64,829.76,387.06,32042.06
671,1479,person,1138.75,294.89,63.28,212.59,1138.75,294.89,13453.51
672,1387,person,825.75,387.27,132.29,240.4,825.75,387.27,31802.21
673,1387,person,822.22,388.99,131.3,237.99,822.22,388.99,31247.69
674,1387,person,815.89,387.87,132.27,241.19,815.89,387.87,31900.72
675,1387,person,810.35,385.35,134.11,245.16,810.35,385.35,32878.09
676,1387,person,808.55,384.33,134.57,246.56,808.55,384.33,33180.01
677,1387,person,795.08,380.04,138.83,248.35,795.08,380.04,34478.21
678,1387,person,783.8,378.71,143.19,249.43,783.8,378.71,35715.88
679,1387,person,776.88,381.47,149.46,254.41,776.88,381.47,38024.7
680,1387,person,767.29,383.11,155.81,258.2,767.29,383.11,40229.88
681,1387,person,755.22,383.92,160.05,260.3,755.22,383.92,41660.79
682,1387,person,750.89,384.18,163.13,260.9,750.89,384.18,42559.86
683,1387,person,749.32,384.18,165.69,260.8,749.32,384.18,43211.16
684,1387,person,722.48,380.43,162.67,258.49,722.48,380.43,42049.92
685,1387,person,711.34,376.79,159.79,256.11,711.34,376.79,40924.9
686,1387,person,705.98,373.89,158.18,255.22,705.98,373.89,40369.0
687,1387,person,699.25,370.68,157.13,255.15,699.25,370.68,40090.95
688,1387,person,691.93,366.49,157.55,257.54,691.93,366.49,40576.16
689,1387,person,686.82,363.46,157.84,257.41,686.82,363.46,40628.38
690,1387,person,682.51,362.04,159.33,258.37,682.51,362.04,41164.75
691,1387,person,681.41,360.15,160.37,257.92,681.41,360.15,41362.11
692,1387,person,682.45,359.33,161.52,258.36,682.45,359.33,41728.87
693,1387,person,684.48,359.18,163.02,259.86,684.48,359.18,42360.93
694,1387,person,689.07,358.93,162.62,259.79,689.07,358.93,42246.11
695,1387,person,690.96,358.82,162.22,259.67,690.96,358.82,42124.14
696,1387,person,693.53,357.68,161.03,260.4,693.53,357.68,41932.52
697,1387,person,693.78,355.89,158.41,259.22,693.78,355.89,41064.46
697,1484,person,1018.74,214.37,45.25,84.7,1018.74,214.37,3832.59
698,1387,person,695.14,356.66,158.05,261.38,695.14,356.66,41311.18
698,1484,person,1017.79,214.4,45.61,85.27,1017.79,214.4,3888.96
699,1387,person,696.96,356.79,157.04,262.27,696.96,356.79,41186.0
699,1484,person,1015.07,214.48,45.92,85.53,1015.07,214.48,3927.38
700,1387,person,697.47,354.78,154.31,259.54,697.47,354.78,40050.55
700,1484,person,1012.16,214.11,45.75,84.83,1012.16,214.11,3880.57
701,1387,person,697.3,350.57,151.26,255.46,697.3,350.57,38639.68
701,1484,person,1009.48,213.69,45.76,84.11,1009.48,213.69,3848.49
702,1387,person,698.44,346.39,148.22,251.04,698.44,346.39,37209.88
702,1484,person,1008.96,212.39,46.12,84.17,1008.96,212.39,3881.86
703,1387,person,699.74,342.84,145.51,247.27,699.74,342.84,35978.64
703,1484,person,1006.71,211.5,47.1,84.95,1006.71,211.5,4000.63
704,1387,person,699.95,341.24,144.29,246.1,699.95,341.24,35509.19
704,1484,person,1006.4,209.16,48.57,86.24,1006.4,209.16,4189.02
704,1487,person,1212.09,246.12,135.82,326.87,1212.09,246.12,44393.89
705,1387,person,699.35,340.32,143.0,244.83,699.35,340.32,35009.71
705,1484,person,1005.72,208.4,49.59,86.64,1005.72,208.4,4296.71
706,1387,person,690.98,339.17,139.11,242.98,690.98,339.17,33800.74
707,1387,person,683.59,339.24,136.23,243.63,683.59,339.24,33189.51
707,1484,person,1004.92,209.66,50.19,84.38,1004.92,209.66,4234.83
708,1387,person,678.02,339.51,134.16,245.68,678.02,339.51,32960.41
709,1387,person,675.18,339.49,131.24,244.85,675.18,339.49,32133.29
710,1387,person,675.23,339.74,129.12,244.44,675.23,339.74,31561.01
711,1387,person,676.69,339.54,126.9,242.23,676.69,339.54,30739.33
712,1387,person,677.77,340.61,125.03,240.25,677.77,340.61,30038.96
713,1387,person,679.03,341.17,123.57,238.13,679.03,341.17,29425.31
714,1387,person,681.26,341.29,122.92,236.28,681.26,341.29,29044.03
715,1387,person,683.34,341.57,122.48,234.1,683.34,341.57,28671.27
716,1387,person,688.33,342.17,122.44,231.34,688.33,342.17,28325.02
717,1387,person,691.01,342.99,122.73,229.31,691.01,342.99,28142.36
718,1387,person,693.02,344.71,123.8,228.49,693.02,344.71,28285.96
719,1387,person,696.67,346.08,124.35,226.7,696.67,346.08,28190.28
720,1387,person,700.59,346.72,125.84,226.01,700.59,346.72,28441.86
721,1387,person,703.86,347.55,127.18,224.82,703.86,347.55,28591.46
722,1387,person,704.78,348.59,129.18,225.46,704.78,348.59,29125.56
723,1387,person,704.83,348.84,130.62,225.47,704.83,348.84,29450.62
724,1387,person,703.48,349.23,131.85,226.19,703.48,349.23,29823.0
725,1387,person,701.64,349.07,133.65,228.7,701.64,349.07,30566.0
726,1387,person,698.18,351.0,134.49,230.97,698.18,351.0,31063.6
727,1387,person,693.73,350.08,135.19,234.5,693.73,350.08,31702.27
728,1387,person,688.28,348.22,134.39,237.55,688.28,348.22,31924.38
729,1387,person,685.02,347.74,133.31,240.45,685.02,347.74,32054.93
730,1387,person,681.89,347.57,131.26,241.84,681.89,347.57,31742.72
731,1387,person,679.41,350.4,130.68,246.91,679.41,350.4,32266.97
732,1387,person,679.02,351.82,129.36,250.66,679.02,351.82,32426.84
733,1387,person,679.2,351.33,126.38,250.62,679.2,351.33,31672.79
734,1387,person,678.78,353.11,124.0,251.69,678.78,353.11,31208.2
735,1387,person,678.48,355.01,121.33,251.82,678.48,355.01,30553.71
736,1387,person,678.02,355.8,118.16,250.17,678.02,355.8,29559.66
737,1387,person,676.32,356.36,114.84,249.0,676.32,356.36,28594.16
738,1387,person,673.75,355.69,110.36,246.61,673.75,355.69,27216.99
739,1387,person,672.81,356.12,106.81,245.53,672.81,356.12,26223.6
740,1387,person,672.94,358.16,104.24,246.11,672.94,358.16,25655.82
741,1387,person,674.01,358.89,101.64,245.33,674.01,358.89,24935.43
742,1387,person,673.68,359.65,99.75,246.39,673.68,359.65,24575.97
743,1387,person,673.11,361.33,98.44,248.27,673.11,361.33,24439.92
744,1387,person,675.78,362.7,97.82,248.92,675.78,362.7,24349.56
745,1387,person,677.67,364.1,96.64,247.42,677.67,364.1,23910.74
746,1387,person,680.0,365.03,96.09,246.24,680.0,365.03,23660.2
747,1387,person,679.82,363.1,95.21,245.37,679.82,363.1,23362.34
748,1387,person,680.43,357.37,90.91,234.1,680.43,357.37,21280.91
748,1500,person,479.69,194.01,24.48,75.18,479.69,194.01,1840.36
749,1387,person,682.83,362.06,92.55,238.19,682.83,362.06,22043.59
749,1500,person,479.06,195.14,24.54,75.36,479.06,195.14,1848.99
750,1387,person,691.28,363.98,95.14,240.68,691.28,363.98,22897.2
751,1387,person,702.19,365.63,100.39,245.5,702.19,365.63,24646.56
752,1387,person,706.35,366.35,104.28,247.51,706.35,366.35,25809.62
753,1387,person,703.33,366.48,105.88,247.04,703.33,366.48,26155.2
754,1387,person,709.53,365.75,110.39,247.44,709.53,365.75,27315.3
755,1387,person,711.76,363.43,114.5,247.59,711.76,363.43,28350.0
756,1387,person,712.11,360.9,118.85,249.23,712.11,360.9,29622.42
757,1387,person,712.04,359.54,122.59,250.07,712.04,359.54,30655.59
758,1387,person,716.24,357.52,124.28,248.82,716.24,357.52,30924.23
759,1387,person,721.98,356.65,127.64,250.27,721.98,356.65,31943.11
760,1387,person,731.76,353.04,129.75,249.85,731.76,353.04,32417.09
761,1387,person,741.8,353.05,130.74,253.42,741.8,353.05,33132.52
762,1387,person,750.1,354.59,130.49,259.23,750.1,354.59,33828.04
763,1387,person,755.33,357.85,128.48,262.21,755.33,357.85,33689.23
764,1387,person,761.8,357.51,123.66,259.57,761.8,357.51,32098.99
765,1387,person,769.03,356.32,119.19,253.35,769.03,356.32,30195.37
766,1387,person,776.49,355.39,119.08,253.43,776.49,355.39,30179.26
767,1387,person,788.02,358.82,115.05,238.86,788.02,358.82,27479.54
768,1387,person,791.39,360.16,115.81,232.41,791.39,360.16,26914.21
769,1387,person,793.18,358.55,117.74,230.12,793.18,358.55,27094.74
770,1387,person,798.91,352.14,120.84,235.95,798.91,352.14,28511.3
771,1387,person,800.68,346.79,123.91,243.34,800.68,346.79,30151.24
772,1387,person,803.3,347.13,124.23,243.38,803.3,347.13,30234.6
773,1387,person,809.29,349.4,123.7,238.99,809.29,349.4,29563.3
774,1387,person,816.87,350.11,125.08,235.89,816.87,350.11,29504.15
775,1387,person,828.62,346.82,130.39,241.28,828.62,346.82,31461.06
776,1387,person,835.52,346.48,132.65,241.89,835.52,346.48,32086.44
777,1387,person,836.05,348.75,132.02,239.19,836.05,348.75,31578.05
778,1387,person,838.49,346.03,133.43,242.03,838.49,346.03,32294.58
779,1387,person,842.78,344.92,134.38,242.66,842.78,344.92,32609.33
780,1387,person,846.3,345.37,133.48,238.8,846.3,345.37,31874.5
781,1387,person,848.22,346.46,134.37,238.1,848.22,346.46,31992.88
782,1387,person,850.01,345.53,138.24,243.19,850.01,345.53,33618.84
783,1387,person,852.55,348.97,138.01,239.72,852.55,348.97,33083.32
784,1387,person,853.63,350.3,139.24,239.69,853.63,350.3,33375.48
785,1387,person,852.64,351.66,140.59,241.61,852.64,351.66,33967.82
786,1387,person,851.43,352.52,140.46,241.76,851.43,352.52,33958.12
787,1387,person,850.58,355.49,136.62,234.7,850.58,355.49,32064.32
788,1387,person,849.95,352.95,138.08,237.12,849.95,352.95,32742.07
789,1387,person,849.56,354.37,136.71,233.87,849.56,354.37,31971.32
790,1387,person,849.65,353.87,137.63,234.84,849.65,353.87,32321.03
791,1387,person,849.62,352.09,139.55,237.77,849.62,352.09,33181.76
792,1387,person,851.2,350.41,141.35,240.24,851.2,350.41,33958.6
792,1507,person,1125.75,270.8,56.71,187.17,1125.75,270.8,10614.83
793,1387,person,852.48,348.67,142.73,241.93,852.48,348.67,34530.77
793,1507,person,1126.75,270.91,57.88,191.12,1126.75,270.91,11061.6
794,1387,person,852.7,345.47,145.64,247.01,852.7,345.47,35974.13
794,1507,person,1127.81,270.22,59.06,195.25,1127.81,270.22,11531.71
795,1387,person,852.78,343.89,146.32,248.26,852.78,343.89,36325.69
795,1507,person,1127.23,270.6,59.75,197.74,1127.23,270.6,11815.44
796,1387,person,853.16,344.18,144.67,245.05,853.16,344.18,35451.2
796,1507,person,1128.51,268.51,60.61,201.51,1128.51,268.51,12214.17
797,1387,person,852.75,342.22,146.06,247.59,852.75,342.22,36163.39
797,1507,person,1129.77,265.7,60.98,203.57,1129.77,265.7,12413.18
798,1387,person,852.13,340.11,147.96,251.17,852.13,340.11,37163.94
799,1387,person,851.55,339.44,148.17,251.88,851.55,339.44,37321.86
800,1387,person,849.96,339.89,146.64,249.42,849.96,339.89,36574.12
801,1387,person,847.91,345.15,141.11,238.81,847.91,345.15,33697.12
802,1387,person,845.38,344.9,141.72,239.81,845.38,344.9,33986.43
803,1387,person,843.4,348.35,137.72,232.3,843.4,348.35,31991.46
804,1387,person,841.81,347.7,137.91,232.19,841.81,347.7,32020.89
805,1387,person,840.46,343.29,142.53,240.25,840.46,343.29,34243.07
806,1387,person,839.17,337.56,147.24,249.01,839.17,337.56,36664.04
807,1387,person,837.74,333.88,148.19,251.43,837.74,333.88,37257.86
808,1387,person,836.8,331.25,147.9,251.83,836.8,331.25,37247.2
809,1387,person,835.33,330.91,147.65,252.24,835.33,330.91,37243.02
810,1387,person,834.7,330.94,147.18,252.26,834.7,330.94,37127.79
811,1387,person,834.35,330.19,146.53,251.73,834.35,330.19,36886.65
812,1387,person,834.44,329.38,146.39,251.85,834.44,329.38,36867.3
813,1387,person,833.56,329.89,146.03,251.58,833.56,329.89,36739.32
814,1387,person,832.09,330.62,145.62,251.28,832.09,330.62,36590.54
815,1387,person,831.55,330.96,145.34,251.09,831.55,330.96,36492.17
816,1387,person,831.25,330.47,145.15,251.12,831.25,330.47,36450.04
817,1387,person,830.69,330.01,144.78,251.04,830.69,330.01,36346.93
818,1387,person,830.62,329.75,144.59,251.27,830.62,329.75,36332.53
819,1387,person,831.34,328.26,145.48,253.39,831.34,328.26,36863.08
820,1387,person,831.76,326.92,146.05,254.96,831.76,326.92,37236.12
821,1387,person,832.83,324.93,147.31,257.84,832.83,324.93,37983.06
822,1387,person,831.89,326.05,146.72,257.35,831.89,326.05,37759.51
823,1387,person,830.17,326.67,146.68,258.18,830.17,326.67,37869.46
824,1387,person,828.77,327.45,145.97,258.03,828.77,327.45,37664.07
825,1387,person,828.04,327.73,145.9,259.02,828.04,327.73,37791.55
826,1387,person,827.68,327.19,146.11,260.61,827.68,327.19,38079.23
827,1387,person,828.39,326.78,146.15,261.57,828.39,326.78,38229.74
828,1387,person,829.92,327.01,144.44,258.97,829.92,327.01,37405.66
829,1387,person,833.57,325.38,142.98,256.66,833.57,325.38,36697.32
830,1387,person,835.48,326.01,139.95,250.72,835.48,326.01,35087.23
831,1387,person,838.35,323.52,140.29,251.08,838.35,323.52,35224.17
832,1387,person,840.25,321.28,140.65,251.81,840.25,321.28,35415.88
833,1387,person,840.81,318.47,141.2,253.56,840.81,318.47,35803.46
834,1387,person,840.89,316.72,140.63,253.54,840.89,316.72,35654.58
835,1387,person,841.8,314.99,140.43,253.89,841.8,314.99,35653.32
835,1523,person,480.96,146.87,29.51,76.38,480.96,146.87,2253.76
836,1387,person,842.05,313.89,140.16,253.81,842.05,313.89,35573.51
836,1523,person,481.15,146.5,29.63,76.74,481.15,146.5,2273.56
837,1387,person,841.8,315.42,139.57,253.15,841.8,315.42,35332.11
837,1523,person,480.7,147.01,29.43,76.29,480.7,147.01,2245.13
838,1387,person,841.22,318.03,138.77,251.62,841.22,318.03,34918.13
839,1387,person,840.93,320.37,138.23,250.42,840.93,320.37,34614.61
840,1387,person,841.46,322.69,138.32,250.81,841.46,322.69,34692.07
841,1387,person,842.11,324.84,138.01,251.08,842.11,324.84,34649.74
842,1387,person,844.15,328.56,138.42,253.88,844.15,328.56,35140.9
843,1387,person,845.98,332.69,138.12,255.53,845.98,332.69,35294.38
844,1387,person,848.47,336.07,137.58,256.89,848.47,336.07,35343.41
845,1387,person,851.4,337.43,135.87,255.92,851.4,337.43,34771.75
845,1523,person,478.93,162.56,29.31,76.34,478.93,162.56,2237.8
846,1387,person,852.32,337.87,133.68,253.52,852.32,337.87,33889.62
847,1387,person,851.66,337.52,132.02,252.41,851.66,337.52,33324.46
848,1387,person,849.95,338.4,132.72,256.5,849.95,338.4,34043.26
849,1387,person,848.88,338.09,131.69,257.92,848.88,338.09,33965.27
850,1387,person,845.55,337.63,129.67,258.18,845.55,337.63,33479.46
850,1528,person,481.86,155.57,28.04,80.35,481.86,155.57,2252.75
851,1387,person,842.59,337.19,127.97,259.29,842.59,337.19,33181.36
851,1528,person,482.61,154.59,27.49,78.85,482.61,154.59,2167.66
852,1387,person,840.08,336.03,126.85,261.4,840.08,336.03,33157.66
852,1528,person,482.42,153.78,26.92,77.25,482.42,153.78,2079.3
853,1387,person,839.46,331.77,127.26,266.66,839.46,331.77,33933.81
853,1528,person,481.91,152.91,27.09,77.98,481.91,152.91,2112.76
854,1387,person,843.79,327.9,129.13,272.54,843.79,327.9,35192.18
854,1528,person,481.76,152.52,26.93,77.4,481.76,152.52,2084.48
855,1387,person,846.76,325.97,130.3,276.52,846.76,325.97,36029.38
855,1528,person,481.55,152.04,27.19,77.96,481.55,152.04,2119.91
856,1387,person,848.58,323.11,130.88,279.84,848.58,323.11,36624.66
857,1387,person,850.02,321.79,131.08,282.66,850.02,321.79,37050.93
858,1387,person,848.32,319.13,131.34,287.94,848.32,319.13,37817.76
859,1387,person,848.3,322.45,128.55,285.27,848.3,322.45,36671.74
860,1387,person,853.16,326.36,125.73,279.54,853.16,326.36,35146.79
860,1528,person,481.66,154.06,27.48,78.59,481.66,154.06,2159.54
861,1387,person,860.09,332.23,122.73,269.44,860.09,332.23,33070.14
861,1528,person,481.51,154.34,27.41,78.37,481.51,154.34,2148.18
862,1387,person,863.58,333.56,123.42,267.37,863.58,333.56,33000.7
862,1528,person,481.43,153.97,27.28,77.69,481.43,153.97,2119.66
863,1387,person,868.0,338.49,121.99,257.86,868.0,338.49,31455.69
864,1387,person,871.31,336.0,126.58,262.38,871.31,336.0,33210.59
865,1387,person,874.17,335.8,128.35,261.03,874.17,335.8,33502.73
866,1387,person,880.29,334.78,129.59,259.62,880.29,334.78,33643.13
867,1387,person,887.98,332.98,130.42,258.01,887.98,332.98,33649.12
867,1528,person,479.47,154.91,27.98,78.08,479.47,154.91,2184.8
868,1387,person,893.9,332.55,131.98,257.6,893.9,332.55,33998.37
868,1528,person,480.27,155.04,28.06,78.38,480.27,155.04,2199.44
869,1387,person,897.98,331.89,134.11,258.09,897.98,331.89,34613.05
869,1528,person,480.74,154.6,28.45,80.53,480.74,154.6,2291.36
870,1387,person,898.86,331.6,135.45,257.81,898.86,331.6,34919.83
870,1528,person,481.22,154.66,28.24,80.52,481.22,154.66,2274.03
871,1387,person,899.81,331.79,136.29,257.29,899.81,331.79,35066.26
872,1387,person,900.09,328.01,137.33,257.3,900.09,328.01,35335.7
873,1387,person,899.74,326.24,138.08,256.52,899.74,326.24,35419.52
874,1387,person,899.09,324.96,139.93,257.42,899.09,324.96,36020.59
875,1387,person,898.15,324.36,140.96,257.55,898.15,324.36,36303.0
875,1528,person,481.05,150.19,28.05,79.37,481.05,150.19,2226.57
876,1387,person,899.83,324.27,141.53,256.7,899.83,324.27,36331.24
877,1387,person,903.07,322.97,140.68,254.59,903.07,322.97,35815.03
878,1387,person,905.47,322.58,138.53,251.01,905.47,322.58,34771.98
879,1387,person,908.79,323.27,134.24,243.64,908.79,323.27,32704.87
880,1387,person,910.38,325.07,131.53,240.26,910.38,325.07,31600.52
881,1387,person,913.26,325.56,132.07,242.94,913.26,325.56,32085.34
882,1387,person,913.43,325.63,131.2,242.98,913.43,325.63,31880.17
883,1387,person,913.14,325.48,130.36,243.07,913.14,325.48,31685.42
884,1387,person,912.87,325.13,129.99,244.17,912.87,325.13,31738.98
885,1387,person,912.55,325.47,129.02,244.26,912.55,325.47,31514.85
886,1387,person,910.37,327.19,127.91,243.4,910.37,327.19,31133.5
887,1387,person,908.57,328.46,127.75,243.81,908.57,328.46,31147.26
888,1387,person,906.77,328.95,127.27,244.09,906.77,328.95,31066.15
889,1387,person,906.12,328.93,127.04,244.89,906.12,328.93,31111.31
890,1387,person,905.79,329.63,127.23,246.33,905.79,329.63,31340.09
891,1387,person,905.1,331.09,126.36,245.73,905.1,331.09,31050.76
892,1387,person,904.45,333.18,126.07,245.9,904.45,333.18,31000.04
893,1387,person,903.98,335.59,125.0,244.37,903.98,335.59,30544.76
894,1387,person,904.43,336.01,125.32,245.53,904.43,336.01,30769.49
895,1387,person,904.4,336.73,125.61,246.88,904.4,336.73,31009.85
896,1387,person,905.0,336.55,125.37,247.06,905.0,336.55,30973.72
897,1387,person,905.61,335.43,124.9,246.61,905.61,335.43,30800.69
898,1387,person,906.46,334.66,124.04,245.36,906.46,334.66,30435.46
899,1387,person,906.37,334.3,123.23,244.34,906.37,334.3,30109.72
900,1387,person,905.92,333.39,122.81,244.25,905.92,333.39,29995.65
901,1387,person,905.39,333.1,121.45,242.01,905.39,333.1,29391.57
902,1387,person,905.98,331.4,120.55,240.22,905.98,331.4,28958.29
903,1387,person,907.05,330.02,120.49,239.92,907.05,330.02,28908.25
904,1387,person,908.03,326.0,123.68,246.85,908.03,326.0,30530.57
905,1387,person,908.48,325.78,124.0,247.68,908.48,325.78,30712.79
906,1387,person,909.61,327.07,122.94,245.16,909.61,327.07,30139.11
907,1387,person,910.82,327.75,123.17,244.66,910.82,327.75,30134.83
908,1387,person,911.51,329.0,123.4,243.74,911.51,329.0,30078.9
909,1387,person,912.65,330.05,124.33,244.52,912.65,330.05,30401.02
910,1387,person,915.58,329.71,126.51,246.7,915.58,329.71,31209.16
911,1387,person,918.6,329.33,128.97,248.18,918.6,329.33,32008.01
912,1387,person,916.98,328.44,130.84,249.69,916.98,328.44,32668.4
913,1387,person,915.68,327.81,131.03,248.16,915.68,327.81,32516.85
914,1387,person,914.62,328.14,131.04,247.07,914.62,328.14,32375.63
915,1387,person,913.62,328.87,130.32,244.43,913.62,328.87,31853.52
916,1387,person,911.91,328.16,130.91,245.18,911.91,328.16,32096.69
917,1387,person,910.59,325.21,132.04,247.54,910.59,325.21,32684.41
918,1387,person,908.37,323.33,132.63,249.08,908.37,323.33,33036.57
919,1387,person,905.25,321.98,133.16,250.82,905.25,321.98,33398.79
920,1387,person,903.92,320.67,133.21,251.31,903.92,320.67,33477.2
921,1387,person,900.03,321.55,133.29,252.4,900.03,321.55,33642.39
922,1387,person,897.51,323.12,132.07,250.28,897.51,323.12,33054.8
923,1387,person,895.19,325.49,132.34,251.39,895.19,325.49,33268.49
924,1387,person,892.87,327.64,130.95,249.71,892.87,327.64,32699.54
925,1387,person,891.76,327.85,130.09,248.81,891.76,327.85,32366.74
926,1387,person,890.36,327.54,130.05,249.55,890.36,327.54,32453.35
927,1387,person,888.22,328.6,128.73,247.42,888.22,328.6,31850.9
928,1387,person,886.33,328.81,128.0,246.29,886.33,328.81,31524.83
929,1387,person,885.0,328.96,127.48,245.58,885.0,328.96,31306.21
930,1387,person,883.63,328.53,128.34,247.77,883.63,328.53,31799.5
931,1387,person,881.94,328.31,129.08,249.91,881.94,328.31,32259.05
932,1387,person,880.39,328.14,129.21,250.83,880.39,328.14,32410.22
933,1387,person,878.21,328.1,129.24,250.67,878.21,328.1,32396.21
933,1540,person,1099.61,252.64,78.78,217.02,1099.61,252.64,17096.46
934,1387,person,878.04,327.92,129.35,250.32,878.04,327.92,32378.44
934,1540,person,1100.74,257.12,76.68,210.86,1100.74,257.12,16168.96
935,1387,person,878.22,328.46,129.58,249.52,878.22,328.46,32331.71
935,1540,person,1100.81,258.97,75.82,207.97,1100.81,258.97,15768.19
936,1387,person,880.7,329.34,128.3,245.9,880.7,329.34,31548.83
936,1540,person,1101.46,259.64,75.64,206.99,1101.46,259.64,15657.61
937,1387,person,884.61,327.73,129.18,246.68,884.61,327.73,31867.3
937,1540,person,1102.5,258.07,73.62,200.38,1102.5,258.07,14751.66
938,1387,person,882.07,330.38,123.63,237.3,882.07,330.38,29337.28
939,1387,person,885.75,328.21,124.88,240.98,885.75,328.21,30092.58
939,1544,person,480.94,151.57,28.71,80.14,480.94,151.57,2300.69
940,1387,person,891.49,327.31,126.02,242.21,891.49,327.31,30524.74
940,1544,person,480.81,150.99,28.83,80.52,480.81,150.99,2321.65
941,1387,person,899.12,326.24,128.19,242.45,899.12,326.24,31079.29
941,1544,person,481.04,150.15,28.92,80.78,481.04,150.15,2336.47
942,1387,person,902.66,326.4,129.67,241.46,902.66,326.4,31309.53
943,1387,person,904.34,326.21,132.39,243.28,904.34,326.21,32208.16
944,1387,person,905.27,325.29,134.75,245.05,905.27,325.29,33020.13
945,1387,person,905.31,324.95,137.16,246.8,905.31,324.95,33851.17
946,1387,person,905.09,326.34,138.29,246.18,905.09,326.34,34044.73
946,1546,person,1204.71,267.65,148.29,237.15,1204.71,267.65,35165.8
947,1387,person,904.61,325.8,139.68,246.55,904.61,325.8,34437.46
947,1546,person,1204.95,268.62,147.59,236.01,1204.95,268.62,34832.49
948,1387,person,904.58,326.37,141.08,247.19,904.58,326.37,34873.25
948,1546,person,1204.76,270.63,146.5,234.25,1204.76,270.63,34318.9
949,1387,person,903.97,326.33,143.24,249.44,903.97,326.33,35728.49
949,1546,person,1203.8,272.3,145.91,233.16,1203.8,272.3,34021.3
949,1544,person,481.53,154.91,28.72,80.92,481.53,154.91,2323.77
950,1387,person,902.86,327.43,144.36,250.17,902.86,327.43,36114.45
950,1544,person,481.14,156.08,28.47,80.72,481.14,156.08,2298.45
951,1387,person,901.33,328.5,146.08,251.87,901.33,328.5,36791.99
951,1544,person,480.79,157.61,28.89,82.23,480.79,157.61,2375.59
952,1387,person,898.98,331.01,146.14,250.94,898.98,331.01,36672.65
952,1544,person,480.33,160.17,27.94,79.26,480.33,160.17,2214.13
953,1387,person,896.44,333.21,145.09,248.41,896.44,333.21,36041.71
953,1544,person,480.11,161.99,27.34,77.04,480.11,161.99,2106.22
954,1387,person,894.13,334.12,144.19,246.4,894.13,334.12,35528.13
955,1387,person,893.33,333.65,143.86,245.31,893.33,333.65,35289.27
956,1387,person,893.91,333.83,144.19,244.79,893.91,333.83,35295.51
957,1387,person,894.32,334.0,145.28,245.24,894.32,334.0,35628.32
957,1544,person,477.31,163.72,28.49,79.41,477.31,163.72,2262.38
958,1387,person,894.49,335.73,144.63,242.92,894.49,335.73,35135.01
959,1387,person,895.01,336.34,144.86,242.16,895.01,336.34,35079.64
960,1387,person,895.45,336.59,145.93,243.03,895.45,336.59,35465.43
961,1387,person,897.37,338.1,145.64,241.4,897.37,338.1,35158.5
962,1387,person,898.28,338.47,146.12,241.36,898.28,338.47,35267.65
963,1387,person,898.32,338.49,146.8,241.66,898.32,338.49,35475.05
964,1387,person,898.16,337.2,148.57,244.11,898.16,337.2,36266.61
965,1387,person,897.52,335.34,150.13,246.4,897.52,335.34,36990.76
966,1387,person,897.09,334.64,150.96,247.32,897.09,334.64,37335.25
967,1387,person,896.36,334.68,150.47,246.15,896.36,334.68,37037.21
968,1387,person,895.77,334.33,151.09,246.81,895.77,334.33,37290.02
969,1387,person,895.93,333.72,150.13,244.69,895.93,333.72,36734.68
970,1387,person,895.8,334.07,149.32,242.47,895.8,334.07,36204.41
971,1387,person,895.24,334.61,149.06,241.33,895.24,334.61,35972.87
972,1387,person,894.95,335.76,147.94,238.48,894.95,335.76,35281.01
973,1387,person,895.1,335.01,149.0,239.58,895.1,335.01,35697.93
974,1387,person,896.13,334.63,149.49,239.84,896.13,334.63,35854.55
975,1387,person,897.49,332.77,151.18,242.14,897.49,332.77,36606.11
976,1387,person,898.09,331.92,151.17,242.16,898.09,331.92,36607.57
977,1387,person,898.35,330.32,150.12,240.69,898.35,330.32,36133.42
978,1387,person,899.79,331.18,146.71,234.73,899.79,331.18,34436.88
979,1387,person,894.95,333.92,141.47,227.84,894.95,333.92,32232.19
980,1387,person,898.36,327.97,149.29,241.14,898.36,327.97,35999.06
981,1387,person,899.56,325.51,151.44,245.15,899.56,325.51,37126.42
981,1555,person,496.23,28.52,50.88,56.53,496.23,28.52,2876.28
982,1387,person,900.56,324.25,153.35,248.5,900.56,324.25,38107.4
983,1387,person,900.27,322.43,153.68,249.68,900.27,322.43,38370.83
984,1387,person,900.52,320.61,153.55,250.24,900.52,320.61,38425.48
985,1387,person,899.49,322.28,156.45,256.65,899.49,322.28,40152.62
985,1559,person,1119.65,242.96,68.67,217.14,1119.65,242.96,14911.48
986,1387,person,898.8,324.5,156.34,258.63,898.8,324.5,40435.05
986,1559,person,1120.1,241.7,68.75,217.46,1120.1,241.7,14950.88
987,1387,person,900.77,326.67,156.02,259.73,900.77,326.67,40522.64
987,1559,person,1120.54,240.7,68.66,217.04,1120.54,240.7,14901.73
988,1387,person,899.96,327.47,154.96,260.25,899.96,327.47,40329.58
988,1559,person,1121.73,235.9,65.07,205.3,1121.73,235.9,13359.65
989,1387,person,899.28,327.9,152.65,259.33,899.28,327.9,39586.09
990,1387,person,897.4,328.5,150.02,259.11,897.4,328.5,38873.01
991,1387,person,900.22,328.96,148.37,259.04,900.22,328.96,38434.92
992,1387,person,900.82,327.25,145.97,257.73,900.82,327.25,37619.71
993,1387,person,902.09,327.11,145.16,258.5,902.09,327.11,37524.5
993,1559,person,1133.58,229.39,62.34,198.85,1133.58,229.39,12395.96
994,1387,person,901.07,328.45,144.56,260.12,901.07,328.45,37602.52
995,1387,person,895.21,327.59,142.62,261.31,895.21,327.59,37269.0
995,1559,person,1131.67,230.43,64.21,206.1,1131.67,230.43,13232.84
996,1387,person,895.34,328.25,141.34,262.04,895.34,328.25,37037.31
996,1562,person,1204.68,233.23,150.65,298.32,1204.68,233.23,44941.93
996,1559,person,1131.16,234.68,65.65,212.86,1131.16,234.68,13973.41
997,1387,person,893.98,329.16,140.82,264.07,893.98,329.16,37185.88
997,1559,person,1129.67,235.43,64.67,210.71,1129.67,235.43,13626.96
998,1387,person,889.77,331.82,140.07,267.5,889.77,331.82,37468.73
999,1387,person,884.25,337.13,136.49,266.49,884.25,337.13,36371.8
1000,1387,person,879.49,341.18,132.45,265.43,879.49,341.18,35157.51
1000,1566,person,480.71,162.11,29.17,81.19,480.71,162.11,2368.58
1000,1562,person,1203.23,232.09,153.54,308.1,1203.23,232.09,47304.83
1001,1387,person,874.26,343.4,128.52,266.39,874.26,343.4,34237.27
1001,1566,person,480.4,164.8,29.06,80.88,480.4,164.8,2350.09
1002,1387,person,873.89,345.16,125.32,266.74,873.89,345.16,33427.48
1002,1567,person,896.23,345.38,135.32,269.04,896.23,345.38,36406.16
1003,1387,person,875.97,345.71,122.93,266.96,875.97,345.71,32817.55
1004,1387,person,880.1,345.98,121.64,266.28,880.1,345.98,32391.71
1005,1567,person,893.92,345.78,133.17,264.58,893.92,345.78,35234.81
1006,1567,person,892.88,345.95,132.57,263.34,892.88,345.95,34909.73
1007,1567,person,894.04,343.54,130.89,259.29,894.04,343.54,33939.64
1008,1567,person,894.58,341.59,129.45,255.26,894.58,341.59,33042.68
1009,1567,person,896.22,338.95,127.91,250.41,896.22,338.95,32030.79
1010,1567,person,893.51,339.58,128.4,251.48,893.51,339.58,32289.72
1011,1567,person,890.65,340.57,128.02,251.72,890.65,340.57,32225.35
1012,1567,person,880.36,339.38,124.47,249.61,880.36,339.38,31069.4
1013,1567,person,874.46,340.13,122.77,251.78,874.46,340.13,30909.71
1015,1387,person,871.77,341.26,112.93,255.67,871.77,341.26,28872.71
1016,1387,person,865.05,338.45,114.11,257.58,865.05,338.45,29393.13
1017,1387,person,866.28,336.68,114.18,258.32,866.28,336.68,29494.38
1018,1387,person,862.2,336.91,116.4,259.51,862.2,336.91,30206.57
1019,1387,person,858.51,335.96,118.0,259.88,858.51,335.96,30665.56
1020,1387,person,863.87,334.43,118.86,260.66,863.87,334.43,30983.06
1021,1387,person,866.64,334.01,118.47,260.55,866.64,334.01,30867.63
1022,1387,person,866.65,332.92,118.55,260.04,866.65,332.92,30827.53
1023,1387,person,865.18,331.38,119.63,259.82,865.18,331.38,31083.76
1024,1387,person,865.43,329.58,120.55,259.33,865.43,329.58,31261.88
1025,1387,person,864.97,329.54,120.53,258.37,864.97,329.54,31141.47
1026,1387,person,865.16,329.92,120.4,257.37,865.16,329.92,30987.22
1027,1387,person,866.13,330.71,119.78,256.81,866.13,330.71,30762.07
1028,1387,person,867.4,332.22,118.2,254.74,867.4,332.22,30109.84
1029,1387,person,868.69,334.12,117.88,254.15,868.69,334.12,29958.46
1030,1387,person,868.17,336.35,118.71,255.7,868.17,336.35,30353.98
1031,1387,person,867.7,338.26,120.42,257.8,867.7,338.26,31045.56
1032,1387,person,867.0,339.55,121.65,258.82,867.0,339.55,31485.77
1033,1387,person,864.98,339.9,122.37,259.91,864.98,339.9,31803.88
1034,1387,person,860.24,340.74,122.04,259.67,860.24,340.74,31689.73
1035,1387,person,855.37,341.25,121.55,258.01,855.37,341.25,31362.26
1036,1387,person,851.02,340.82,121.58,259.17,851.02,340.82,31508.74
1037,1387,person,841.37,341.63,120.57,260.15,841.37,341.63,31365.08
1038,1387,person,833.34,342.49,119.99,261.51,833.34,342.49,31378.63
1039,1387,person,827.38,342.57,119.97,263.07,827.38,342.57,31560.42
1040,1387,person,821.95,343.14,119.42,262.35,821.95,343.14,31330.87
1041,1387,person,820.29,343.99,119.4,262.58,820.29,343.99,31352.98
1042,1387,person,822.03,347.4,119.29,257.59,822.03,347.4,30727.91
1043,1387,person,824.55,350.36,120.79,255.86,824.55,350.36,30905.55
1044,1387,person,825.88,352.28,121.2,252.32,825.88,352.28,30581.38
1045,1387,person,827.07,353.65,121.93,251.17,827.07,353.65,30624.88
1046,1387,person,826.94,356.22,123.12,252.14,826.94,356.22,31043.93
1047,1387,person,821.95,358.36,125.12,253.56,821.95,358.36,31725.21
1048,1387,person,811.64,363.6,123.26,252.86,811.64,363.6,31167.66
1049,1387,person,802.37,369.28,120.33,251.16,802.37,369.28,30220.91
1050,1387,person,800.69,372.49,120.77,252.24,800.69,372.49,30463.74
1051,1387,person,789.14,375.7,119.82,251.45,789.14,375.7,30128.26
1052,1387,person,790.64,379.26,122.1,254.03,790.64,379.26,31016.56
1053,1387,person,789.7,385.66,124.45,255.21,789.7,385.66,31761.8
1054,1387,person,778.33,393.26,124.06,255.32,778.33,393.26,31675.53
1055,1387,person,776.51,398.55,123.69,253.19,776.51,398.55,31316.64
1056,1387,person,768.07,404.11,122.14,252.28,768.07,404.11,30811.98
1057,1387,person,767.71,408.13,120.59,249.94,767.71,408.13,30140.97
1058,1387,person,760.16,407.13,119.21,250.77,760.16,407.13,29895.24
1059,1387,person,762.65,403.58,118.88,252.5,762.65,403.58,30017.51
1060,1387,person,763.48,399.01,118.31,253.66,763.48,399.01,30010.18
1061,1387,person,768.31,396.08,118.76,255.51,768.31,396.08,30345.0
1062,1387,person,769.82,395.04,118.22,255.23,769.82,395.04,30174.32
1063,1387,person,769.72,394.65,117.69,253.68,769.72,394.65,29855.89
1064,1387,person,771.76,395.47,117.84,252.49,771.76,395.47,29753.95
1065,1387,person,773.09,399.48,118.55,249.88,773.09,399.48,29622.29
1066,1387,person,770.83,405.31,117.87,246.09,770.83,405.31,29006.32
1067,1387,person,773.28,408.96,119.59,246.24,773.28,408.96,29446.98
1068,1387,person,772.17,411.38,121.01,247.51,772.17,411.38,29950.84
1069,1387,person,774.26,414.4,122.51,248.22,774.26,414.4,30410.39
1070,1387,person,770.89,419.36,122.01,248.11,770.89,419.36,30271.94
1071,1387,person,773.42,422.17,123.05,248.89,773.42,422.17,30625.8
1072,1387,person,779.71,422.75,124.31,248.13,779.71,422.75,30844.4
1073,1387,person,782.41,423.25,125.33,247.56,782.41,423.25,31027.72
1074,1387,person,786.12,423.22,127.38,248.2,786.12,423.22,31617.14
1075,1387,person,788.44,422.86,127.99,247.06,788.44,422.86,31621.46
1076,1387,person,790.2,422.39,128.47,245.42,790.2,422.39,31529.44
1077,1387,person,791.32,422.34,128.94,243.68,791.32,422.34,31421.03
1078,1387,person,792.44,421.63,129.99,243.57,792.44,421.63,31661.59
1079,1387,person,794.98,420.22,131.47,244.6,794.98,420.22,32157.04
1080,1387,person,796.28,419.47,131.68,243.9,796.28,419.47,32117.54
1081,1387,person,796.07,419.11,133.15,245.69,796.07,419.11,32714.45
1082,1387,person,796.0,421.46,133.18,244.58,796.0,421.46,32574.44
1083,1387,person,796.38,424.28,133.64,243.71,796.38,424.28,32568.25
1084,1387,person,794.85,426.77,134.23,243.83,794.85,426.77,32727.77
1085,1387,person,792.11,428.9,134.24,243.77,792.11,428.9,32722.87
1086,1387,person,792.09,430.45,134.35,243.44,792.09,430.45,32706.67
1087,1387,person,792.05,430.3,134.57,243.76,792.05,430.3,32801.93
1088,1387,person,792.93,429.89,133.39,241.3,792.93,429.89,32185.95
1089,1387,person,793.59,429.58,133.78,240.79,793.59,429.58,32214.22
1090,1387,person,792.88,428.31,133.29,239.8,792.88,428.31,31962.99
1091,1387,person,792.6,425.37,134.0,241.04,792.6,425.37,32299.72
1092,1387,person,791.36,424.51,133.83,240.55,791.36,424.51,32191.24
1093,1387,person,791.54,422.76,135.1,243.43,791.54,422.76,32886.36
1094,1387,person,790.84,421.93,135.33,243.96,790.84,421.93,33014.32
1095,1387,person,789.03,423.74,133.26,240.13,789.03,423.74,32000.05
1096,1387,person,787.22,422.21,134.43,241.53,787.22,422.21,32467.87
1097,1387,person,790.18,421.09,135.6,241.68,790.18,421.09,32772.9
1098,1387,person,791.35,420.46,136.71,241.97,791.35,420.46,33080.71
1099,1387,person,791.56,419.37,137.42,242.66,791.56,419.37,33346.94
1100,1387,person,791.1,417.56,138.35,244.38,791.1,417.56,33808.93
1101,1387,person,791.22,417.34,137.98,243.6,791.22,417.34,33611.91
1102,1387,person,791.27,417.85,136.94,241.74,791.27,417.85,33104.27
1103,1387,person,790.62,418.11,138.02,243.11,790.62,418.11,33553.14
1104,1387,person,791.01,419.44,138.97,243.4,791.01,419.44,33825.68
1105,1387,person,790.74,420.85,140.06,243.75,790.74,420.85,34138.76
1106,1387,person,790.27,421.54,141.56,244.42,790.27,421.54,34598.76
1107,1387,person,794.19,422.59,141.29,245.07,794.19,422.59,34627.11
1108,1387,person,793.23,424.63,140.79,244.04,793.23,424.63,34359.07
1109,1387,person,792.82,424.08,140.41,243.71,792.82,424.08,34220.29
1110,1387,person,790.36,423.81,138.11,243.69,790.36,423.81,33655.55
1111,1387,person,788.05,423.65,135.83,243.63,788.05,423.65,33091.89
1112,1387,person,792.9,421.83,134.8,243.43,792.9,421.83,32813.82
1113,1387,person,790.84,420.53,132.32,243.35,790.84,420.53,32201.09
1114,1387,person,790.99,419.25,130.15,242.23,790.99,419.25,31526.03
1115,1387,person,791.22,418.12,129.11,241.93,791.22,418.12,31235.8
1116,1387,person,794.47,416.61,129.86,242.47,794.47,416.61,31486.95
1117,1387,person,793.3,416.08,129.97,242.78,793.3,416.08,31554.61
1118,1387,person,794.87,416.5,130.87,242.92,794.87,416.5,31789.82
1119,1387,person,797.15,417.52,132.78,243.49,797.15,417.52,32331.69
1120,1387,person,799.08,418.74,134.84,244.71,799.08,418.74,32996.28
1121,1387,person,800.39,419.46,137.38,247.62,800.39,419.46,34016.82
1122,1387,person,796.02,419.83,137.81,248.81,796.02,419.83,34289.04
1123,1387,person,798.84,421.0,138.82,248.65,798.84,421.0,34516.64
1124,1387,person,799.26,421.82,139.0,247.96,799.26,421.82,34467.29
1125,1387,person,801.03,422.06,139.49,247.45,801.03,422.06,34516.7
1126,1387,person,801.01,421.69,139.49,247.39,801.01,421.69,34508.05
1127,1387,person,802.83,421.78,139.5,247.01,802.83,421.78,34456.64
1128,1387,person,802.9,421.27,139.64,246.64,802.9,421.27,34440.0
1129,1387,person,803.14,419.37,139.39,245.97,803.14,419.37,34284.93
1130,1387,person,804.15,416.71,138.42,244.64,804.15,416.71,33863.18
1131,1387,person,796.98,414.49,134.91,242.29,796.98,414.49,32686.16
1132,1387,person,792.92,413.06,132.6,242.27,792.92,413.06,32124.61
1133,1387,person,795.21,410.33,132.26,243.82,795.21,410.33,32247.72
1134,1387,person,799.62,408.65,132.49,247.11,799.62,408.65,32739.49
1135,1387,person,802.83,408.17,131.76,248.19,802.83,408.17,32701.22
1136,1387,person,804.57,409.21,130.58,248.78,804.57,409.21,32484.27
1137,1387,person,806.03,411.89,129.34,248.3,806.03,411.89,32115.55
1138,1387,person,806.22,414.27,128.13,247.91,806.22,414.27,31763.73
1139,1387,person,805.82,415.22,127.26,248.38,805.82,415.22,31609.68
1140,1387,person,802.19,416.64,126.14,247.67,802.19,416.64,31239.64
1141,1387,person,799.62,418.8,125.25,247.98,799.62,418.8,31059.03
1142,1387,person,803.11,420.45,125.74,248.26,803.11,420.45,31217.16
1143,1387,person,806.74,420.66,126.3,247.01,806.74,420.66,31197.56
1144,1387,person,808.64,420.09,127.07,246.35,808.64,420.09,31304.88
1145,1387,person,808.45,418.44,127.22,245.34,808.45,418.44,31211.21
1146,1387,person,809.41,417.79,127.72,244.47,809.41,417.79,31223.81
1147,1387,person,810.75,417.35,126.72,239.51,810.75,417.35,30351.2
1148,1387,person,799.98,417.49,123.08,235.47,799.98,417.49,28981.05
1149,1387,person,806.33,417.67,124.49,235.31,806.33,417.67,29294.61
1150,1387,person,808.89,416.9,125.21,234.54,808.89,416.9,29367.38
1151,1387,person,810.07,417.7,127.29,236.33,810.07,417.7,30082.34
1152,1387,person,802.63,420.09,126.86,237.47,802.63,420.09,30126.38
1153,1387,person,797.28,422.43,126.61,239.67,797.28,422.43,30345.54
1154,1387,person,798.75,422.71,126.89,240.53,798.75,422.71,30520.3
1155,1387,person,793.25,422.41,125.17,240.66,793.25,422.41,30123.86
1156,1387,person,787.73,422.57,122.82,240.09,787.73,422.57,29488.76
1157,1387,person,784.79,422.45,121.5,240.26,784.79,422.45,29190.53
1158,1387,person,777.95,420.3,118.42,239.6,777.95,420.3,28373.23
1159,1387,person,778.96,416.95,116.34,238.62,778.96,416.95,27761.28
1160,1387,person,787.56,414.48,117.69,240.2,787.56,414.48,28270.05
1161,1387,person,791.99,414.54,117.78,238.5,791.99,414.54,28089.94
1162,1387,person,792.57,415.69,117.91,238.12,792.57,415.69,28075.94
1163,1387,person,783.92,418.73,114.86,236.95,783.92,418.73,27215.75
1164,1387,person,788.43,422.31,114.74,237.03,788.43,422.31,27197.03
1165,1387,person,791.69,424.86,114.41,236.73,791.69,424.86,27085.07
1166,1387,person,798.82,427.79,115.09,235.98,798.82,427.79,27159.71
1167,1387,person,801.34,430.56,115.68,234.95,801.34,430.56,27179.92
1168,1387,person,805.44,434.67,116.43,234.16,805.44,434.67,27262.26
1169,1387,person,809.5,439.04,117.61,232.26,809.5,439.04,27315.92
1170,1387,person,797.32,443.8,115.58,231.14,797.32,443.8,26715.8
1171,1387,person,793.15,448.34,113.7,229.08,793.15,448.34,26046.96
1172,1387,person,799.59,451.99,115.29,228.47,799.59,451.99,26341.31
1173,1387,person,800.96,453.71,117.02,227.39,800.96,453.71,26610.14
1174,1387,person,795.79,454.03,118.3,227.62,795.79,454.03,26928.11
1175,1387,person,793.63,454.84,119.57,226.87,793.63,454.84,27127.52
1176,1387,person,791.04,455.92,121.6,227.9,791.04,455.92,27711.82
1177,1387,person,787.88,455.36,122.88,227.17,787.88,455.36,27914.61
1178,1387,person,783.83,451.92,123.31,225.58,783.83,451.92,27815.71
1179,1387,person,779.84,446.64,125.18,227.42,779.84,446.64,28467.96
1180,1387,person,777.7,444.08,126.58,228.23,777.7,444.08,28888.38
1181,1387,person,775.47,443.0,127.41,227.98,775.47,443.0,29046.27
1182,1387,person,773.9,442.86,128.29,227.97,773.9,442.86,29245.72
1183,1387,person,773.72,441.73,128.72,226.8,773.72,441.73,29194.75
1184,1387,person,774.55,440.98,129.12,225.75,774.55,440.98,29147.88
1185,1387,person,774.53,441.92,130.13,226.37,774.53,441.92,29455.89
1186,1387,person,774.95,443.53,130.51,225.96,774.95,443.53,29489.43
1187,1387,person,775.86,444.28,130.46,225.29,775.86,444.28,29391.18
1188,1387,person,777.95,443.06,130.42,225.25,777.95,443.06,29375.56
1189,1387,person,780.72,440.54,129.76,223.98,780.72,440.54,29064.82
1190,1387,person,784.54,437.11,130.56,224.22,784.54,437.11,29273.86
1191,1387,person,780.83,434.5,129.19,223.76,780.83,434.5,28906.59
1192,1387,person,782.51,429.71,128.97,223.31,782.51,429.71,28799.47
1193,1387,person,782.0,426.02,128.94,223.04,782.0,426.02,28758.11
1194,1387,person,780.01,421.62,128.43,221.41,780.01,421.62,28435.29
1195,1387,person,778.0,416.09,129.59,221.96,778.0,416.09,28763.87
1196,1387,person,769.47,412.25,131.15,225.82,769.47,412.25,29615.28
1197,1387,person,759.32,409.9,130.31,225.67,759.32,409.9,29406.89
1198,1387,person,740.86,403.83,125.29,224.52,740.86,403.83,28131.09
1199,1387,person,745.49,396.05,126.14,225.82,745.49,396.05,28485.49
1200,1387,person,743.41,393.83,126.83,225.33,743.41,393.83,28578.91
1201,1387,person,729.96,393.75,123.85,224.52,729.96,393.75,27805.97
1202,1387,person,720.69,392.27,120.57,224.76,720.69,392.27,27098.07
1203,1387,person,716.19,391.39,116.68,223.92,716.19,391.39,26126.12
1204,1387,person,713.56,390.87,113.48,224.09,713.56,390.87,25430.56
1205,1387,person,713.68,390.49,111.19,224.13,713.68,390.49,24921.16
1206,1387,person,720.23,388.89,110.54,223.11,720.23,388.89,24663.02
1207,1387,person,717.71,387.73,107.87,221.64,717.71,387.73,23908.23
1208,1387,person,726.61,387.13,108.16,220.74,726.61,387.13,23874.15
1209,1387,person,722.56,387.12,106.15,219.86,722.56,387.12,23338.41
1210,1387,person,737.93,387.01,108.73,220.16,737.93,387.01,23938.47
1211,1387,person,749.23,387.0,111.64,221.48,749.23,387.0,24726.58
1212,1387,person,756.31,387.12,114.46,222.82,756.31,387.12,25504.4
1213,1387,person,744.97,387.84,111.58,222.68,744.97,387.84,24847.31
1214,1387,person,754.44,389.56,113.14,224.32,754.44,389.56,25380.33
1215,1387,person,762.03,392.27,114.33,225.02,762.03,392.27,25725.9
1216,1387,person,755.61,394.36,112.03,224.83,755.61,394.36,25187.49
1217,1387,person,754.85,395.52,110.36,224.41,754.85,395.52,24765.14
1218,1387,person,762.75,396.77,111.09,223.69,762.75,396.77,24849.87
1219,1387,person,761.78,398.45,110.74,223.32,761.78,398.45,24730.33
1220,1387,person,763.5,399.9,111.55,222.82,763.5,399.9,24855.8
1221,1387,person,755.5,399.56,110.65,222.5,755.5,399.56,24619.11
1222,1387,person,759.37,398.54,112.93,223.02,759.37,398.54,25186.34
1223,1387,person,759.28,396.58,114.43,222.86,759.28,396.58,25502.19
1224,1387,person,756.32,394.09,116.28,224.49,756.32,394.09,26104.71
1225,1387,person,756.66,390.82,118.67,225.87,756.66,390.82,26805.09
1226,1387,person,753.43,387.72,119.13,224.0,753.43,387.72,26684.3
1227,1387,person,747.14,383.97,119.95,223.09,747.14,383.97,26759.61
1228,1387,person,744.25,379.63,121.66,223.6,744.25,379.63,27204.08
1229,1387,person,726.53,375.95,118.44,222.95,726.53,375.95,26405.64
1230,1387,person,726.59,372.61,118.7,223.51,726.59,372.61,26531.18
1231,1387,person,719.42,369.31,118.51,224.48,719.42,369.31,26603.75
1232,1387,person,720.64,365.42,119.41,224.68,720.64,365.42,26830.47
1233,1387,person,721.53,361.86,121.53,225.89,721.53,361.86,27452.78
1234,1387,person,720.1,358.76,122.74,225.78,720.1,358.76,27711.4
1235,1387,person,718.37,355.86,123.44,224.44,718.37,355.86,27706.29
1235,1600,person,900.87,277.37,98.96,192.29,900.87,277.37,19030.43
1236,1387,person,715.93,354.17,123.63,221.21,715.93,354.17,27349.09
1237,1387,person,713.53,352.78,124.78,219.63,713.53,352.78,27405.58
1237,1600,person,896.71,265.74,91.75,177.48,896.71,265.74,16283.37
1238,1387,person,710.64,349.69,127.37,221.67,710.64,349.69,28235.01
1238,1600,person,891.57,263.16,93.22,180.19,891.57,263.16,16797.2
1239,1387,person,705.87,344.95,130.37,225.85,705.87,344.95,29443.19
1239,1600,person,889.63,263.82,97.02,187.97,889.63,263.82,18236.8
1240,1387,person,702.79,341.77,132.29,228.43,702.79,341.77,30218.84
1240,1600,person,886.59,264.44,96.72,189.57,886.59,264.44,18336.29
1241,1387,person,701.67,338.95,134.18,229.44,701.67,338.95,30786.03
1242,1387,person,699.34,336.47,136.2,232.19,699.34,336.47,31625.06
1243,1387,person,691.86,333.22,136.1,233.66,691.86,333.22,31801.08
1244,1387,person,678.91,333.06,131.91,232.68,678.91,333.06,30691.93
1245,1387,person,672.18,333.12,128.13,232.62,672.18,333.12,29804.38
1246,1387,person,669.39,334.04,124.52,232.16,669.39,334.04,28908.86
1247,1387,person,679.66,335.03,123.25,229.74,679.66,335.03,28316.66
1248,1387,person,666.95,303.55,127.0,232.05,666.95,303.55,29471.51
