frame,object_id,class,x,y,width,height,center_x,center_y,area
0,1387,person,670.38,298.99,91.55,162.82,670.38,298.99,14906.34
1,1387,person,674.33,298.54,76.44,132.7,674.33,298.54,10144.52
1,1606,person,381.33,396.85,80.77,226.67,381.33,396.85,18308.54
1,1607,person,744.74,313.52,59.67,171.42,744.74,313.52,10228.01
1,1608,person,468.69,364.13,71.88,211.16,468.69,364.13,15178.25
2,1387,person,678.57,299.49,71.14,122.43,678.57,299.49,8709.47
2,1606,person,381.6,397.1,81.06,227.4,381.6,397.1,18433.2
2,1607,person,743.5,311.7,58.93,169.36,743.5,311.7,9980.3
2,1608,person,469.86,364.06,71.79,211.02,469.86,364.06,15149.94
3,1387,person,681.92,300.83,71.66,122.89,681.92,300.83,8806.69
3,1606,person,381.43,396.88,81.23,227.7,381.43,396.88,18496.9
3,1607,person,743.68,311.94,59.61,171.77,743.68,311.94,10239.48
3,1608,person,470.83,364.19,71.72,210.76,470.83,364.19,15117.07
4,1387,person,684.62,301.0,71.54,123.34,684.62,301.0,8823.02
4,1606,person,381.44,396.68,81.35,227.86,381.44,396.68,18537.29
4,1607,person,743.06,312.28,59.8,172.91,743.06,312.28,10339.64
4,1608,person,471.9,364.59,71.89,211.22,471.9,364.59,15183.61
5,1387,person,685.05,300.69,71.49,124.52,685.05,300.69,8901.73
5,1606,person,381.57,396.4,81.33,227.64,381.57,396.4,18513.5
5,1607,person,741.69,312.46,60.44,175.24,741.69,312.46,10591.85
5,1608,person,472.36,364.5,71.94,211.37,472.36,364.5,15206.24
6,1387,person,686.2,301.44,70.77,124.82,686.2,301.44,8834.04
6,1606,person,380.95,396.83,81.54,227.79,380.95,396.83,18573.15
6,1607,person,741.31,312.4,60.34,175.4,741.31,312.4,10582.97
6,1608,person,472.35,363.84,72.28,212.54,472.35,363.84,15362.03
7,1387,person,686.54,301.54,69.65,124.53,686.54,301.54,8674.31
7,1606,person,381.58,396.24,81.39,227.46,381.58,396.24,18512.54
7,1607,person,740.74,311.52,59.81,174.07,740.74,311.52,10411.94
7,1608,person,471.63,362.75,71.64,211.16,471.63,362.75,15127.17
8,1387,person,687.36,301.67,68.7,124.85,687.36,301.67,8577.98
8,1606,person,380.72,396.25,81.63,227.5,380.72,396.25,18570.52
8,1607,person,740.65,311.7,59.5,172.97,740.65,311.7,10291.97
8,1608,person,470.39,362.35,71.5,211.44,470.39,362.35,15118.06
9,1387,person,688.97,301.56,68.7,126.87,688.97,301.56,8716.58
9,1606,person,380.62,396.24,81.83,227.43,380.62,396.24,18610.24
9,1607,person,739.53,312.66,60.03,173.72,739.53,312.66,10429.2
9,1608,person,469.22,362.07,71.6,212.89,469.22,362.07,15243.66
10,1387,person,690.43,300.61,67.69,125.68,690.43,300.61,8507.27
10,1606,person,380.41,396.27,82.15,227.57,380.41,396.27,18694.51
10,1607,person,740.11,314.51,61.07,176.85,740.11,314.51,10800.7
10,1608,person,467.61,361.26,71.45,214.79,467.61,361.26,15346.46
11,1387,person,692.37,299.67,67.73,125.66,692.37,299.67,8510.51
11,1606,person,379.94,395.62,81.96,226.72,379.94,395.62,18582.57
11,1607,person,740.9,315.91,61.72,179.35,740.9,315.91,11070.66
11,1608,person,466.98,361.1,71.18,215.92,466.98,361.1,15369.23
12,1387,person,709.7,314.11,92.62,171.61,709.7,314.11,15894.04
12,1606,person,379.63,395.41,82.18,226.38,379.63,395.41,18602.95
12,1607,person,739.78,317.19,64.37,187.07,739.78,317.19,12041.9
12,1608,person,466.77,361.42,71.71,219.41,466.77,361.42,15734.68
13,1387,person,715.44,318.32,100.34,185.13,715.44,318.32,18575.98
13,1606,person,378.77,395.47,82.65,226.28,378.77,395.47,18701.22
13,1607,person,740.43,316.86,64.22,187.41,740.43,316.86,12036.4
13,1608,person,467.78,362.42,71.2,217.8,467.78,362.42,15507.4
14,1387,person,717.22,321.79,104.97,192.65,717.22,321.79,20222.48
14,1606,person,378.68,395.6,83.06,226.34,378.68,395.6,18798.76
14,1607,person,740.89,318.74,64.53,188.94,740.89,318.74,12193.11
14,1608,person,468.0,363.85,71.23,217.77,468.0,363.85,15512.46
15,1387,person,729.06,321.68,101.51,190.95,729.06,321.68,19382.99
15,1606,person,378.5,395.95,83.53,226.19,378.5,395.95,18893.67
15,1607,person,743.84,318.98,63.61,188.38,743.84,318.98,11982.93
15,1608,person,468.75,363.06,71.43,218.44,468.75,363.06,15602.75
16,1387,person,727.94,319.89,99.34,186.53,727.94,319.89,18530.17
16,1606,person,378.2,396.2,84.13,225.92,378.2,396.2,19006.23
16,1607,person,745.59,318.92,62.27,186.48,745.59,318.92,11612.39
16,1608,person,469.5,362.31,71.28,217.87,469.5,362.31,15530.24
17,1387,person,723.07,321.77,101.62,188.21,723.07,321.77,19125.04
17,1606,person,378.57,396.41,84.76,225.77,378.57,396.41,19136.4
17,1607,person,744.88,319.26,61.65,184.2,744.88,319.26,11355.82
17,1608,person,471.22,361.42,71.04,217.12,471.22,361.42,15424.8
18,1387,person,721.25,320.37,100.22,181.84,721.25,320.37,18222.81
18,1606,person,378.09,396.06,85.47,226.14,378.09,396.06,19327.25
18,1608,person,472.64,361.2,70.76,216.09,472.64,361.2,15289.45
19,1606,person,378.17,395.77,85.68,225.89,378.17,395.77,19354.75
19,1608,person,473.46,355.97,67.7,205.15,473.46,355.97,13888.5
19,1607,person,750.52,319.66,58.72,178.37,750.52,319.66,10474.19
20,1606,person,377.95,395.65,85.98,225.53,377.95,395.65,19389.77
20,1608,person,476.3,344.01,61.81,182.15,476.3,344.01,11257.69
20,1607,person,751.3,319.68,57.27,175.91,751.3,319.68,10074.13
20,1387,person,703.08,305.39,77.04,139.47,703.08,305.39,10744.42
21,1606,person,377.86,395.81,86.5,225.78,377.86,395.81,19531.04
21,1608,person,480.61,335.6,57.26,161.14,480.61,335.6,9227.61
21,1607,person,751.95,320.23,56.52,175.41,751.95,320.23,9914.12
21,1387,person,698.37,301.54,71.04,128.26,698.37,301.54,9111.14
22,1606,person,378.6,395.75,86.96,225.89,378.6,395.75,19643.71
22,1608,person,484.36,330.36,55.26,149.09,484.36,330.36,8238.63
22,1607,person,752.64,319.91,55.53,174.15,752.64,319.91,9670.16
22,1387,person,697.7,300.79,69.11,124.61,697.7,300.79,8611.64
22,1616,person,505.63,301.97,123.59,205.31,505.63,301.97,25375.09
23,1606,person,379.49,395.89,87.39,226.08,379.49,395.89,19757.86
23,1608,person,481.01,330.6,54.99,147.7,481.01,330.6,8122.63
23,1607,person,754.02,317.93,53.36,169.39,754.02,317.93,9039.06
23,1387,person,697.81,300.18,68.48,122.82,697.81,300.18,8411.28
24,1606,person,380.45,395.83,87.45,225.88,380.45,395.83,19752.57
24,1608,person,482.5,327.48,56.75,150.09,482.5,327.48,8516.87
24,1607,person,753.51,319.95,54.31,173.65,753.51,319.95,9430.4
24,1387,person,697.37,299.32,68.79,123.39,697.37,299.32,8487.82
25,1606,person,381.15,396.19,87.72,226.61,381.15,396.19,19879.09
25,1608,person,482.85,326.05,58.47,152.69,482.85,326.05,8927.81
25,1607,person,752.28,322.38,56.02,179.72,752.28,322.38,10068.63
25,1387,person,697.5,299.2,69.29,124.49,697.5,299.2,8626.29
26,1606,person,382.08,396.54,87.69,227.12,382.08,396.54,19917.09
26,1608,person,482.8,325.76,59.5,153.73,482.8,325.76,9146.27
26,1607,person,751.88,322.92,56.54,181.44,751.88,322.92,10258.26
26,1387,person,697.87,299.25,69.57,125.3,697.87,299.25,8717.27
27,1606,person,383.19,396.67,87.45,227.17,383.19,396.67,19866.49
27,1608,person,482.45,327.65,59.1,151.27,482.45,327.65,8939.54
27,1607,person,750.54,322.24,56.33,179.7,750.54,322.24,10122.85
27,1387,person,698.79,299.48,72.54,131.37,698.79,299.48,9529.67
28,1606,person,383.4,396.83,87.31,227.57,383.4,396.83,19868.53
28,1608,person,481.9,328.61,58.96,150.07,481.9,328.61,8849.03
28,1607,person,750.3,321.96,56.52,179.51,750.3,321.96,10145.6
28,1387,person,699.3,299.27,73.21,133.42,699.3,299.27,9768.19
29,1606,person,382.77,397.04,87.22,227.33,382.77,397.04,19826.57
29,1608,person,481.19,328.5,59.03,149.52,481.19,328.5,8826.09
29,1607,person,750.2,322.56,56.95,180.15,750.2,322.56,10259.41
29,1387,person,699.29,299.1,73.06,133.82,699.29,299.1,9777.36
30,1606,person,382.21,396.59,86.91,226.96,382.21,396.59,19724.44
30,1608,person,480.68,328.19,59.39,149.82,480.68,328.19,8897.96
30,1607,person,751.22,320.89,56.36,177.99,751.22,320.89,10031.87
30,1387,person,699.29,298.21,71.5,131.32,699.29,298.21,9389.3
31,1606,person,380.53,396.38,87.2,226.78,380.53,396.38,19776.29
31,1608,person,479.68,327.98,59.67,150.23,479.68,327.98,8963.79
31,1607,person,750.75,320.22,56.62,177.54,750.75,320.22,10053.02
31,1387,person,699.31,298.06,70.46,129.65,699.31,298.06,9134.8
32,1606,person,379.31,396.3,87.76,226.58,379.31,396.3,19883.94
32,1608,person,479.32,327.66,59.5,149.78,479.32,327.66,8912.36
32,1607,person,751.82,320.61,57.0,178.28,751.82,320.61,10162.58
32,1387,person,698.61,299.42,68.9,126.73,698.61,299.42,8731.65
33,1606,person,378.69,396.41,88.48,226.78,378.69,396.41,20066.27
33,1608,person,478.44,328.08,59.53,149.74,478.44,328.08,8913.55
33,1607,person,752.93,320.25,57.06,177.79,752.93,320.25,10145.13
33,1387,person,698.84,299.12,68.94,126.87,698.84,299.12,8747.2
34,1606,person,378.7,396.7,89.11,226.98,378.7,396.7,20226.55
34,1608,person,477.51,328.23,59.64,149.63,477.51,328.23,8923.58
34,1607,person,753.42,320.49,57.74,179.21,753.42,320.49,10347.77
34,1387,person,699.39,299.08,69.03,127.22,699.39,299.08,8782.05
35,1606,person,378.85,396.87,89.37,226.74,378.85,396.87,20264.88
35,1608,person,475.81,330.78,60.07,150.0,475.81,330.78,9010.07
35,1607,person,753.82,320.36,58.09,179.42,753.82,320.36,10422.39
35,1387,person,699.64,298.82,69.42,128.02,699.64,298.82,8887.18
36,1606,person,379.9,397.41,89.4,225.8,379.9,397.41,20185.46
36,1608,person,474.78,332.01,60.26,150.17,474.78,332.01,9049.51
36,1607,person,753.73,320.19,58.24,178.61,753.73,320.19,10401.67
36,1387,person,699.56,299.09,69.44,127.99,699.56,299.09,8887.82
37,1606,person,379.94,397.55,89.6,225.17,379.94,397.55,20175.34
37,1608,person,474.43,330.35,60.53,150.48,474.43,330.35,9109.32
37,1607,person,753.74,319.81,58.69,178.51,753.74,319.81,10475.8
37,1387,person,699.41,298.78,69.39,127.96,699.41,298.78,8878.92
38,1606,person,378.92,397.12,90.39,225.8,378.92,397.12,20410.0
38,1608,person,473.5,330.34,61.41,152.6,473.5,330.34,9370.51
38,1607,person,753.56,320.13,59.52,179.67,753.56,320.13,10693.55
38,1387,person,699.17,298.81,69.5,128.46,699.17,298.81,8928.43
39,1606,person,378.2,397.16,90.97,226.1,378.2,397.16,20568.52
39,1608,person,471.17,332.27,62.03,154.86,471.17,332.27,9606.24
39,1607,person,754.04,320.38,60.06,180.72,754.04,320.38,10854.26
39,1387,person,699.6,298.89,69.55,128.58,699.6,298.89,8942.36
40,1606,person,378.26,397.5,91.05,226.0,378.26,397.5,20577.08
40,1608,person,471.25,343.62,70.16,178.65,471.25,343.62,12534.66
40,1607,person,754.28,319.29,59.58,178.72,754.28,319.29,10648.41
40,1387,person,700.27,299.25,69.24,128.19,700.27,299.25,8876.08
41,1606,person,378.04,397.43,90.83,225.63,378.04,397.43,20494.63
41,1608,person,470.99,352.25,75.51,196.85,470.99,352.25,14863.29
41,1607,person,754.33,319.03,59.56,178.37,754.33,319.03,10623.17
41,1387,person,700.55,299.15,68.71,127.5,700.55,299.15,8760.8
41,1623,person,756.95,300.2,51.4,138.16,756.95,300.2,7101.79
42,1606,person,378.74,397.55,90.32,225.2,378.74,397.55,20338.91
42,1608,person,470.62,357.28,77.86,207.64,470.62,357.28,16166.23
42,1607,person,754.8,319.24,59.8,179.32,754.8,319.24,10723.8
42,1387,person,700.65,299.09,68.47,127.32,700.65,299.09,8717.41
43,1606,person,378.51,397.54,90.14,225.1,378.51,397.54,20290.71
43,1608,person,469.95,359.61,78.6,214.37,469.95,359.61,16848.81
43,1607,person,754.48,318.96,59.74,179.43,754.48,318.96,10719.04
43,1387,person,700.51,299.33,68.83,127.91,700.51,299.33,8804.04
44,1606,person,376.95,397.74,90.5,225.3,376.95,397.74,20389.94
44,1608,person,469.53,360.69,77.7,216.13,469.53,360.69,16793.91
44,1607,person,752.75,318.95,60.19,179.92,752.75,318.95,10829.51
44,1387,person,700.3,299.17,68.8,127.93,700.3,299.17,8802.11
45,1606,person,376.59,397.75,90.63,225.22,376.59,397.75,20411.01
45,1608,person,468.85,360.8,76.17,216.17,468.85,360.8,16466.98
45,1607,person,752.42,318.93,59.49,177.73,752.42,318.93,10573.73
45,1387,person,699.46,299.3,68.74,128.36,699.46,299.3,8824.24
46,1606,person,376.23,397.55,90.89,225.42,376.23,397.55,20489.13
46,1608,person,468.64,360.16,74.48,215.03,468.64,360.16,16014.94
46,1607,person,753.07,317.52,57.94,173.34,753.07,317.52,10042.55
46,1387,person,698.79,299.09,68.39,128.61,698.79,299.09,8796.06
47,1606,person,376.37,397.58,90.97,225.4,376.37,397.58,20505.86
47,1608,person,469.24,361.25,72.51,211.62,469.24,361.25,15344.56
47,1607,person,754.27,313.43,54.56,163.3,754.27,313.43,8910.09
47,1387,person,698.63,299.69,67.2,126.7,698.63,299.69,8514.59
48,1606,person,375.74,397.44,90.75,224.68,375.74,397.44,20388.31
48,1608,person,470.67,362.06,71.53,209.13,470.67,362.06,14958.9
48,1607,person,754.8,313.88,54.28,162.79,754.8,313.88,8835.67
48,1387,person,698.07,301.27,66.14,125.22,698.07,301.27,8282.14
49,1606,person,374.52,397.06,90.88,224.45,374.52,397.06,20397.85
49,1608,person,471.71,362.23,70.72,206.65,471.71,362.23,14614.73
49,1607,person,754.56,317.38,56.07,168.8,754.56,317.38,9465.3
49,1387,person,696.78,301.95,64.98,123.21,696.78,301.95,8006.52
50,1606,person,374.65,396.94,90.86,224.14,374.65,396.94,20364.97
50,1608,person,472.96,361.91,69.86,205.26,472.96,361.91,14339.96
50,1607,person,735.27,317.41,61.37,166.95,735.27,317.41,10245.88
50,1625,person,473.35,333.56,69.43,143.82,473.35,333.56,9986.02
51,1606,person,375.87,397.03,90.64,223.86,375.87,397.03,20290.55
51,1608,person,473.46,362.31,68.81,204.05,473.46,362.31,14039.93
51,1607,person,730.49,316.75,65.03,163.85,730.49,316.75,10655.93
51,1625,person,473.8,331.86,66.76,138.43,473.8,331.86,9241.65
51,1387,person,712.53,307.22,74.41,134.17,712.53,307.22,9983.55
52,1606,person,375.99,397.06,90.66,223.88,375.99,397.06,20296.17
52,1608,person,473.15,361.25,67.56,202.23,473.15,361.25,13662.31
52,1625,person,472.87,331.99,66.84,138.99,472.87,331.99,9289.27
52,1387,person,720.63,312.92,86.18,149.39,720.63,312.92,12875.3
53,1606,person,375.96,397.02,90.49,223.64,375.96,397.02,20237.61
53,1608,person,472.85,361.65,67.42,204.23,472.85,361.65,13769.62
53,1625,person,472.19,331.65,66.31,138.5,472.19,331.65,9183.4
53,1387,person,725.07,316.45,94.43,160.48,725.07,316.45,15153.73
54,1606,person,377.37,397.38,90.06,223.83,377.37,397.38,20158.79
54,1608,person,472.4,363.47,66.4,203.88,472.4,363.47,13537.59
54,1625,person,471.84,332.56,64.14,134.71,471.84,332.56,8640.39
54,1387,person,738.46,319.35,96.62,167.74,738.46,319.35,16208.05
55,1606,person,377.07,397.22,89.67,223.91,377.07,397.22,20079.41
55,1608,person,471.89,363.68,66.02,205.24,471.89,363.68,13548.98
55,1625,person,471.21,334.72,65.83,139.19,471.21,334.72,9162.49
55,1387,person,749.42,320.0,94.43,169.46,749.42,320.0,16001.47
55,1607,person,697.21,307.65,56.24,135.12,697.21,307.65,7598.82
56,1606,person,376.05,396.89,89.58,224.4,376.05,396.89,20102.12
56,1608,person,471.46,363.39,66.13,207.34,471.46,363.39,13710.91
56,1625,person,470.56,335.45,67.37,143.36,470.56,335.45,9658.37
56,1387,person,754.23,322.09,93.55,173.36,754.23,322.09,16218.27
56,1607,person,693.1,303.32,56.34,129.69,693.1,303.32,7306.46
57,1606,person,376.15,396.87,89.36,224.69,376.15,396.87,20077.76
57,1608,person,471.46,363.21,66.36,208.51,471.46,363.21,13837.92
57,1387,person,755.97,322.7,89.74,170.75,755.97,322.7,15322.32
57,1607,person,692.51,300.19,56.92,126.47,692.51,300.19,7198.76
58,1606,person,376.46,397.05,89.01,224.92,376.46,397.05,20019.91
58,1608,person,471.67,362.74,66.9,210.61,471.67,362.74,14090.83
58,1387,person,757.7,324.52,86.69,168.04,757.7,324.52,14568.05
58,1607,person,682.95,299.18,59.06,124.84,682.95,299.18,7373.1
58,1625,person,471.96,334.94,69.25,147.94,471.96,334.94,10245.25
59,1606,person,375.79,396.84,88.92,225.23,375.79,396.84,20027.88
59,1608,person,471.36,363.26,67.49,212.98,471.36,363.26,14373.07
59,1387,person,762.13,332.32,90.6,180.04,762.13,332.32,16310.99
59,1607,person,676.91,297.77,61.39,124.69,676.91,297.77,7654.54
60,1606,person,373.57,396.43,89.24,225.32,373.57,396.43,20107.94
60,1608,person,471.26,363.49,66.78,210.88,471.26,363.49,14082.41
60,1387,person,766.49,335.51,90.28,183.72,766.49,335.51,16585.46
60,1607,person,669.53,298.22,63.21,123.24,669.53,298.22,7789.53
61,1606,person,371.53,396.13,89.56,225.26,371.53,396.13,20173.78
61,1608,person,471.42,362.71,66.13,208.63,471.42,362.71,13796.8
61,1387,person,769.8,336.13,89.98,186.87,769.8,336.13,16814.59
61,1607,person,664.85,297.91,65.43,123.03,664.85,297.91,8050.31
62,1606,person,370.39,396.02,89.99,225.3,370.39,396.02,20273.61
62,1608,person,470.97,363.21,65.92,207.82,470.97,363.21,13699.23
62,1387,person,770.17,335.65,90.51,188.89,770.17,335.65,17096.46
62,1607,person,661.85,296.86,67.5,123.6,661.85,296.86,8343.08
62,1623,person,774.3,313.31,58.67,147.59,774.3,313.31,8658.64
63,1606,person,370.33,395.98,90.2,225.05,370.33,395.98,20298.65
63,1608,person,470.42,363.14,66.11,208.69,470.42,363.14,13795.4
63,1387,person,774.06,334.79,90.51,190.91,774.06,334.79,17278.67
63,1607,person,661.46,297.4,68.7,123.42,661.46,297.4,8478.85
63,1623,person,776.05,307.91,59.63,139.98,776.05,307.91,8347.09
64,1606,person,370.22,395.87,90.53,224.96,370.22,395.87,20365.24
64,1608,person,469.92,363.3,65.53,207.51,469.92,363.3,13598.67
64,1387,person,775.95,333.75,90.86,192.54,775.95,333.75,17493.5
64,1607,person,661.8,297.44,69.21,122.43,661.8,297.44,8473.9
64,1623,person,777.68,301.79,59.98,131.35,777.68,301.79,7878.98
65,1606,person,370.14,395.69,90.9,224.77,370.14,395.69,20432.49
65,1608,person,468.54,364.74,64.62,205.54,468.54,364.74,13282.76
65,1387,person,777.04,333.91,91.15,193.94,777.04,333.91,17676.99
65,1607,person,661.88,298.58,69.81,122.1,661.88,298.58,8523.6
66,1606,person,370.05,395.63,91.44,224.84,370.05,395.63,20559.58
66,1608,person,469.52,364.89,64.71,206.87,469.52,364.89,13386.06
66,1387,person,777.29,333.04,89.65,191.09,777.29,333.04,17131.74
66,1607,person,662.0,299.75,70.89,122.92,662.0,299.75,8713.65
66,1623,person,777.77,304.76,65.26,137.26,777.77,304.76,8958.08
67,1606,person,370.62,395.67,91.76,224.71,370.62,395.67,20618.91
67,1608,person,470.36,365.21,64.91,208.45,470.36,365.21,13530.75
67,1387,person,776.5,324.99,84.91,178.71,776.5,324.99,15173.57
67,1607,person,661.27,301.28,72.35,124.39,661.27,301.28,8998.71
68,1606,person,371.48,395.61,91.96,224.69,371.48,395.61,20662.8
68,1608,person,471.41,364.23,64.84,208.48,471.41,364.23,13517.74
68,1387,person,773.9,335.07,92.78,195.28,773.9,335.07,18117.1
68,1607,person,661.94,301.36,72.76,124.15,661.94,301.36,9032.83
69,1606,person,371.85,395.61,92.16,224.48,371.85,395.61,20688.6
69,1608,person,472.29,363.67,64.54,207.91,472.29,363.67,13418.79
69,1387,person,772.83,340.25,93.68,196.96,772.83,340.25,18450.77
69,1607,person,662.1,302.53,73.81,124.95,662.1,302.53,9222.51
70,1606,person,372.0,395.51,92.41,224.22,372.0,395.51,20719.61
70,1608,person,472.8,363.23,64.48,208.44,472.8,363.23,13440.56
70,1607,person,662.19,303.35,74.86,125.86,662.19,303.35,9422.49
71,1606,person,372.13,395.66,92.76,224.19,372.13,395.66,20795.52
71,1608,person,472.7,363.29,64.28,208.9,472.7,363.29,13428.96
71,1607,person,662.36,304.05,76.54,128.02,662.36,304.05,9798.98
72,1606,person,372.22,395.77,93.09,224.3,372.22,395.77,20880.48
72,1608,person,473.21,363.17,64.35,210.03,473.21,363.17,13515.05
73,1606,person,371.54,395.75,93.42,224.58,371.54,395.75,20979.82
73,1608,person,473.89,363.09,64.43,211.74,473.89,363.09,13642.26
73,1623,person,770.04,301.87,55.63,114.88,770.04,301.87,6390.82
74,1606,person,371.06,395.97,93.68,224.9,371.06,395.97,21068.37
74,1608,person,472.94,364.43,62.74,208.55,472.94,364.43,13085.13
75,1606,person,371.75,396.21,93.53,224.71,371.75,396.21,21018.55
75,1608,person,472.72,365.59,61.3,206.07,472.72,365.59,12632.84
75,1607,person,659.67,305.01,79.8,132.03,659.67,305.01,10535.94
76,1606,person,371.94,396.45,93.53,224.68,371.94,396.45,21014.76
76,1608,person,472.29,366.36,60.14,204.68,472.29,366.36,12308.95
76,1607,person,659.43,305.51,80.94,133.07,659.43,305.51,10771.03
76,1387,person,761.65,356.2,92.24,202.53,761.65,356.2,18681.04
77,1606,person,371.94,396.45,93.5,224.44,371.94,396.45,20984.44
77,1608,person,472.46,366.88,59.57,205.29,472.46,366.88,12229.8
77,1607,person,659.12,306.05,81.94,133.99,659.12,306.05,10979.32
77,1387,person,758.77,358.47,90.09,203.57,758.77,358.47,18339.74
78,1606,person,371.89,396.75,93.55,224.24,371.89,396.75,20978.87
78,1608,person,473.53,366.63,58.96,204.64,473.53,366.63,12065.17
78,1607,person,658.06,307.89,83.96,137.38,658.06,307.89,11534.5
78,1387,person,757.76,359.63,88.63,205.22,757.76,359.63,18188.69
79,1606,person,372.01,397.18,93.75,224.33,372.01,397.18,21030.76
79,1608,person,474.29,365.88,58.53,204.5,474.29,365.88,11968.56
79,1607,person,657.67,309.45,85.1,139.45,657.67,309.45,11866.83
79,1387,person,755.78,360.12,87.99,206.92,755.78,360.12,18206.87
80,1606,person,371.19,397.2,94.08,224.11,371.19,397.2,21083.84
80,1608,person,473.94,366.09,58.41,205.77,473.94,366.09,12018.19
80,1607,person,657.63,309.42,85.33,139.8,657.63,309.42,11928.72
80,1387,person,753.96,359.27,88.18,209.44,753.96,359.27,18468.14
81,1606,person,371.16,397.6,94.37,224.47,371.16,397.6,21182.62
81,1608,person,473.2,366.72,57.82,205.31,473.2,366.72,11869.84
81,1607,person,657.24,308.75,84.56,138.12,657.24,308.75,11679.07
81,1387,person,751.41,358.8,88.92,211.79,751.41,358.8,18833.0
82,1606,person,370.93,397.42,94.51,224.38,370.93,397.42,21206.22
82,1608,person,472.24,366.76,57.68,206.22,472.24,366.76,11894.37
82,1607,person,657.32,308.27,84.6,137.89,657.32,308.27,11665.6
82,1387,person,748.93,358.38,89.56,212.65,748.93,358.38,19044.22
83,1606,person,370.41,397.53,94.91,224.72,370.41,397.53,21329.42
83,1608,person,471.75,367.41,57.89,208.34,471.75,367.41,12060.47
83,1607,person,657.24,307.89,84.04,136.52,657.24,307.89,11472.3
83,1387,person,747.48,359.44,89.42,210.99,747.48,359.44,18866.5
84,1606,person,370.86,397.62,95.2,225.01,370.86,397.62,21421.21
84,1608,person,471.69,367.7,57.72,208.98,471.69,367.7,12062.38
84,1607,person,657.1,307.71,83.33,134.5,657.1,307.71,11207.94
84,1387,person,747.45,358.79,90.57,213.38,747.45,358.79,19326.48
85,1606,person,370.8,398.24,95.66,225.62,370.8,398.24,21583.92
85,1608,person,471.69,367.24,57.05,207.96,471.69,367.24,11863.93
85,1607,person,656.93,307.78,82.69,132.35,656.93,307.78,10943.8
85,1387,person,747.9,358.66,90.14,212.42,747.9,358.66,19146.53
86,1606,person,370.97,397.97,95.63,225.25,370.97,397.97,21539.67
86,1608,person,471.91,367.14,56.81,208.12,471.91,367.14,11823.71
86,1387,person,750.13,357.5,90.05,213.77,750.13,357.5,19250.21
87,1606,person,371.01,398.17,95.66,225.24,371.01,398.17,21547.04
87,1608,person,471.91,366.33,56.41,207.94,471.91,366.33,11729.84
87,1387,person,750.1,355.16,90.06,214.8,750.1,355.16,19344.83
88,1606,person,370.16,398.14,95.86,225.22,370.16,398.14,21590.24
88,1608,person,472.94,367.49,56.14,207.3,472.94,367.49,11637.6
88,1387,person,746.69,353.98,89.79,212.78,746.69,353.98,19106.46
88,1625,person,472.58,343.54,66.67,156.25,472.58,343.54,10417.93
89,1606,person,369.77,398.1,96.02,225.18,369.77,398.1,21622.02
89,1608,person,473.32,368.0,55.75,206.51,473.32,368.0,11513.56
89,1387,person,746.78,353.1,87.88,207.58,746.78,353.1,18242.5
89,1625,person,472.23,343.37,62.24,155.42,472.23,343.37,9674.02
90,1606,person,369.74,398.38,96.46,225.84,369.74,398.38,21783.73
90,1608,person,473.25,368.32,55.29,205.9,473.25,368.32,11383.1
90,1387,person,744.92,352.69,88.67,207.89,744.92,352.69,18434.74
90,1625,person,471.97,343.72,59.05,154.88,471.97,343.72,9146.14
91,1606,person,370.09,398.17,96.45,225.59,370.09,398.17,21757.86
91,1608,person,471.67,361.25,52.07,195.67,471.67,361.25,10188.9
91,1387,person,743.63,354.11,88.58,205.5,743.63,354.11,18204.32
92,1606,person,370.05,398.17,96.37,224.93,370.05,398.17,21676.6
92,1608,person,471.67,364.69,53.64,203.18,471.67,364.69,10898.52
92,1387,person,743.66,354.73,88.69,204.19,743.66,354.73,18109.22
92,1625,person,471.81,342.65,56.02,152.06,471.81,342.65,8518.9
93,1606,person,370.23,397.94,96.35,224.57,370.23,397.94,21638.29
93,1608,person,471.81,366.27,53.98,205.94,471.81,366.27,11116.35
93,1387,person,744.84,355.11,87.75,202.67,744.84,355.11,17784.07
93,1625,person,472.13,341.46,53.57,148.95,472.13,341.46,7979.15
94,1606,person,370.97,397.98,96.25,224.42,370.97,397.98,21600.04
94,1608,person,471.74,366.24,53.39,204.88,471.74,366.24,10937.92
94,1387,person,746.02,355.49,86.11,199.86,746.02,355.49,17210.32
94,1625,person,472.05,342.4,52.71,149.71,472.05,342.4,7891.67
95,1606,person,370.81,397.92,96.25,224.22,370.81,397.92,21580.36
95,1608,person,471.09,360.95,50.64,195.58,471.09,360.95,9904.78
95,1387,person,743.7,355.55,86.03,199.63,743.7,355.55,17174.13
95,1625,person,474.04,334.83,47.25,132.28,474.04,334.83,6249.7
96,1606,person,369.44,397.9,96.41,224.18,369.44,397.9,21613.62
96,1608,person,471.31,364.7,52.17,202.15,471.31,364.7,10545.09
96,1387,person,740.33,355.33,86.9,200.33,740.33,355.33,17408.53
96,1625,person,472.66,339.92,50.72,144.31,472.66,339.92,7318.83
97,1606,person,369.1,398.16,96.07,223.43,369.1,398.16,21464.93
97,1608,person,471.65,366.61,52.94,205.59,471.65,366.61,10884.72
97,1387,person,739.5,354.39,87.36,200.61,739.5,354.39,17524.67
97,1625,person,472.79,340.71,50.91,146.49,472.79,340.71,7457.53
98,1606,person,369.06,398.25,95.9,223.39,369.06,398.25,21423.46
98,1608,person,472.35,367.19,53.08,206.94,472.35,367.19,10983.64
98,1387,person,739.54,354.6,87.55,200.75,739.54,354.6,17576.78
98,1625,person,475.35,334.01,46.85,132.36,475.35,334.01,6201.09
99,1606,person,368.88,398.52,95.87,223.82,368.88,398.52,21458.09
99,1608,person,472.57,367.9,53.35,209.1,472.57,367.9,11156.03
99,1387,person,739.87,354.81,87.72,200.76,739.87,354.81,17610.95
99,1625,person,475.79,330.74,45.13,126.19,475.79,330.74,5695.07
100,1606,person,368.72,398.5,95.69,223.84,368.72,398.5,21419.14
100,1608,person,473.0,368.25,53.56,210.8,473.0,368.25,11289.79
100,1387,person,739.87,354.68,87.78,200.04,739.87,354.68,17558.89
100,1625,person,476.29,328.83,44.63,123.51,476.29,328.83,5512.47
101,1606,person,368.54,398.23,95.71,224.22,368.54,398.23,21459.84
101,1608,person,472.98,368.51,53.42,211.25,472.98,368.51,11285.72
101,1387,person,741.01,355.43,87.57,198.78,741.01,355.43,17407.59
101,1625,person,476.12,328.49,44.62,122.79,476.12,328.49,5478.46
102,1606,person,368.46,398.12,95.7,224.3,368.46,398.12,21466.7
102,1608,person,473.14,368.13,53.13,210.98,473.14,368.13,11209.97
102,1387,person,740.78,355.64,88.28,198.52,740.78,355.64,17525.21
102,1625,person,476.07,328.11,44.68,122.46,476.07,328.11,5471.74
103,1606,person,368.95,398.25,95.88,225.01,368.95,398.25,21573.47
103,1608,person,473.58,368.51,53.13,211.21,473.58,368.51,11220.85
103,1387,person,741.24,355.47,88.64,196.5,741.24,355.47,17416.4
103,1625,person,477.19,327.61,44.83,121.38,477.19,327.61,5442.07
104,1606,person,370.16,398.45,96.23,225.79,370.16,398.45,21727.74
104,1608,person,474.45,367.6,52.86,209.44,474.45,367.6,11070.04
104,1387,person,741.16,354.75,89.75,196.16,741.16,354.75,17604.95
104,1625,person,478.53,327.28,45.34,120.77,478.53,327.28,5475.34
105,1606,person,370.59,398.49,96.58,226.47,370.59,398.49,21871.53
105,1608,person,474.81,367.54,52.79,208.15,474.81,367.54,10989.15
105,1387,person,741.84,354.01,90.73,196.06,741.84,354.01,17788.94
105,1625,person,478.04,327.5,45.54,120.14,478.04,327.5,5471.15
106,1606,person,371.23,398.47,96.75,226.76,371.23,398.47,21938.75
106,1608,person,474.77,367.36,53.0,208.08,474.77,367.36,11028.73
106,1387,person,744.68,352.84,92.22,198.99,744.68,352.84,18351.01
106,1625,person,477.1,327.51,45.6,119.79,477.1,327.51,5461.93
107,1606,person,371.21,399.11,97.07,227.58,371.21,399.11,22091.64
107,1608,person,475.16,367.45,53.17,207.23,475.16,367.45,11018.36
107,1387,person,747.26,349.8,94.46,205.07,747.26,349.8,19370.93
107,1625,person,476.81,328.07,45.82,119.84,476.81,328.07,5491.34
108,1606,person,371.95,398.97,96.96,227.59,371.95,398.97,22066.78
108,1608,person,475.2,367.41,53.37,206.89,475.2,367.41,11041.39
108,1387,person,749.25,347.16,95.56,209.57,749.25,347.16,20025.51
108,1625,person,475.81,328.43,45.65,119.84,475.81,328.43,5471.15
109,1606,person,372.5,398.98,96.89,227.69,372.5,398.98,22060.51
109,1608,person,475.66,367.48,53.66,206.45,475.66,367.48,11077.71
109,1387,person,750.23,346.58,95.24,210.7,750.23,346.58,20067.4
109,1625,person,476.18,328.55,45.44,119.01,476.18,328.55,5408.3
110,1606,person,372.89,399.11,96.97,228.0,372.89,399.11,22109.53
110,1608,person,476.16,367.48,53.91,206.35,476.16,367.48,11123.91
110,1387,person,750.4,346.24,94.53,210.74,750.4,346.24,19920.45
110,1625,person,476.52,328.39,45.44,118.64,476.52,328.39,5391.51
111,1606,person,372.7,399.04,97.0,228.15,372.7,399.04,22128.98
111,1608,person,476.45,367.22,54.32,206.67,476.45,367.22,11226.9
111,1387,person,748.49,346.36,94.92,212.27,748.49,346.36,20147.76
111,1625,person,478.78,328.39,46.63,119.81,478.78,328.39,5587.25
112,1606,person,372.62,399.73,97.4,229.15,372.62,399.73,22318.03
112,1608,person,476.65,367.37,54.85,207.68,476.65,367.37,11392.3
112,1387,person,748.18,346.19,95.03,213.29,748.18,346.19,20269.13
113,1606,person,372.67,400.32,97.5,229.87,372.67,400.32,22412.61
113,1608,person,475.93,367.65,54.65,207.56,475.93,367.65,11344.36
113,1387,person,746.47,347.49,94.0,210.43,746.47,347.49,19780.16
113,1625,person,475.88,328.17,46.02,119.09,475.88,328.17,5480.1
114,1606,person,372.91,399.51,96.85,228.54,372.91,399.51,22133.31
114,1608,person,476.28,367.31,54.54,207.3,476.28,367.31,11305.46
114,1387,person,746.59,347.62,94.09,211.14,746.59,347.62,19865.92
114,1625,person,476.24,328.22,46.21,119.55,476.24,328.22,5525.0
115,1606,person,373.17,399.22,96.55,228.22,373.17,399.22,22033.38
115,1608,person,476.59,367.18,54.85,208.26,476.59,367.18,11422.01
115,1387,person,745.54,348.0,94.09,211.3,745.54,348.0,19880.84
116,1606,person,372.91,399.42,96.46,228.2,372.91,399.42,22011.67
116,1608,person,477.33,366.77,55.22,208.57,477.33,366.77,11516.88
116,1387,person,744.05,349.25,93.95,210.37,744.05,349.25,19764.63
116,1625,person,480.61,328.47,48.57,122.24,480.61,328.47,5936.91
117,1606,person,373.27,399.56,96.23,227.83,373.27,399.56,21924.72
117,1608,person,477.42,367.4,56.23,211.17,477.42,367.4,11874.86
117,1387,person,742.88,347.99,94.72,211.07,742.88,347.99,19993.41
118,1606,person,373.77,399.4,95.76,227.1,373.77,399.4,21748.3
118,1608,person,476.95,367.59,56.47,211.54,476.95,367.59,11946.7
118,1387,person,743.19,346.97,95.59,212.69,743.19,346.97,20331.05
119,1606,person,374.51,399.95,95.56,227.39,374.51,399.95,21729.62
119,1608,person,476.24,368.12,56.32,210.73,476.24,368.12,11869.13
119,1387,person,743.81,346.81,96.13,214.27,743.81,346.81,20598.01
119,1625,person,479.3,328.39,48.6,119.99,479.3,328.39,5831.53
120,1606,person,374.12,399.81,95.29,227.1,374.12,399.81,21638.93
120,1608,person,476.08,368.86,56.76,211.99,476.08,368.86,12032.4
120,1387,person,744.83,347.3,94.83,211.92,744.83,347.3,20095.56
120,1625,person,479.39,327.96,49.39,119.57,479.39,327.96,5905.65
121,1606,person,375.74,399.89,94.55,225.78,375.74,399.89,21347.57
121,1608,person,476.22,368.89,56.79,211.81,476.22,368.89,12028.2
121,1387,person,744.87,350.03,93.3,208.47,744.87,350.03,19450.37
121,1625,person,479.73,327.49,49.96,119.03,479.73,327.49,5946.92
122,1606,person,376.2,400.02,94.12,225.23,376.2,400.02,21198.23
122,1608,person,476.07,369.17,56.71,211.72,476.07,369.17,12005.97
122,1387,person,744.27,350.24,92.22,206.28,744.27,350.24,19022.94
123,1606,person,375.25,400.18,94.06,225.73,375.25,400.18,21230.99
123,1608,person,476.64,368.67,56.63,211.09,476.64,368.67,11954.45
123,1387,person,743.97,352.48,90.71,202.31,743.97,352.48,18352.66
123,1625,person,479.23,326.67,50.2,118.32,479.23,326.67,5939.65
124,1606,person,374.31,400.39,93.95,225.75,374.31,400.39,21210.21
124,1608,person,476.96,369.56,56.9,211.83,476.96,369.56,12052.78
124,1387,person,744.57,352.08,89.11,198.59,744.57,352.08,17696.55
124,1625,person,478.93,326.34,50.21,117.56,478.93,326.34,5903.17
125,1606,person,374.28,400.77,93.77,225.45,374.28,400.77,21141.34
125,1608,person,477.93,370.38,56.75,210.59,477.93,370.38,11951.09
125,1387,person,751.76,350.15,85.81,195.11,751.76,350.15,16742.83
125,1625,person,479.25,326.56,51.06,118.92,479.25,326.56,6072.0
126,1606,person,374.15,400.84,93.79,225.3,374.15,400.84,21131.36
126,1608,person,478.26,370.26,56.72,209.22,478.26,370.26,11867.25
126,1387,person,756.32,348.41,81.94,188.94,756.32,348.41,15481.51
126,1625,person,480.04,327.62,52.4,121.16,480.04,327.62,6348.7
127,1606,person,373.86,400.81,93.98,225.11,373.86,400.81,21155.95
127,1608,person,478.24,371.52,57.42,211.1,478.24,371.52,12121.05
127,1387,person,757.08,348.02,80.27,185.93,757.08,348.02,14924.09
127,1625,person,479.7,327.52,52.44,120.8,479.7,327.52,6334.09
128,1606,person,374.09,400.73,94.01,224.85,374.09,400.73,21138.98
128,1608,person,478.18,372.1,57.7,211.21,478.18,372.1,12187.61
128,1387,person,758.52,347.36,79.37,183.93,758.52,347.36,14599.6
128,1625,person,479.68,327.76,52.57,120.57,479.68,327.76,6338.06
129,1606,person,374.69,400.89,94.08,224.75,374.69,400.89,21144.79
129,1608,person,478.16,371.84,57.93,211.46,478.16,371.84,12249.24
129,1387,person,761.04,344.0,77.6,178.6,761.04,344.0,13859.5
129,1625,person,479.5,328.07,52.99,121.46,479.5,328.07,6436.12
130,1606,person,374.43,400.84,94.27,224.83,374.43,400.84,21194.85
130,1608,person,478.13,372.09,58.36,212.24,478.13,372.09,12385.99
130,1387,person,766.7,343.46,76.69,177.37,766.7,343.46,13601.95
130,1625,person,479.26,328.06,52.95,121.17,479.26,328.06,6416.54
131,1606,person,374.91,401.34,94.4,225.2,374.91,401.34,21259.24
131,1387,person,768.77,344.23,76.78,177.99,768.77,344.23,13665.8
131,1625,person,481.07,327.91,53.72,121.45,481.07,327.91,6524.15
132,1606,person,375.72,401.89,94.43,225.25,375.72,401.89,21271.21
132,1387,person,772.44,342.21,75.51,175.96,772.44,342.21,13286.52
133,1606,person,376.18,402.23,94.26,224.83,376.18,402.23,21193.21
133,1387,person,776.13,339.58,75.25,177.49,776.13,339.58,13355.1
134,1606,person,375.76,402.32,94.29,224.48,375.76,402.32,21165.6
134,1387,person,778.3,337.2,73.64,176.09,778.3,337.2,12967.79
135,1606,person,374.8,402.51,94.25,224.14,374.8,402.51,21125.12
135,1387,person,780.25,334.58,72.63,176.59,780.25,334.58,12825.74
135,1608,person,478.22,371.05,58.5,213.19,478.22,371.05,12470.69
136,1606,person,374.88,402.6,94.15,223.78,374.88,402.6,21069.45
136,1387,person,781.46,334.0,74.3,185.26,781.46,334.0,13764.81
136,1608,person,477.85,371.11,58.36,213.85,477.85,371.11,12480.17
137,1606,person,374.67,402.97,94.13,223.41,374.67,402.97,21028.96
137,1387,person,781.69,332.14,73.18,186.6,781.69,332.14,13654.4
138,1606,person,374.99,403.38,94.23,223.42,374.99,403.38,21052.75
138,1387,person,781.01,332.0,71.91,187.41,781.01,332.0,13476.89
139,1606,person,374.84,403.59,94.33,223.14,374.84,403.59,21048.71
139,1387,person,780.0,333.21,70.59,187.89,780.0,333.21,13263.46
140,1606,person,375.03,403.83,94.4,223.04,375.03,403.83,21056.24
141,1606,person,375.11,403.87,94.46,223.19,375.11,403.87,21082.07
141,1608,person,476.8,374.72,57.95,213.55,476.8,374.72,12374.65
141,1387,person,780.16,330.85,69.72,189.17,780.16,330.85,13188.92
142,1606,person,375.77,403.62,94.27,222.94,375.77,403.62,21016.84
142,1643,person,664.3,278.52,85.63,83.01,664.3,278.52,7107.69
142,1608,person,476.48,375.57,57.15,212.18,476.48,375.57,12125.82
142,1387,person,778.92,333.28,70.85,195.39,778.92,333.28,13842.93
143,1606,person,376.21,403.27,93.87,222.33,376.21,403.27,20871.04
143,1643,person,663.38,308.47,146.76,143.72,663.38,308.47,21093.24
143,1608,person,476.46,376.12,57.24,212.51,476.46,376.12,12165.11
143,1387,person,776.46,339.32,74.29,208.0,776.46,339.32,15453.27
144,1606,person,377.59,403.81,93.29,222.28,377.59,403.81,20736.81
144,1643,person,660.69,320.12,165.94,165.11,660.69,320.12,27397.79
144,1608,person,476.32,376.27,57.32,213.06,476.32,376.27,12213.24
144,1387,person,774.63,341.4,74.6,211.78,774.63,341.4,15798.67
145,1606,person,377.32,404.23,93.13,222.56,377.32,404.23,20728.05
145,1643,person,657.41,324.05,169.09,171.71,657.41,324.05,29033.71
145,1608,person,476.37,375.68,57.63,213.92,476.37,375.68,12327.86
145,1387,person,773.0,342.64,74.14,213.1,773.0,342.64,15798.49
146,1606,person,377.88,404.37,93.41,223.66,377.88,404.37,20893.17
146,1643,person,651.83,323.59,166.79,173.22,651.83,323.59,28891.73
146,1608,person,475.97,375.52,57.33,213.2,475.97,375.52,12222.78
146,1387,person,771.03,343.95,73.96,214.35,771.03,343.95,15853.53
147,1606,person,378.36,404.03,93.03,223.25,378.36,404.03,20769.34
147,1608,person,475.55,375.62,56.87,211.89,475.55,375.62,12049.62
147,1387,person,767.8,345.25,74.08,213.36,767.8,345.25,15805.83
148,1606,person,375.99,404.65,92.99,222.94,375.99,404.65,20730.77
148,1387,person,766.57,345.47,73.4,210.45,766.57,345.47,15446.49
148,1644,person,646.43,313.51,77.22,153.13,646.43,313.51,11824.76
149,1606,person,374.63,405.26,93.35,223.04,374.63,405.26,20821.9
149,1387,person,765.49,345.77,73.94,209.93,765.49,345.77,15521.98
149,1644,person,640.51,315.64,80.38,159.26,640.51,315.64,12802.5
150,1606,person,374.65,405.43,93.39,223.08,374.65,405.43,20834.28
150,1387,person,766.5,346.85,75.11,211.88,766.5,346.85,15914.7
150,1644,person,644.35,314.78,78.54,156.42,644.35,314.78,12284.78
151,1606,person,375.1,405.37,93.17,222.8,375.1,405.37,20757.95
151,1387,person,767.71,346.85,74.27,207.54,767.71,346.85,15414.77
151,1644,person,646.46,314.83,76.3,153.19,646.46,314.83,11688.14
152,1606,person,374.26,405.52,93.28,223.16,374.26,405.52,20815.04
152,1387,person,769.52,347.27,75.37,209.75,769.52,347.27,15809.29
152,1644,person,646.2,317.97,77.6,157.46,646.2,317.97,12218.34
152,1608,person,473.84,376.62,56.51,212.47,473.84,376.62,12005.82
153,1606,person,374.14,405.78,93.29,223.51,374.14,405.78,20852.26
153,1387,person,771.59,344.42,74.79,206.34,771.59,344.42,15431.08
153,1644,person,645.97,319.1,76.25,156.51,645.97,319.1,11934.92
153,1608,person,473.4,376.67,55.82,211.63,473.4,376.67,11813.14
154,1606,person,373.68,405.86,93.22,223.54,373.68,405.86,20837.32
154,1387,person,772.24,335.93,70.23,191.06,772.24,335.93,13418.82
154,1644,person,645.5,319.64,75.06,155.9,645.5,319.64,11702.41
154,1608,person,473.02,376.6,55.34,211.4,473.02,376.6,11699.11
155,1606,person,373.14,405.99,93.17,223.68,373.14,405.99,20839.59
155,1644,person,644.48,323.06,74.06,155.61,644.48,323.06,11524.81
156,1606,person,374.1,406.06,93.62,224.93,374.1,406.06,21058.2
156,1644,person,642.78,326.43,71.98,152.72,642.78,326.43,10993.38
156,1387,person,771.03,318.72,60.66,156.81,771.03,318.72,9512.13
156,1608,person,472.35,377.57,54.6,209.73,472.35,377.57,11450.87
157,1606,person,372.6,406.17,93.6,224.05,372.6,406.17,20971.94
157,1644,person,640.76,325.45,71.86,154.26,640.76,325.45,11084.76
157,1387,person,771.16,324.51,66.63,170.63,771.16,324.51,11368.82
157,1608,person,472.95,376.67,54.91,210.85,472.95,376.67,11576.78
158,1606,person,372.04,406.1,93.65,223.09,372.04,406.1,20893.16
158,1644,person,642.74,325.12,71.63,154.02,642.74,325.12,11032.25
158,1387,person,770.35,332.37,71.92,184.34,770.35,332.37,13258.82
158,1608,person,473.78,375.07,55.52,213.21,473.78,375.07,11836.86
159,1606,person,371.46,406.16,94.77,224.25,371.46,406.16,21251.92
159,1644,person,640.63,324.6,70.99,154.1,640.63,324.6,10939.61
159,1387,person,768.87,334.69,72.65,186.21,768.87,334.69,13528.1
159,1608,person,474.09,374.39,55.97,214.36,474.09,374.39,11998.61
160,1606,person,370.92,406.23,95.46,224.71,370.92,406.23,21451.32
160,1644,person,640.08,325.31,67.73,148.67,640.08,325.31,10070.31
160,1387,person,767.81,334.7,70.79,181.44,767.81,334.7,12844.93
160,1608,person,473.61,373.91,55.73,213.6,473.61,373.91,11903.99
160,1650,person,470.29,353.49,45.08,165.91,470.29,353.49,7479.71
161,1606,person,370.54,406.49,96.0,224.99,370.54,406.49,21598.5
161,1644,person,639.8,323.16,67.45,150.09,639.8,323.16,10124.08
161,1387,person,766.1,334.95,68.8,176.99,766.1,334.95,12177.26
161,1608,person,473.73,373.87,55.77,213.34,473.73,373.87,11896.83
161,1650,person,470.42,352.62,43.95,161.53,470.42,352.62,7099.33
162,1606,person,369.75,406.53,96.44,224.99,369.75,406.53,21697.05
162,1644,person,639.94,322.76,65.99,148.77,639.94,322.76,9818.05
162,1387,person,764.36,332.99,65.29,167.7,764.36,332.99,10949.01
162,1608,person,472.53,373.02,55.89,213.59,472.53,373.02,11937.39
162,1650,person,470.48,354.53,45.45,166.79,470.48,354.53,7580.81
163,1606,person,368.28,406.35,96.74,224.59,368.28,406.35,21727.08
163,1644,person,639.57,321.78,65.72,149.79,639.57,321.78,9844.49
163,1387,person,761.68,330.22,62.98,161.64,761.68,330.22,10180.75
163,1608,person,469.99,371.16,56.19,217.03,469.99,371.16,12195.11
163,1650,person,469.68,355.42,45.72,167.65,469.68,355.42,7664.68
164,1606,person,367.14,406.28,97.13,224.61,367.14,406.28,21816.03
164,1644,person,638.99,321.33,64.34,147.66,638.99,321.33,9500.56
164,1387,person,760.38,326.24,60.38,154.13,760.38,326.24,9307.3
164,1608,person,472.77,373.54,56.45,216.08,472.77,373.54,12198.75
164,1650,person,470.69,351.38,43.7,158.78,470.69,351.38,6939.43
165,1606,person,366.98,406.39,97.44,225.01,366.98,406.39,21924.7
165,1644,person,638.88,320.3,63.87,147.54,638.88,320.3,9423.92
165,1387,person,759.52,323.06,58.46,147.72,759.52,323.06,8636.25
165,1608,person,473.84,374.57,56.93,215.81,473.84,374.57,12286.92
165,1650,person,471.14,349.97,43.39,155.8,471.14,349.97,6759.57
166,1606,person,366.74,406.5,97.6,225.05,366.74,406.5,21965.87
166,1644,person,639.43,318.3,62.81,145.91,639.43,318.3,9164.4
166,1387,person,759.45,320.6,57.62,143.61,759.45,320.6,8274.16
166,1608,person,473.52,375.06,57.06,215.23,473.52,375.06,12281.47
166,1650,person,471.07,349.08,43.12,153.02,471.07,349.08,6598.41
167,1606,person,366.78,406.91,97.07,223.61,366.78,406.91,21706.02
167,1644,person,639.72,320.48,63.98,149.04,639.72,320.48,9536.05
167,1387,person,759.69,320.74,58.41,143.82,759.69,320.74,8400.3
167,1608,person,473.48,375.68,57.21,214.61,473.48,375.68,12278.39
167,1650,person,471.45,348.1,42.52,148.61,471.45,348.1,6318.89
168,1606,person,366.97,407.11,97.0,223.2,366.97,407.11,21651.46
168,1644,person,637.94,325.09,65.15,151.1,637.94,325.09,9844.09
168,1387,person,760.62,321.87,60.46,147.18,760.62,321.87,8898.04
168,1608,person,473.38,375.91,57.49,214.49,473.38,375.91,12332.35
168,1650,person,471.74,348.42,43.17,148.75,471.74,348.42,6421.0
169,1606,person,366.96,407.11,97.79,224.75,366.96,407.11,21979.09
169,1644,person,638.67,326.29,66.47,152.8,638.67,326.29,10155.75
169,1387,person,761.8,320.14,61.23,146.5,761.8,320.14,8969.88
169,1608,person,473.57,375.21,57.63,213.81,473.57,375.21,12322.95
169,1650,person,472.07,348.29,44.3,150.43,472.07,348.29,6664.31
170,1606,person,366.94,407.1,98.16,225.36,366.94,407.1,22120.39
170,1644,person,640.38,326.54,67.62,153.37,640.38,326.54,10371.53
170,1387,person,762.8,320.1,62.87,148.63,762.8,320.1,9344.09
170,1608,person,473.4,374.53,57.81,213.38,473.4,374.53,12335.55
170,1650,person,471.69,347.58,45.22,151.15,471.69,347.58,6835.48
171,1606,person,367.22,407.25,98.31,226.04,367.22,407.25,22221.89
171,1644,person,642.27,326.19,69.26,154.26,642.27,326.19,10684.9
171,1387,person,764.49,320.19,64.64,151.48,764.49,320.19,9792.15
171,1608,person,473.23,374.03,58.19,213.53,473.23,374.03,12426.11
171,1650,person,470.94,349.39,47.32,156.46,470.94,349.39,7403.75
172,1606,person,367.24,407.39,98.16,225.99,367.24,407.39,22184.36
172,1644,person,643.89,326.06,69.91,153.05,643.89,326.06,10699.25
172,1387,person,766.62,320.19,67.74,158.89,766.62,320.19,10763.49
172,1608,person,472.69,374.35,58.15,212.47,472.69,374.35,12355.07
172,1650,person,470.38,349.88,47.3,154.66,470.38,349.88,7314.72
173,1606,person,366.89,407.46,98.2,225.79,366.89,407.46,22173.22
173,1644,person,644.04,325.82,70.82,153.03,644.04,325.82,10837.44
173,1387,person,767.91,326.02,71.6,169.71,767.91,326.02,12151.87
173,1608,person,472.27,374.37,57.75,210.43,472.27,374.37,12152.59
173,1650,person,469.8,351.2,47.86,155.12,469.8,351.2,7424.02
174,1606,person,366.76,407.72,98.39,225.75,366.76,407.72,22210.73
174,1644,person,642.64,324.48,70.54,151.47,642.64,324.48,10684.73
174,1387,person,769.42,325.45,70.43,168.22,769.42,325.45,11848.21
174,1608,person,472.26,374.39,57.8,209.67,472.26,374.39,12118.57
174,1650,person,469.54,353.46,48.8,156.98,469.54,353.46,7660.78
175,1606,person,367.05,407.93,98.64,226.12,367.05,407.93,22305.19
175,1644,person,641.18,323.6,69.94,149.88,641.18,323.6,10482.41
175,1387,person,770.2,325.52,70.34,169.14,770.2,325.52,11897.72
175,1608,person,472.12,374.53,58.05,209.49,472.12,374.53,12160.57
175,1650,person,469.42,353.44,48.99,156.09,469.42,353.44,7647.57
176,1606,person,367.77,408.09,98.74,226.52,367.77,408.09,22367.05
176,1644,person,639.55,324.68,70.5,151.67,639.55,324.68,10693.17
176,1387,person,770.03,325.0,69.52,167.61,770.03,325.0,11652.43
176,1608,person,470.23,375.12,57.78,208.38,470.23,375.12,12041.12
176,1650,person,468.76,354.64,49.29,156.68,468.76,354.64,7722.95
177,1606,person,368.33,408.21,98.64,226.65,368.33,408.21,22357.33
177,1644,person,638.07,324.88,70.01,151.92,638.07,324.88,10635.49
177,1387,person,769.49,324.15,68.93,166.07,769.49,324.15,11447.7
177,1608,person,469.78,375.97,57.76,208.39,469.78,375.97,12035.98
177,1650,person,470.0,352.81,49.11,154.95,470.0,352.81,7609.89
178,1606,person,368.71,408.03,97.71,224.97,368.71,408.03,21981.52
178,1644,person,637.24,315.14,60.26,129.78,637.24,315.14,7820.08
178,1387,person,769.0,324.09,68.36,164.68,769.0,324.09,11258.04
178,1608,person,469.46,376.19,57.79,209.25,469.46,376.19,12091.49
178,1650,person,470.15,352.43,49.69,156.34,470.15,352.43,7769.19
179,1606,person,368.95,407.79,97.01,224.09,368.95,407.79,21738.33
179,1644,person,637.49,321.76,67.85,148.09,637.49,321.76,10047.44
179,1387,person,768.33,324.32,68.32,164.27,768.33,324.32,11222.57
179,1608,person,469.1,375.89,57.7,209.67,469.1,375.89,12097.91
179,1650,person,470.31,351.44,49.53,155.12,470.31,351.44,7683.05
180,1606,person,369.05,407.97,96.59,223.82,369.05,407.97,21619.66
180,1644,person,637.63,323.81,69.35,153.23,637.63,323.81,10625.78
180,1387,person,768.16,324.09,67.88,162.87,768.16,324.09,11054.78
180,1608,person,468.78,376.38,57.24,208.38,468.78,376.38,11926.78
180,1650,person,470.39,352.76,50.27,157.19,470.39,352.76,7902.62
181,1606,person,369.23,407.8,96.03,223.61,369.23,407.8,21474.04
181,1644,person,637.3,318.34,64.55,143.49,637.3,318.34,9261.83
181,1387,person,766.29,322.24,66.57,158.3,766.29,322.24,10537.12
181,1608,person,468.11,376.62,57.05,207.91,468.11,376.62,11860.88
181,1650,person,470.36,351.69,49.64,154.84,470.36,351.69,7685.91
182,1606,person,367.58,407.7,95.83,223.21,367.58,407.7,21390.66
182,1644,person,637.32,315.21,61.98,138.58,637.32,315.21,8589.54
182,1387,person,765.18,321.85,66.43,156.6,765.18,321.85,10403.8
182,1608,person,469.79,376.58,57.55,209.42,469.79,376.58,12053.22
182,1650,person,470.63,349.37,49.16,152.22,470.63,349.37,7482.82
183,1606,person,364.96,407.86,96.43,223.55,364.96,407.86,21556.69
183,1644,person,637.44,316.47,61.48,138.49,637.44,316.47,8514.12
183,1387,person,761.46,321.43,66.6,153.76,761.46,321.43,10240.77
183,1608,person,468.22,376.48,57.37,208.7,468.22,376.48,11973.17
183,1650,person,470.44,349.38,49.49,152.42,470.44,349.38,7544.14
184,1606,person,364.01,407.63,96.92,223.86,364.01,407.63,21696.23
184,1644,person,637.29,319.02,60.52,137.38,637.29,319.02,8314.67
184,1387,person,759.09,323.45,68.5,154.86,759.09,323.45,10607.56
184,1608,person,467.65,376.17,57.21,208.02,467.65,376.17,11901.79
184,1650,person,470.06,351.38,50.98,156.79,470.06,351.38,7993.72
185,1606,person,364.53,407.83,97.39,224.78,364.53,407.83,21890.02
185,1644,person,637.75,320.04,60.25,137.9,637.75,320.04,8308.85
185,1387,person,757.47,322.95,68.58,152.31,757.47,322.95,10445.42
185,1608,person,467.2,376.6,56.94,206.86,467.2,376.6,11778.11
185,1650,person,469.75,350.9,50.29,153.41,469.75,350.9,7714.27
186,1606,person,364.44,407.85,97.91,225.47,364.44,407.85,22076.13
186,1644,person,638.01,320.05,59.63,137.49,638.01,320.05,8199.03
186,1387,person,755.32,323.01,69.2,151.62,755.32,323.01,10491.37
186,1608,person,468.23,375.96,57.19,207.54,468.23,375.96,11868.7
186,1650,person,468.39,350.85,50.7,154.29,468.39,350.85,7822.74
187,1606,person,363.76,407.73,98.58,226.27,363.76,407.73,22305.53
187,1644,person,638.82,318.41,60.06,139.97,638.82,318.41,8406.02
187,1387,person,753.16,323.5,70.18,151.73,753.16,323.5,10648.65
187,1608,person,467.04,375.96,57.05,206.6,467.04,375.96,11787.3
187,1650,person,467.84,351.33,50.67,153.73,467.84,351.33,7789.79
188,1606,person,362.06,407.54,98.98,226.59,362.06,407.54,22428.07
188,1644,person,639.0,316.98,59.26,139.57,639.0,316.98,8271.13
188,1387,person,752.25,323.47,71.16,152.24,752.25,323.47,10833.49
188,1608,person,466.39,376.07,57.13,206.23,466.39,376.07,11781.8
188,1650,person,467.6,351.61,51.0,154.01,467.6,351.61,7855.1
189,1606,person,360.42,407.54,99.43,227.24,360.42,407.54,22593.89
189,1644,person,639.14,316.9,59.07,140.63,639.14,316.9,8306.99
189,1387,person,752.28,323.39,71.91,152.64,752.28,323.39,10976.35
189,1608,person,465.69,376.13,57.39,206.28,465.69,376.13,11839.09
189,1650,person,467.31,352.49,51.88,156.12,467.31,352.49,8099.61
190,1606,person,359.8,407.47,100.27,228.31,359.8,407.47,22892.84
190,1644,person,639.38,317.41,58.59,140.83,639.38,317.41,8251.23
190,1387,person,753.01,323.98,73.43,154.37,753.01,323.98,11335.87
190,1608,person,465.7,376.36,57.67,206.5,465.7,376.36,11909.68
190,1650,person,467.48,352.81,52.1,156.1,467.48,352.81,8133.06
191,1606,person,359.76,407.46,101.18,228.99,359.76,407.46,23169.14
191,1644,person,639.62,316.64,58.16,141.0,639.62,316.64,8200.11
191,1387,person,753.31,323.22,73.85,154.13,753.31,323.22,11381.9
191,1608,person,465.66,376.31,57.97,207.11,465.66,376.31,12005.93
191,1650,person,467.39,354.24,52.92,158.62,467.39,354.24,8393.97
192,1606,person,359.1,407.44,101.78,229.29,359.1,407.44,23336.94
192,1644,person,640.59,318.19,60.46,148.38,640.59,318.19,8971.82
192,1387,person,753.83,323.01,73.88,153.07,753.83,323.01,11308.3
192,1608,person,467.31,376.5,58.18,208.01,467.31,376.5,12102.54
192,1650,person,467.52,353.35,52.33,156.63,467.52,353.35,8196.23
193,1606,person,359.16,407.28,102.31,229.29,359.16,407.28,23459.37
193,1644,person,640.57,315.65,57.33,141.1,640.57,315.65,8089.18
193,1387,person,754.08,323.3,75.75,156.25,754.08,323.3,11835.86
193,1608,person,466.06,376.55,58.21,207.86,466.06,376.55,12099.09
193,1650,person,468.03,351.39,51.86,154.42,468.03,351.39,8008.61
194,1606,person,359.58,407.42,103.33,229.96,359.58,407.42,23762.24
194,1644,person,640.63,314.2,53.96,132.37,640.63,314.2,7142.25
194,1387,person,755.38,322.31,75.75,156.07,755.38,322.31,11823.01
194,1608,person,465.37,377.29,58.14,207.38,465.37,377.29,12057.36
194,1650,person,468.22,350.04,51.02,151.01,468.22,350.04,7703.79
195,1606,person,359.32,407.48,103.97,230.04,359.32,407.48,23917.18
195,1644,person,640.75,313.28,53.89,131.99,640.75,313.28,7112.58
195,1387,person,755.17,321.57,75.98,155.86,755.17,321.57,11843.36
195,1608,person,464.78,377.7,57.69,205.76,464.78,377.7,11871.06
195,1650,person,467.86,350.54,50.88,150.3,467.86,350.54,7647.49
196,1606,person,359.36,407.42,104.65,229.85,359.36,407.42,24053.08
196,1644,person,641.21,316.34,58.2,143.6,641.21,316.34,8357.77
196,1387,person,754.86,321.82,77.8,158.9,754.86,321.82,12361.81
196,1608,person,464.23,377.8,57.69,205.75,464.23,377.8,11869.59
196,1650,person,467.4,352.46,51.93,153.84,467.4,352.46,7989.14
197,1606,person,359.26,407.17,105.43,229.74,359.26,407.17,24220.78
197,1644,person,641.18,315.62,58.2,143.93,641.18,315.62,8376.45
197,1387,person,754.54,321.15,78.33,158.79,754.54,321.15,12438.13
197,1608,person,464.12,377.51,57.65,205.41,464.12,377.51,11841.7
198,1606,person,359.4,407.18,106.38,229.98,359.4,407.18,24464.48
198,1644,person,641.02,316.16,58.71,145.54,641.02,316.16,8544.49
198,1387,person,754.62,320.3,78.35,157.88,754.62,320.3,12370.4
198,1608,person,463.93,377.46,57.6,204.95,463.93,377.46,11804.69
199,1606,person,358.99,407.2,106.89,229.65,358.99,407.2,24547.62
199,1644,person,640.64,317.47,59.64,148.23,640.64,317.47,8840.28
199,1387,person,755.59,319.37,78.0,157.06,755.59,319.37,12251.4
199,1608,person,463.74,377.15,57.7,205.03,463.74,377.15,11829.39
199,1650,person,466.67,355.4,53.86,160.66,466.67,355.4,8653.42
200,1606,person,358.97,407.03,107.55,229.71,358.97,407.03,24706.13
200,1644,person,640.92,317.25,59.74,148.65,640.92,317.25,8879.59
200,1387,person,754.92,319.93,79.04,158.4,754.92,319.93,12519.88
200,1608,person,463.94,376.59,57.82,205.14,463.94,376.59,11861.72
201,1606,person,359.31,406.92,108.29,229.82,359.31,406.92,24887.28
201,1644,person,641.21,315.91,59.01,146.72,641.21,315.91,8657.4
201,1387,person,754.92,320.44,79.54,158.7,754.92,320.44,12622.81
201,1608,person,463.85,377.04,57.84,204.84,463.85,377.04,11849.04
202,1606,person,358.66,407.09,108.82,230.53,358.66,407.09,25084.8
202,1644,person,641.21,318.25,61.09,152.09,641.21,318.25,9290.85
202,1387,person,756.28,320.71,79.1,157.37,756.28,320.71,12447.18
202,1608,person,463.92,376.26,57.77,204.28,463.92,376.26,11802.34
203,1606,person,358.23,407.04,109.2,231.09,358.23,407.04,25235.17
203,1644,person,640.67,319.39,62.57,154.26,640.67,319.39,9652.59
203,1387,person,756.39,320.52,78.45,155.76,756.39,320.52,12218.91
203,1608,person,463.78,375.8,57.81,203.78,463.78,375.8,11780.05
204,1606,person,357.81,407.01,109.28,231.1,357.81,407.01,25255.65
204,1644,person,639.54,319.27,62.8,151.12,639.54,319.27,9490.7
204,1387,person,755.64,322.82,80.14,158.75,755.64,322.82,12722.85
204,1608,person,464.1,375.02,58.14,204.01,464.1,375.02,11860.38
205,1606,person,357.01,406.73,109.23,230.74,357.01,406.73,25202.43
205,1644,person,640.85,320.69,65.33,151.99,640.85,320.69,9929.72
205,1387,person,755.78,323.71,80.96,160.03,755.78,323.71,12955.81
205,1608,person,464.4,375.02,58.38,203.91,464.4,375.02,11904.99
206,1606,person,356.63,406.75,109.34,230.77,356.63,406.75,25232.86
206,1644,person,641.45,321.59,68.56,154.26,641.45,321.59,10576.71
206,1387,person,755.93,323.89,80.48,158.69,755.93,323.89,12772.01
206,1608,person,463.91,375.71,58.37,202.88,463.91,375.71,11842.74
207,1606,person,356.0,406.8,109.13,230.56,356.0,406.8,25161.18
207,1644,person,640.49,322.27,72.0,155.45,640.49,322.27,11193.48
207,1387,person,755.91,323.93,79.92,156.99,755.91,323.93,12546.65
207,1608,person,463.1,377.18,58.56,203.04,463.1,377.18,11890.8
208,1606,person,356.03,407.11,109.14,231.11,356.03,407.11,25221.99
208,1644,person,639.72,323.37,74.88,155.29,639.72,323.37,11628.45
208,1387,person,755.7,323.79,79.64,155.42,755.7,323.79,12376.95
208,1608,person,462.41,377.84,58.54,202.24,462.41,377.84,11839.69
208,1650,person,458.12,361.71,54.5,163.35,458.12,361.71,8902.68
209,1606,person,356.66,407.28,108.91,230.79,356.66,407.28,25134.46
209,1644,person,639.2,324.63,76.94,153.65,639.2,324.63,11821.1
209,1387,person,755.67,323.44,80.45,156.2,755.67,323.44,12566.06
209,1608,person,462.82,377.99,59.68,202.43,462.82,377.99,12080.54
209,1650,person,458.92,355.75,53.34,153.47,458.92,355.75,8186.69
210,1606,person,357.52,407.29,108.98,230.69,357.52,407.29,25140.88
210,1644,person,639.34,323.79,80.29,156.01,639.34,323.79,12526.68
210,1387,person,755.27,322.67,81.41,157.74,755.27,322.67,12841.45
210,1608,person,461.79,374.33,58.03,193.25,461.79,374.33,11215.12
210,1650,person,455.47,353.53,51.42,147.26,455.47,353.53,7571.38
211,1606,person,358.07,407.05,109.4,230.83,358.07,407.05,25253.3
211,1644,person,638.56,324.74,82.3,155.77,638.56,324.74,12819.3
211,1387,person,755.2,323.37,82.73,160.4,755.2,323.37,13269.14
211,1608,person,458.51,372.65,55.16,182.75,458.51,372.65,10079.96
211,1650,person,453.57,352.65,49.2,141.34,453.57,352.65,6953.98
212,1606,person,358.88,407.17,110.22,231.91,358.88,407.17,25560.65
212,1644,person,637.99,324.91,85.51,157.74,637.99,324.91,13488.26
212,1387,person,755.1,323.98,82.07,159.8,755.1,323.98,13115.7
212,1650,person,452.36,352.41,48.42,139.52,452.36,352.41,6755.04
213,1606,person,358.55,407.24,110.04,231.03,358.55,407.24,25422.21
213,1644,person,637.87,324.95,87.45,157.82,637.87,324.95,13802.05
213,1387,person,752.36,324.56,82.23,159.84,752.36,324.56,13142.84
213,1650,person,452.0,352.59,47.46,136.97,452.0,352.59,6500.24
214,1606,person,358.22,407.43,110.43,231.9,358.22,407.43,25609.73
214,1644,person,638.71,325.76,89.55,158.21,638.71,325.76,14168.2
214,1387,person,751.56,324.94,82.07,159.39,751.56,324.94,13080.79
214,1650,person,452.08,353.1,46.31,133.14,452.08,353.1,6165.85
215,1606,person,357.98,407.78,109.64,230.13,357.98,407.78,25230.38
215,1644,person,639.42,326.11,91.6,158.7,639.42,326.11,14537.74
215,1387,person,753.21,323.97,81.83,159.56,753.21,323.97,13056.82
215,1650,person,452.02,354.44,45.28,129.51,452.02,354.44,5864.43
216,1606,person,357.38,407.83,109.31,229.78,357.38,407.83,25117.73
216,1644,person,640.04,326.9,92.43,157.27,640.04,326.9,14536.93
216,1387,person,754.63,322.63,82.47,161.51,754.63,322.63,13319.9
216,1650,person,451.72,354.39,45.03,128.46,451.72,354.39,5785.03
217,1606,person,357.81,407.98,109.2,230.02,357.81,407.98,25119.38
217,1644,person,641.22,326.93,92.46,156.51,641.22,326.93,14471.45
217,1387,person,755.9,323.32,83.55,165.0,755.9,323.32,13786.43
217,1650,person,452.46,354.22,45.51,128.3,452.46,354.22,5838.59
218,1606,person,357.86,407.97,108.64,229.64,357.86,407.97,24948.75
218,1644,person,642.38,326.1,92.06,156.2,642.38,326.1,14380.42
218,1387,person,759.11,323.25,83.5,166.42,759.11,323.25,13895.68
218,1650,person,452.64,354.8,45.77,127.28,452.64,354.8,5825.56
219,1606,person,357.97,408.38,107.98,229.48,357.97,408.38,24780.24
219,1644,person,643.7,326.13,90.68,154.17,643.7,326.13,13980.45
219,1387,person,762.63,323.35,83.75,169.61,762.63,323.35,14204.34
219,1650,person,453.0,355.37,46.08,126.22,453.0,355.37,5816.16
220,1606,person,358.56,408.6,107.2,229.1,358.56,408.6,24559.7
220,1644,person,645.08,324.28,91.27,156.16,645.08,324.28,14252.62
220,1387,person,766.26,320.17,82.37,170.51,766.26,320.17,14045.2
221,1606,person,358.69,408.77,106.66,228.89,358.69,408.77,24413.57
221,1644,person,646.86,324.27,89.99,155.23,646.86,324.27,13968.78
221,1387,person,767.91,319.05,81.99,173.06,767.91,319.05,14189.82
221,1650,person,454.12,352.75,47.38,127.66,454.12,352.75,6048.27
222,1606,person,359.42,408.55,106.41,228.92,359.42,408.55,24358.57
222,1644,person,648.58,323.87,89.55,156.07,648.58,323.87,13975.78
222,1387,person,769.71,317.01,79.58,171.52,769.71,317.01,13648.88
222,1650,person,454.64,350.59,49.04,130.48,454.64,350.59,6398.8
223,1606,person,359.79,408.33,106.76,229.26,359.79,408.33,24476.47
223,1644,person,649.81,324.75,89.56,157.7,649.81,324.75,14123.83
223,1387,person,772.09,316.67,77.37,171.23,772.09,316.67,13248.62
223,1650,person,456.49,349.0,49.93,131.93,456.49,349.0,6587.08
224,1606,person,359.37,408.36,106.53,228.38,359.37,408.36,24329.13
224,1644,person,651.43,325.48,88.65,157.35,651.43,325.48,13949.34
224,1387,person,776.43,316.08,73.08,167.84,776.43,316.08,12265.64
224,1650,person,459.82,344.59,52.16,138.07,459.82,344.59,7201.86
225,1606,person,357.87,408.1,106.47,227.31,357.87,408.1,24201.23
225,1644,person,653.23,326.81,86.83,154.99,653.23,326.81,13458.0
225,1387,person,778.3,316.27,70.27,167.2,778.3,316.27,11749.39
226,1606,person,356.78,407.88,107.03,226.31,356.78,407.88,24222.5
226,1644,person,656.49,330.13,83.31,148.71,656.49,330.13,12388.08
226,1387,person,775.52,317.0,68.95,167.03,775.52,317.0,11515.97
227,1606,person,355.91,408.03,107.95,226.25,355.91,408.03,24424.22
227,1644,person,659.34,331.48,82.64,146.81,659.34,331.48,12132.12
227,1387,person,774.24,319.88,68.96,169.98,774.24,319.88,11721.24
228,1606,person,355.46,408.01,108.95,226.2,355.46,408.01,24644.38
228,1644,person,661.52,333.04,81.57,143.73,661.52,333.04,11724.31
228,1387,person,772.7,327.25,72.29,181.32,772.7,327.25,13107.18
229,1606,person,355.36,407.8,110.08,226.21,355.36,407.8,24900.28
229,1644,person,665.05,331.89,84.03,147.22,665.05,331.89,12371.43
229,1387,person,771.49,322.2,68.27,171.04,771.49,322.2,11676.55
230,1606,person,356.27,407.86,111.44,226.87,356.27,407.86,25282.28
230,1644,person,667.55,332.57,85.05,147.83,667.55,332.57,12573.48
230,1387,person,769.54,319.82,66.65,165.37,769.54,319.82,11022.58
231,1606,person,356.29,407.84,112.22,227.0,356.29,407.84,25473.93
231,1644,person,668.1,336.85,81.6,139.49,668.1,336.85,11382.13
231,1387,person,767.39,319.98,67.68,165.59,767.39,319.98,11207.02
231,1652,person,485.26,329.07,92.04,167.71,485.26,329.07,15435.3
232,1606,person,356.68,407.86,112.89,227.15,356.68,407.86,25644.03
232,1644,person,668.26,339.84,79.07,132.6,668.26,339.84,10485.46
232,1387,person,766.89,323.13,70.46,170.76,766.89,323.13,12031.95
232,1652,person,482.62,331.69,85.72,156.5,482.62,331.69,13415.94
233,1606,person,357.59,408.07,113.77,227.63,357.59,408.07,25898.01
233,1644,person,668.83,342.77,76.75,126.13,668.83,342.77,9681.13
233,1387,person,767.58,320.22,68.82,162.83,767.58,320.22,11205.63
233,1652,person,484.88,334.4,85.36,156.33,484.88,334.4,13344.35
234,1606,person,357.76,408.08,114.44,228.0,357.76,408.08,26091.62
234,1644,person,669.95,343.63,77.7,125.0,669.95,343.63,9712.09
234,1387,person,768.29,319.6,69.63,161.38,768.29,319.6,11236.79
234,1652,person,486.61,332.27,87.71,161.4,486.61,332.27,14156.21
235,1606,person,357.61,408.2,114.97,228.34,357.61,408.2,26250.77
235,1644,person,670.66,342.47,80.78,127.85,670.66,342.47,10327.74
235,1387,person,765.11,327.22,77.16,176.14,765.11,327.22,13590.85
235,1652,person,491.15,334.29,85.36,157.77,491.15,334.29,13467.3
236,1606,person,357.69,408.06,115.25,228.16,357.69,408.06,26295.61
236,1644,person,670.52,338.22,86.98,136.91,670.52,338.22,11908.01
236,1387,person,764.1,330.5,81.16,182.97,764.1,330.5,14850.6
236,1652,person,490.85,334.21,85.38,159.69,490.85,334.21,13634.5
237,1606,person,358.01,407.94,115.37,227.76,358.01,407.94,26277.49
237,1644,person,670.82,342.21,82.83,128.02,670.82,342.21,10603.66
237,1387,person,763.43,332.48,83.41,185.84,763.43,332.48,15501.47
238,1606,person,358.29,407.92,115.64,227.66,358.29,407.92,26326.8
238,1644,person,671.01,342.67,83.64,127.35,671.01,342.67,10652.42
238,1387,person,762.83,335.29,85.42,189.65,762.83,335.29,16199.21
238,1652,person,500.37,330.53,85.44,162.23,500.37,330.53,13860.22
239,1606,person,358.37,407.82,116.03,228.01,358.37,407.82,26455.98
239,1644,person,670.7,342.67,84.7,127.0,670.7,342.67,10757.63
239,1387,person,764.6,337.83,86.24,192.52,764.6,337.83,16602.6
239,1652,person,504.9,323.38,85.96,166.25,504.9,323.38,14291.74
240,1606,person,358.2,407.94,116.4,228.39,358.2,407.94,26585.95
240,1644,person,670.47,343.71,84.67,124.76,670.47,343.71,10563.27
240,1387,person,762.86,339.42,86.9,194.12,762.86,339.42,16868.48
240,1652,person,507.05,319.7,84.78,166.56,507.05,319.7,14121.5
241,1606,person,358.45,408.28,116.74,228.61,358.45,408.28,26688.06
241,1644,person,670.8,339.03,90.1,131.98,670.8,339.03,11890.79
241,1387,person,762.94,341.35,85.42,191.83,762.94,341.35,16386.4
241,1652,person,509.27,320.04,88.54,175.32,509.27,320.04,15522.71
242,1606,person,358.78,408.4,117.06,228.58,358.78,408.4,26757.58
242,1644,person,669.91,338.87,89.95,130.3,669.91,338.87,11720.44
242,1387,person,762.56,341.86,84.0,188.92,762.56,341.86,15868.5
242,1652,person,509.67,320.85,89.73,178.91,509.67,320.85,16052.84
243,1606,person,359.09,408.57,117.55,228.79,359.09,408.57,26894.0
243,1644,person,668.63,337.77,90.81,130.44,668.63,337.77,11844.67
243,1387,person,761.6,341.04,83.77,188.16,761.6,341.04,15763.08
243,1652,person,512.17,321.06,89.55,178.57,512.17,321.06,15990.62
244,1606,person,359.53,408.69,118.02,228.91,359.53,408.69,27016.92
244,1644,person,667.15,338.78,90.87,129.56,667.15,338.78,11772.82
244,1387,person,760.12,341.12,83.88,187.94,760.12,341.12,15765.52
244,1652,person,514.42,321.06,89.07,177.35,514.42,321.06,15796.52
245,1606,person,359.41,408.64,118.31,228.62,359.41,408.64,27046.37
245,1644,person,664.63,337.56,93.96,133.4,664.63,337.56,12533.69
245,1387,person,758.71,341.79,85.15,190.51,758.71,341.79,16222.66
245,1652,person,514.17,322.21,87.97,177.0,514.17,322.21,15570.04
246,1606,person,359.16,408.86,118.76,228.91,359.16,408.86,27185.39
246,1644,person,660.2,335.61,95.39,133.81,660.2,335.61,12763.81
246,1387,person,757.51,342.26,86.2,191.54,757.51,342.26,16511.18
246,1652,person,513.95,322.57,85.82,175.74,513.95,322.57,15082.0
247,1606,person,358.87,409.04,119.25,229.46,358.87,409.04,27362.24
247,1644,person,658.59,333.85,98.24,136.66,658.59,333.85,13424.85
247,1387,person,756.04,342.84,87.29,192.47,756.04,342.84,16799.58
248,1606,person,358.43,408.94,119.45,229.72,358.43,408.94,27441.59
248,1644,person,656.01,329.64,101.61,141.51,656.01,329.64,14379.71
248,1387,person,754.71,342.21,87.95,190.76,754.71,342.21,16777.3
248,1652,person,519.85,318.54,83.85,171.28,519.85,318.54,14362.22
249,1606,person,358.65,408.96,119.7,229.9,358.65,408.96,27519.29
249,1644,person,650.35,326.76,102.99,142.35,650.35,326.76,14661.0
249,1387,person,755.24,342.65,89.38,191.25,755.24,342.65,17093.67
250,1606,person,358.39,409.1,119.8,229.83,358.39,409.1,27532.89
250,1644,person,641.53,324.31,106.04,146.64,641.53,324.31,15550.13
250,1387,person,757.15,344.88,92.2,196.41,757.15,344.88,18108.0
251,1606,person,358.1,409.17,119.9,229.86,358.1,409.17,27559.73
251,1644,person,636.14,323.28,105.4,145.46,636.14,323.28,15332.57
251,1387,person,761.48,349.24,96.89,208.7,761.48,349.24,20221.5
252,1606,person,357.45,409.46,120.04,230.37,357.45,409.46,27652.71
252,1644,person,631.32,318.16,102.06,139.63,631.32,318.16,14251.01
253,1606,person,357.2,409.92,119.84,230.33,357.2,409.92,27603.46
253,1644,person,624.31,314.47,91.12,121.93,624.31,314.47,11110.1
254,1606,person,356.85,410.04,119.43,229.96,356.85,410.04,27463.78
254,1644,person,621.08,317.58,80.65,104.27,621.08,317.58,8408.87
254,1652,person,523.97,297.74,94.64,196.15,523.97,297.74,18562.93
255,1606,person,356.67,409.88,119.03,229.41,356.67,409.88,27306.73
255,1644,person,620.67,319.45,80.99,102.21,620.67,319.45,8277.85
255,1659,person,373.51,407.6,83.42,228.76,373.51,407.6,19083.6
255,1652,person,524.0,298.5,91.92,191.09,524.0,298.5,17564.05
256,1606,person,356.33,410.11,118.98,229.67,356.33,410.11,27326.12
256,1644,person,621.2,318.87,82.21,101.12,621.2,318.87,8313.12
256,1659,person,373.11,407.97,83.45,228.9,373.11,407.97,19102.03
256,1652,person,529.73,300.46,83.33,176.12,529.73,300.46,14676.1
257,1606,person,356.84,410.3,118.88,229.75,356.84,410.3,27311.6
257,1644,person,624.48,315.49,92.4,113.66,624.48,315.49,10501.91
257,1652,person,534.35,302.86,79.79,169.67,534.35,302.86,13538.18
258,1606,person,357.3,410.32,118.55,229.47,357.3,410.32,27203.64
258,1644,person,628.43,313.27,98.81,122.94,628.43,313.27,12147.67
258,1652,person,537.23,301.85,79.53,170.7,537.23,301.85,13574.87
259,1606,person,357.55,410.31,118.61,229.78,357.55,410.31,27252.63
259,1644,person,630.18,309.1,101.87,128.51,630.18,309.1,13090.69
259,1652,person,540.1,299.02,77.58,167.29,540.1,299.02,12978.56
260,1606,person,358.21,409.58,119.08,231.04,358.21,409.58,27511.68
260,1644,person,632.07,308.31,98.55,125.92,632.07,308.31,12408.51
260,1652,person,540.88,297.52,76.93,167.18,540.88,297.52,12861.54
261,1606,person,358.34,409.29,119.21,231.72,358.34,409.29,27623.14
261,1644,person,634.06,307.82,97.5,126.77,634.06,307.82,12359.16
261,1652,person,539.27,297.58,76.53,167.52,539.27,297.58,12819.81
262,1606,person,358.01,409.23,119.14,232.1,358.01,409.23,27653.62
262,1644,person,635.85,310.42,92.22,121.33,635.85,310.42,11188.04
262,1652,person,534.63,297.2,76.86,169.31,534.63,297.2,13013.65
263,1606,person,357.01,409.46,118.37,230.68,357.01,409.46,27306.06
263,1644,person,637.71,309.34,92.58,123.34,637.71,309.34,11419.83
263,1652,person,531.66,296.28,74.06,164.25,531.66,296.28,12164.72
263,1659,person,373.15,406.95,83.63,229.4,373.15,406.95,19185.58
264,1606,person,357.47,409.59,118.13,230.27,357.47,409.59,27200.89
264,1644,person,640.89,307.89,94.26,125.81,640.89,307.89,11858.52
264,1652,person,528.81,296.97,71.83,160.4,528.81,296.97,11520.97
265,1606,person,357.38,409.77,118.07,230.1,357.38,409.77,27168.55
265,1644,person,642.1,307.44,95.14,127.38,642.1,307.44,12118.5
265,1652,person,526.0,297.24,71.05,160.08,526.0,297.24,11374.02
265,1664,person,770.18,309.37,65.8,126.28,770.18,309.37,8309.66
266,1606,person,360.91,409.58,116.92,230.19,360.91,409.58,26913.53
266,1644,person,642.17,307.28,94.55,126.95,642.17,307.28,12003.28
266,1652,person,523.67,297.08,71.11,161.8,523.67,297.08,11505.14
266,1664,person,768.41,309.07,65.56,125.93,768.41,309.07,8256.31
267,1606,person,361.66,409.59,116.18,230.33,361.66,409.59,26759.43
267,1644,person,642.66,307.6,94.04,126.76,642.66,307.6,11921.05
267,1664,person,764.07,317.47,69.37,133.6,764.07,317.47,9268.28
268,1606,person,358.63,409.74,116.34,230.02,358.63,409.74,26760.65
268,1644,person,643.02,307.4,94.37,127.61,643.02,307.4,12043.19
268,1659,person,374.34,406.87,83.91,229.55,374.34,406.87,19262.16
269,1606,person,357.18,410.07,116.81,230.5,357.18,410.07,26925.26
269,1644,person,643.63,307.16,95.54,129.82,643.63,307.16,12402.69
269,1659,person,374.01,407.11,83.96,229.52,374.01,407.11,19269.69
269,1664,person,757.05,330.19,73.14,141.64,757.05,330.19,10359.48
270,1606,person,356.94,410.5,117.33,231.13,356.94,410.5,27118.36
270,1644,person,644.71,307.67,94.68,129.28,644.71,307.67,12240.72
270,1664,person,755.09,342.33,81.94,161.08,755.09,342.33,13198.6
271,1606,person,356.92,410.61,117.62,231.37,356.92,410.61,27213.42
271,1644,person,645.22,308.53,93.64,128.23,645.22,308.53,12007.84
271,1664,person,748.92,335.63,73.49,143.66,748.92,335.63,10557.42
272,1606,person,357.0,410.62,117.69,231.17,357.0,410.62,27205.46
272,1644,person,645.58,307.56,94.44,129.92,645.58,307.56,12269.7
272,1664,person,741.48,329.05,68.52,130.8,741.48,329.05,8962.87
272,1652,person,519.97,296.18,69.42,159.37,519.97,296.18,11063.76
273,1606,person,357.0,410.6,117.74,230.97,357.0,410.6,27193.36
273,1644,person,646.21,302.58,100.67,140.37,646.21,302.58,14131.8
273,1664,person,738.83,327.2,68.31,127.85,738.83,327.2,8733.75
273,1652,person,520.24,296.15,69.18,159.91,520.24,296.15,11062.34
274,1606,person,356.78,410.51,117.86,231.0,356.78,410.51,27224.42
274,1644,person,652.54,287.86,119.02,168.91,652.54,287.86,20103.83
274,1664,person,737.7,325.65,69.24,127.52,737.7,325.65,8829.77
274,1652,person,521.92,296.79,68.51,159.1,521.92,296.79,10899.93
275,1606,person,356.75,410.45,117.87,230.77,356.75,410.45,27200.7
275,1644,person,655.01,282.31,124.62,179.8,655.01,282.31,22406.19
275,1664,person,738.26,325.07,69.24,126.38,738.26,325.07,8750.39
275,1652,person,524.41,296.91,69.13,160.23,524.41,296.91,11076.38
276,1606,person,357.24,410.36,118.01,230.56,357.24,410.36,27207.29
276,1664,person,736.78,326.83,68.86,123.96,736.78,326.83,8535.6
276,1652,person,527.16,296.75,70.97,161.68,527.16,296.75,11473.77
277,1606,person,357.41,410.32,118.31,230.72,357.41,410.32,27295.63
277,1664,person,737.2,326.21,70.51,126.36,737.2,326.21,8909.61
277,1652,person,528.73,296.73,72.38,161.81,528.73,296.73,11712.5
278,1606,person,357.55,410.3,118.45,230.51,357.55,410.3,27302.81
278,1664,person,737.37,325.53,71.58,127.85,737.37,325.53,9151.36
278,1652,person,530.22,297.42,73.69,161.94,530.22,297.42,11933.36
279,1606,person,357.58,410.36,118.8,230.78,357.58,410.36,27416.32
279,1664,person,737.31,325.39,72.04,128.07,737.31,325.39,9226.37
279,1652,person,530.14,297.6,74.45,162.19,530.14,297.6,12076.14
280,1606,person,357.47,410.33,118.97,230.79,357.47,410.33,27456.87
280,1664,person,737.57,324.92,72.46,128.38,737.57,324.92,9302.27
280,1652,person,529.63,297.24,75.55,163.06,529.63,297.24,12319.94
281,1606,person,357.5,410.4,118.95,230.53,357.5,410.4,27421.26
281,1664,person,738.49,325.05,72.87,128.61,738.49,325.05,9371.61
281,1652,person,528.25,297.45,75.79,163.12,528.25,297.45,12362.92
282,1606,person,357.95,410.43,118.97,230.38,357.95,410.43,27409.06
282,1664,person,741.01,325.56,72.41,127.78,741.01,325.56,9253.25
283,1606,person,358.29,410.38,119.01,230.08,358.29,410.38,27381.1
283,1664,person,739.48,325.23,74.75,129.66,739.48,325.23,9691.98
284,1606,person,358.74,410.36,119.18,230.07,358.74,410.36,27420.0
284,1664,person,741.45,323.22,79.24,137.18,741.45,323.22,10869.84
284,1652,person,534.52,295.68,77.7,164.72,534.52,295.68,12798.1
285,1606,person,359.02,410.2,119.14,229.68,359.02,410.2,27363.3
285,1664,person,741.85,321.98,79.49,135.46,741.85,321.98,10767.91
285,1652,person,535.49,295.32,79.24,165.04,535.49,295.32,13077.41
286,1606,person,359.19,410.1,119.17,229.38,359.19,410.1,27334.71
286,1664,person,748.44,323.48,82.09,140.83,748.44,323.48,11561.07
286,1652,person,536.08,295.78,80.85,165.9,536.08,295.78,13412.83
286,1673,person,762.52,325.39,53.91,146.64,762.52,325.39,7906.14
287,1606,person,359.48,410.11,119.3,229.35,359.48,410.11,27360.67
287,1664,person,752.85,324.09,82.12,142.16,752.85,324.09,11674.3
287,1652,person,536.09,297.67,82.81,167.29,536.09,297.67,13852.69
287,1673,person,765.51,326.07,53.32,145.08,765.51,326.07,7735.28
288,1606,person,359.63,410.24,119.59,229.59,359.63,410.24,27456.87
288,1652,person,539.42,298.95,84.38,166.04,539.42,298.95,14010.14
288,1673,person,766.19,324.42,54.22,147.14,766.19,324.42,7977.75
289,1606,person,359.78,410.36,119.84,229.76,359.78,410.36,27534.75
289,1652,person,542.35,299.45,84.71,161.94,542.35,299.45,13718.4
289,1673,person,764.49,327.98,56.79,153.36,764.49,327.98,8709.91
290,1606,person,359.76,410.31,120.07,229.85,359.76,410.31,27596.92
290,1652,person,543.78,298.85,86.99,162.77,543.78,298.85,14160.54
290,1673,person,765.77,329.16,60.86,163.52,765.77,329.16,9951.76
291,1606,person,359.64,410.29,120.18,229.81,359.64,410.29,27619.15
291,1652,person,545.57,298.29,89.3,163.47,545.57,298.29,14597.27
291,1673,person,768.44,326.02,62.21,166.15,768.44,326.02,10336.33
292,1606,person,359.54,410.46,120.24,229.8,359.54,410.46,27632.56
292,1652,person,546.55,298.45,91.33,164.55,546.55,298.45,15028.57
292,1673,person,771.26,306.91,50.57,130.45,771.26,306.91,6596.85
292,1677,person,651.58,299.33,75.36,113.0,651.58,299.33,8515.5
293,1606,person,359.68,410.42,120.19,229.66,359.68,410.42,27603.97
293,1652,person,543.22,296.56,91.15,164.09,543.22,296.56,14957.15
293,1677,person,649.26,300.8,80.0,120.37,649.26,300.8,9629.76
294,1606,person,359.71,410.3,120.08,229.39,359.71,410.3,27545.66
294,1652,person,542.2,295.9,90.99,164.37,542.2,295.9,14956.26
294,1677,person,646.76,331.87,119.49,182.2,646.76,331.87,21771.09
294,1664,person,761.22,352.03,116.74,209.48,761.22,352.03,24454.32
295,1606,person,359.92,410.3,120.06,229.25,359.92,410.3,27522.29
295,1652,person,540.35,294.84,89.21,162.22,540.35,294.84,14471.78
295,1677,person,649.45,342.72,131.89,204.03,649.45,342.72,26908.86
295,1664,person,763.9,353.75,114.6,214.34,763.9,353.75,24564.88
296,1606,person,359.95,410.41,120.11,229.3,359.95,410.41,27539.97
296,1652,person,539.26,294.22,87.66,160.53,539.26,294.22,14072.06
296,1677,person,652.75,346.68,135.01,211.86,652.75,346.68,28602.92
296,1664,person,764.98,354.13,112.21,216.64,764.98,354.13,24310.06
297,1606,person,359.77,410.5,120.18,229.38,359.77,410.5,27565.53
297,1652,person,532.37,294.16,84.31,158.26,532.37,294.16,13342.56
297,1677,person,656.64,346.74,133.93,212.74,656.64,346.74,28491.73
297,1664,person,765.34,349.62,114.64,228.47,765.34,349.62,26192.43
298,1606,person,359.65,410.28,119.94,228.83,359.65,410.28,27445.88
298,1652,person,524.72,296.21,81.87,158.96,524.72,296.21,13013.52
298,1677,person,650.47,346.8,129.8,211.91,650.47,346.8,27504.54
298,1664,person,763.59,348.4,113.74,230.82,763.59,348.4,26254.13
299,1606,person,359.63,410.33,119.96,228.8,359.63,410.33,27446.24
299,1652,person,520.95,300.9,76.14,153.25,520.95,300.9,11668.07
299,1677,person,649.22,345.89,125.51,210.95,649.22,345.89,26476.82
299,1664,person,766.71,347.14,108.43,227.27,766.71,347.14,24642.64
300,1606,person,359.69,410.48,120.04,228.88,359.69,410.48,27473.7
300,1652,person,518.71,303.44,71.24,147.83,518.71,303.44,10530.85
300,1677,person,647.83,344.96,120.79,208.65,647.83,344.96,25203.56
300,1664,person,766.4,349.88,103.34,221.79,766.4,349.88,22919.64
301,1606,person,359.83,410.59,120.17,229.08,359.83,410.59,27529.3
301,1652,person,516.42,304.23,68.54,146.72,516.42,304.23,10055.89
301,1677,person,647.49,343.9,116.04,206.03,647.49,343.9,23908.06
301,1664,person,766.67,350.6,97.75,213.79,766.67,350.6,20898.65
302,1606,person,360.12,410.62,120.26,229.27,360.12,410.62,27571.46
302,1652,person,512.25,303.69,68.48,150.94,512.25,303.69,10335.96
302,1677,person,647.64,343.48,112.11,204.91,647.64,343.48,22973.36
302,1664,person,763.94,351.01,96.42,212.55,763.94,351.01,20493.76
303,1606,person,359.95,410.68,120.37,229.64,359.95,410.68,27641.0
303,1652,person,510.37,306.44,73.23,166.74,510.37,306.44,12210.27
303,1677,person,645.96,342.62,108.56,203.38,645.96,342.62,22078.51
303,1664,person,764.84,351.04,93.91,209.84,764.84,351.04,19705.61
304,1606,person,359.82,410.75,120.43,229.89,359.82,410.75,27686.84
304,1652,person,509.73,308.72,75.35,176.93,509.73,308.72,13331.39
304,1677,person,644.83,341.19,104.59,200.19,644.83,341.19,20938.5
304,1664,person,765.58,351.02,92.67,210.13,765.58,351.02,19471.78
305,1606,person,359.52,410.81,120.35,229.88,359.52,410.81,27665.44
305,1652,person,510.56,309.75,74.83,181.25,510.56,309.75,13562.93
305,1677,person,643.07,340.32,101.44,198.0,643.07,340.32,20085.4
305,1664,person,766.23,350.13,91.91,212.11,766.23,350.13,19495.45
306,1606,person,359.35,410.91,120.39,230.21,359.35,410.91,27714.42
306,1652,person,513.44,307.4,69.22,172.45,513.44,307.4,11937.42
306,1677,person,643.66,340.07,99.05,196.56,643.66,340.07,19469.15
306,1664,person,764.71,351.34,91.24,214.21,764.71,351.34,19544.63
307,1606,person,358.98,410.93,120.44,230.39,358.98,410.93,27747.23
307,1652,person,515.26,306.82,65.4,166.92,515.26,306.82,10917.19
307,1677,person,646.94,340.56,96.78,196.93,646.94,340.56,19058.2
307,1664,person,763.81,352.43,89.27,214.0,763.81,352.43,19103.25
308,1606,person,358.81,410.97,120.44,230.25,358.81,410.97,27731.25
308,1652,person,517.01,305.57,61.87,160.48,517.01,305.57,9929.4
308,1677,person,649.89,341.47,94.08,198.33,649.89,341.47,18659.51
308,1664,person,758.93,354.22,89.66,217.76,758.93,354.22,19524.75
309,1606,person,358.86,411.12,120.44,230.3,358.86,411.12,27737.16
309,1652,person,520.12,306.01,60.01,156.73,520.12,306.01,9405.67
309,1677,person,650.5,341.65,90.72,197.67,650.5,341.65,17932.25
309,1664,person,761.01,356.38,85.5,213.14,761.01,356.38,18223.44
310,1606,person,358.39,411.02,120.55,230.72,358.39,411.02,27812.66
310,1652,person,521.32,302.76,57.98,151.91,521.32,302.76,8807.05
310,1677,person,650.15,340.84,87.86,196.95,650.15,340.84,17304.16
310,1664,person,762.0,357.71,81.21,207.45,762.0,357.71,16845.89
311,1606,person,359.32,410.65,120.63,232.42,359.32,410.65,28035.7
311,1652,person,522.51,301.62,59.57,156.28,522.51,301.62,9309.4
311,1677,person,648.93,341.43,85.54,197.16,648.93,341.43,16865.06
311,1664,person,760.89,359.1,78.5,204.92,760.89,359.1,16086.14
312,1606,person,359.88,410.45,120.27,233.34,359.88,410.45,28063.85
312,1652,person,523.73,300.69,61.01,159.09,523.73,300.69,9706.65
312,1677,person,648.05,341.51,83.09,196.1,648.05,341.51,16294.02
312,1664,person,760.88,359.51,75.78,201.73,760.88,359.51,15286.38
313,1606,person,367.13,410.66,116.39,231.8,367.13,410.66,26979.9
313,1652,person,526.45,303.09,64.63,165.78,526.45,303.09,10715.16
313,1677,person,645.93,342.43,80.78,194.8,645.93,342.43,15736.14
313,1664,person,759.89,359.42,73.64,199.7,759.89,359.42,14705.28
314,1606,person,370.67,410.87,113.01,230.91,370.67,410.87,26094.22
314,1652,person,529.48,304.41,67.01,168.5,529.48,304.41,11291.62
314,1677,person,644.59,343.27,79.31,194.74,644.59,343.27,15445.34
314,1664,person,756.91,361.72,74.61,204.63,756.91,361.72,15267.93
315,1606,person,371.81,411.1,110.19,230.71,371.81,411.1,25422.08
315,1652,person,531.2,303.25,66.74,164.94,531.2,303.25,11009.19
315,1677,person,643.26,343.2,77.98,193.99,643.26,343.2,15128.22
315,1664,person,754.8,363.79,72.41,199.86,754.8,363.79,14472.42
316,1606,person,367.89,411.23,110.19,232.96,367.89,411.23,25668.81
316,1652,person,531.87,303.74,67.14,163.64,531.87,303.74,10986.78
316,1677,person,641.74,342.99,77.06,193.38,641.74,342.99,14901.88
316,1664,person,752.93,367.1,71.89,199.95,752.93,367.1,14374.18
317,1606,person,365.63,411.24,109.27,233.67,365.63,411.24,25532.33
317,1652,person,530.21,305.94,69.75,166.53,530.21,305.94,11615.36
317,1677,person,639.92,342.7,76.58,192.68,639.92,342.7,14755.02
317,1664,person,751.46,369.04,71.71,199.79,751.46,369.04,14325.95
317,1682,carton,526.56,459.1,120.09,127.57,526.56,459.1,15320.12
318,1606,person,362.05,411.23,109.24,234.55,362.05,411.23,25621.58
318,1652,person,528.21,307.57,72.71,168.8,528.21,307.57,12273.57
318,1677,person,637.35,342.55,76.86,192.53,637.35,342.55,14798.31
318,1664,person,750.07,369.88,72.24,200.74,750.07,369.88,14501.31
318,1682,carton,526.85,459.34,119.85,127.3,526.85,459.34,15256.2
319,1606,person,358.78,411.27,109.3,234.72,358.78,411.27,25655.66
319,1652,person,528.34,308.26,75.29,170.04,528.34,308.26,12802.38
319,1677,person,635.61,343.47,77.42,192.69,635.61,343.47,14918.98
319,1664,person,749.45,368.52,71.5,197.68,749.45,368.52,14134.14
319,1682,carton,526.92,459.47,119.53,126.93,526.92,459.47,15172.23
320,1606,person,360.41,411.78,107.33,233.13,360.41,411.78,25022.05
320,1652,person,529.27,307.51,77.13,168.63,529.27,307.51,13006.68
320,1677,person,632.77,344.01,78.36,193.09,632.77,344.01,15130.85
320,1682,carton,526.31,459.82,119.74,127.19,526.31,459.82,15230.4
321,1606,person,362.27,411.82,105.33,232.54,362.27,411.82,24493.1
321,1652,person,531.05,308.13,79.19,167.82,531.05,308.13,13289.25
321,1677,person,629.06,346.67,78.59,190.07,629.06,346.67,14937.12
321,1682,carton,526.01,460.33,119.24,126.72,526.01,460.33,15110.31
322,1606,person,361.91,411.95,103.98,232.51,361.91,411.95,24177.62
322,1652,person,531.77,308.13,80.91,165.97,531.77,308.13,13429.12
322,1677,person,626.93,350.38,78.04,184.39,626.93,350.38,14390.94
322,1682,carton,525.76,460.34,119.29,126.9,525.76,460.34,15138.39
322,1664,person,743.5,371.36,71.64,198.22,743.5,371.36,14199.97
323,1606,person,360.03,411.85,102.95,232.5,360.03,411.85,23937.23
323,1652,person,533.63,308.27,82.21,163.76,533.63,308.27,13462.55
323,1677,person,628.17,351.68,79.18,182.37,628.17,351.68,14440.01
323,1682,carton,525.79,460.11,120.05,127.81,525.79,460.11,15343.84
323,1664,person,731.4,369.64,74.97,203.68,731.4,369.64,15270.7
324,1606,person,360.88,411.97,101.56,232.61,360.88,411.97,23623.79
324,1652,person,533.57,310.32,84.81,164.89,533.57,310.32,13984.51
324,1677,person,628.42,354.36,78.67,178.27,628.42,354.36,14025.06
324,1682,carton,525.74,460.19,119.59,127.39,525.74,460.19,15234.66
324,1664,person,725.28,371.11,75.87,203.31,725.28,371.11,15425.9
325,1606,person,361.68,412.31,100.16,232.96,361.68,412.31,23333.44
325,1652,person,532.34,311.45,86.48,164.69,532.34,311.45,14241.77
325,1677,person,627.98,353.56,80.12,179.15,627.98,353.56,14353.07
325,1682,carton,525.73,460.78,119.24,127.06,525.73,460.78,15150.54
325,1664,person,710.57,374.82,79.26,201.31,710.57,374.82,15955.37
326,1606,person,361.83,412.96,99.27,234.4,361.83,412.96,23268.83
326,1652,person,528.74,312.75,87.14,162.58,528.74,312.75,14167.74
326,1677,person,624.33,356.29,81.63,180.37,624.33,356.29,14724.48
326,1664,person,699.15,378.2,81.3,196.83,699.15,378.2,16001.75
327,1606,person,361.4,413.82,98.44,236.08,361.4,413.82,23240.33
327,1652,person,523.3,316.35,90.29,165.42,523.3,316.35,14934.88
327,1677,person,621.02,358.51,83.78,182.68,621.02,358.51,15305.24
327,1664,person,692.23,379.63,83.56,194.0,692.23,379.63,16211.25
328,1606,person,360.75,414.42,97.47,237.41,360.75,414.42,23139.43
328,1652,person,519.08,321.82,94.07,171.7,519.08,321.82,16152.39
328,1677,person,613.9,363.14,84.36,176.99,613.9,363.14,14930.51
328,1664,person,688.86,382.02,85.23,190.86,688.86,382.02,16267.77
328,1682,carton,525.28,463.81,121.46,129.46,525.28,463.81,15723.97
329,1606,person,359.76,415.52,96.38,238.82,359.76,415.52,23017.5
329,1652,person,514.07,325.36,98.48,180.05,514.07,325.36,17731.54
329,1677,person,608.29,366.09,84.91,173.78,608.29,366.09,14755.51
329,1664,person,687.72,381.17,90.08,196.8,687.72,381.17,17727.65
329,1682,carton,526.66,464.39,121.01,128.85,526.66,464.39,15592.01
330,1606,person,359.74,415.99,94.72,238.65,359.74,415.99,22603.78
330,1652,person,510.84,331.09,96.64,176.61,510.84,331.09,17066.7
330,1664,person,662.46,384.69,99.13,195.29,662.46,384.69,19359.77
330,1682,carton,528.59,465.48,121.42,129.32,528.59,465.48,15702.18
331,1606,person,362.06,418.46,94.29,241.07,362.06,418.46,22731.75
331,1652,person,509.34,333.06,96.73,176.79,509.34,333.06,17101.95
331,1664,person,655.66,388.54,106.49,193.99,655.66,388.54,20657.03
331,1682,carton,531.25,466.44,121.22,129.13,531.25,466.44,15653.52
332,1606,person,366.05,420.23,93.08,241.51,366.05,420.23,22480.39
332,1652,person,510.48,334.27,97.3,178.11,510.48,334.27,17329.84
333,1606,person,373.37,425.68,91.94,241.76,373.37,425.68,22227.88
333,1652,person,515.61,337.63,99.0,182.34,515.61,337.63,18051.85
333,1664,person,664.86,393.6,113.9,195.71,664.86,393.6,22292.15
334,1606,person,382.43,429.45,89.08,237.22,382.43,429.45,21132.2
334,1652,person,525.4,341.92,98.79,183.35,525.4,341.92,18113.59
334,1664,person,669.57,396.01,120.91,197.07,669.57,396.01,23828.91
335,1606,person,394.24,435.83,87.81,234.83,394.24,435.83,20619.55
335,1652,person,537.79,346.33,95.5,180.19,537.79,346.33,17207.62
335,1664,person,683.34,398.62,124.63,196.4,683.34,398.62,24477.84
336,1606,person,404.54,440.07,86.86,233.26,404.54,440.07,20262.1
336,1652,person,544.81,352.9,94.97,180.09,544.81,352.9,17102.26
336,1664,person,698.39,404.59,130.64,201.62,698.39,404.59,26339.06
337,1606,person,414.69,441.95,85.37,229.43,414.69,441.95,19586.9
337,1652,person,554.42,361.3,98.91,190.15,554.42,361.3,18808.49
337,1664,person,712.59,408.85,134.1,205.48,712.59,408.85,27555.41
338,1606,person,423.35,445.04,85.73,229.88,423.35,445.04,19707.98
338,1652,person,562.49,368.9,101.59,199.07,562.49,368.9,20223.18
338,1664,person,732.78,409.6,133.67,207.09,732.78,409.6,27680.82
339,1606,person,429.94,446.02,86.1,229.3,429.94,446.02,19742.12
339,1652,person,570.47,375.95,105.13,212.86,570.47,375.95,22378.58
339,1664,person,743.02,408.68,135.52,211.63,743.02,408.68,28678.91
340,1606,person,434.61,446.96,86.82,229.09,434.61,446.96,19889.3
340,1664,person,747.78,408.11,137.26,214.49,747.78,408.11,29440.42
341,1606,person,439.16,447.13,88.4,229.09,439.16,447.13,20251.42
341,1664,person,751.16,407.02,138.88,217.08,751.16,407.02,30147.92
341,1652,person,578.19,381.24,100.76,211.03,578.19,381.24,21264.67
342,1606,person,442.6,447.12,91.12,231.0,442.6,447.12,21049.06
342,1664,person,753.92,405.59,140.11,218.93,753.92,405.59,30672.7
342,1652,person,579.7,381.14,97.88,211.19,579.7,381.14,20671.35
343,1606,person,444.49,446.03,93.05,230.17,444.49,446.03,21416.47
343,1664,person,756.6,403.78,141.57,222.08,756.6,403.78,31439.45
343,1652,person,579.31,379.87,96.82,213.92,579.31,379.87,20711.67
344,1606,person,449.03,448.74,98.4,236.54,449.03,448.74,23275.12
344,1664,person,760.1,396.08,147.92,235.51,760.1,396.08,34837.43
344,1652,person,578.6,374.69,98.23,222.21,578.6,374.69,21828.1
345,1606,person,459.84,454.51,106.82,245.92,459.84,454.51,26268.59
345,1664,person,761.5,389.75,153.31,248.46,761.5,389.75,38090.71
345,1652,person,578.12,371.1,98.06,226.51,578.12,371.1,22211.11
346,1606,person,465.77,459.66,114.62,254.3,465.77,459.66,29148.96
346,1664,person,765.06,385.69,154.52,255.37,765.06,385.69,39458.99
346,1652,person,577.04,369.12,94.65,221.54,577.04,369.12,20970.19
347,1606,person,468.48,461.77,120.86,259.7,468.48,461.77,31386.59
347,1664,person,766.69,381.12,155.12,260.77,766.69,381.12,40449.89
347,1652,person,574.59,362.8,95.67,225.62,574.59,362.8,21585.11
348,1606,person,469.23,463.72,126.48,266.03,469.23,463.72,33647.38
348,1664,person,766.11,378.11,153.6,262.51,766.11,378.11,40322.02
348,1652,person,569.05,362.56,96.18,225.74,569.05,362.56,21711.86
349,1606,person,468.04,465.61,130.5,270.78,468.04,465.61,35336.5
349,1664,person,763.81,375.72,151.62,262.31,763.81,375.72,39772.82
349,1652,person,564.39,362.66,99.42,232.44,564.39,362.66,23108.26
350,1606,person,466.77,467.84,132.85,273.86,466.77,467.84,36381.73
350,1664,person,760.38,371.24,147.15,255.39,760.38,371.24,37580.62
350,1652,person,560.26,368.32,98.12,227.92,560.26,368.32,22364.58
350,1691,carton,679.21,436.77,128.48,120.8,679.21,436.77,15520.26
351,1606,person,465.15,467.92,132.77,272.99,465.15,467.92,36244.78
351,1664,person,755.02,367.22,146.2,252.61,755.02,367.22,36931.44
351,1652,person,554.48,372.12,95.35,220.3,554.48,372.12,21005.02
351,1691,carton,677.55,434.59,127.14,119.35,677.55,434.59,15174.56
352,1606,person,463.52,467.67,132.91,272.25,463.52,467.67,36183.48
352,1664,person,750.11,367.66,142.22,242.49,750.11,367.66,34485.9
352,1652,person,548.01,372.08,93.59,213.6,548.01,372.08,19991.04
352,1691,carton,676.39,431.81,127.91,119.68,676.39,431.81,15307.5
353,1606,person,462.7,467.45,133.23,271.6,462.7,467.45,36185.98
353,1664,person,744.19,369.59,140.33,234.38,744.19,369.59,32889.22
353,1652,person,540.41,366.71,93.06,209.65,540.41,366.71,19511.11
353,1691,carton,673.51,431.57,127.05,118.35,673.51,431.57,15037.41
354,1606,person,461.85,467.47,130.98,265.24,461.85,467.47,34742.83
354,1664,person,738.11,372.37,139.36,226.66,738.11,372.37,31587.18
354,1652,person,532.91,368.04,90.62,200.1,532.91,368.04,18133.56
354,1691,carton,669.74,432.48,124.93,115.66,669.74,432.48,14449.45
355,1606,person,461.21,468.48,130.73,265.71,461.21,468.48,34736.63
355,1664,person,753.14,372.22,135.37,224.15,753.14,372.22,30344.34
355,1652,person,525.28,367.3,91.86,199.59,525.28,367.3,18334.03
355,1691,carton,666.42,432.97,124.3,114.09,666.42,432.97,14180.55
356,1606,person,460.12,467.3,128.78,262.85,460.12,467.3,33849.98
356,1664,person,755.25,370.55,134.4,225.79,755.25,370.55,30346.48
356,1652,person,518.06,367.38,93.07,197.38,518.06,367.38,18369.79
356,1691,carton,664.17,432.82,125.15,113.85,664.17,432.82,14247.97
357,1606,person,459.26,467.75,127.58,262.41,459.26,467.75,33478.64
357,1664,person,756.82,370.13,129.28,220.36,756.82,370.13,28489.48
357,1652,person,511.81,366.29,95.61,197.87,511.81,366.29,18917.95
357,1691,carton,662.63,432.65,125.31,112.89,662.63,432.65,14146.14
358,1606,person,460.53,466.23,134.25,280.34,460.53,466.23,37634.27
358,1664,person,755.29,367.95,123.9,213.45,755.29,367.95,26446.95
358,1652,person,506.37,366.65,98.73,200.59,506.37,366.65,19804.73
358,1691,carton,662.28,432.49,128.76,115.01,662.28,432.49,14808.72
359,1606,person,461.13,464.51,134.92,286.65,461.13,464.51,38675.86
359,1664,person,751.59,367.62,121.87,211.78,751.59,367.62,25808.39
359,1652,person,502.28,368.53,100.2,201.61,502.28,368.53,20201.99
359,1691,carton,660.29,430.27,134.37,119.53,660.29,430.27,16060.76
360,1606,person,464.09,465.0,132.06,285.25,464.09,465.0,37670.3
360,1664,person,747.59,366.68,123.57,217.58,747.59,366.68,26885.39
360,1652,person,495.48,375.86,105.25,211.63,495.48,375.86,22274.12
360,1691,carton,656.8,429.62,136.39,120.87,656.8,429.62,16484.7
361,1606,person,466.23,467.08,127.66,279.07,466.23,467.08,35626.62
361,1664,person,743.26,367.7,122.19,216.65,743.26,367.7,26473.01
361,1652,person,490.43,377.21,104.36,209.56,490.43,377.21,21870.8
362,1606,person,467.8,468.25,124.55,276.06,467.8,468.25,34384.53
362,1664,person,739.46,367.38,120.4,213.89,739.46,367.38,25752.71
362,1652,person,486.76,357.56,86.51,166.45,486.76,357.56,14399.99
363,1606,person,468.01,472.78,119.37,266.5,468.01,472.78,31811.22
363,1664,person,736.05,367.93,119.75,212.13,736.05,367.93,25403.04
363,1652,person,483.69,351.99,81.31,150.46,483.69,351.99,12233.85
364,1606,person,467.82,473.92,117.11,263.29,467.82,473.92,30833.18
364,1664,person,733.29,368.04,118.54,208.91,733.29,368.04,24764.39
364,1652,person,480.71,350.86,81.54,145.68,480.71,350.86,11879.25
365,1606,person,470.01,476.06,114.81,260.8,470.01,476.06,29942.09
365,1664,person,733.26,366.46,120.38,211.84,733.26,366.46,25502.09
365,1652,person,479.23,356.25,86.59,150.69,479.23,356.25,13048.83
366,1606,person,474.87,474.95,115.39,264.12,474.87,474.95,30477.16
366,1664,person,733.73,362.61,122.09,215.0,733.73,362.61,26249.92
366,1652,person,478.06,356.42,86.68,145.89,478.06,356.42,12645.26
367,1606,person,479.07,470.93,119.24,274.14,479.07,470.93,32690.31
367,1664,person,738.96,362.95,119.92,213.32,738.96,362.95,25582.09
368,1606,person,478.57,455.51,130.56,303.39,478.57,455.51,39610.67
368,1664,person,744.71,360.95,113.55,204.8,744.71,360.95,23255.62
369,1606,person,478.5,451.42,133.45,313.72,478.5,451.42,41864.38
369,1664,person,739.5,359.0,112.87,201.29,739.5,359.0,22719.04
370,1606,person,480.96,448.74,136.72,320.14,480.96,448.74,43770.64
370,1664,person,752.73,356.63,108.4,198.13,752.73,356.63,21477.45
371,1606,person,485.31,448.56,140.22,323.03,485.31,448.56,45296.28
371,1664,person,761.09,354.61,103.69,195.15,761.09,354.61,20233.9
372,1606,person,486.57,448.45,143.36,324.01,486.57,448.45,46451.84
372,1664,person,763.58,351.73,101.2,194.67,763.58,351.73,19700.1
373,1606,person,488.07,449.24,145.55,324.64,488.07,449.24,47252.79
373,1664,person,759.54,345.01,101.62,196.38,759.54,345.01,19955.5
374,1606,person,484.35,432.32,133.52,294.18,484.35,432.32,39278.45
374,1664,person,764.22,337.83,98.0,193.17,764.22,337.83,18930.71
375,1606,person,486.64,432.95,134.7,292.29,486.64,432.95,39371.36
375,1664,person,759.2,345.32,107.3,214.32,759.2,345.32,22997.66
375,1691,person,639.49,345.61,211.56,212.07,639.49,345.61,44865.79
376,1606,person,488.97,432.85,136.42,291.72,488.97,432.85,39794.98
376,1664,person,758.1,346.64,108.43,219.73,758.1,346.64,23824.42
376,1691,person,637.88,342.59,194.12,215.02,637.88,342.59,41739.87
377,1606,person,489.39,436.09,139.29,295.65,489.39,436.09,41181.27
377,1664,person,761.98,346.42,105.64,220.08,761.98,346.42,23250.01
377,1691,person,634.77,341.49,176.49,212.06,634.77,341.49,37427.86
378,1606,person,473.92,435.78,132.46,287.13,473.92,435.78,38033.03
378,1664,person,763.12,347.74,104.32,223.92,763.12,347.74,23358.62
378,1691,person,632.8,340.62,164.24,211.38,632.8,340.62,34718.09
378,1702,person,526.85,463.81,95.55,227.29,526.85,463.81,21717.94
379,1606,person,467.25,437.25,128.74,282.74,467.25,437.25,36400.84
379,1664,person,761.92,347.24,100.75,222.64,761.92,347.24,22431.74
379,1691,person,629.93,336.77,152.07,206.86,629.93,336.77,31458.23
379,1702,person,531.12,461.63,102.68,244.4,531.12,461.63,25095.7
380,1606,person,464.15,438.85,126.13,279.74,464.15,438.85,35283.54
380,1664,person,760.96,343.49,95.12,215.36,760.96,343.49,20484.21
380,1691,person,630.27,332.47,140.8,202.17,630.27,332.47,28466.51
380,1702,person,533.57,464.91,108.81,259.6,533.57,464.91,28247.04
380,1703,person,490.31,444.0,179.55,284.88,490.31,444.0,51149.64
381,1606,person,463.16,439.34,124.56,278.28,463.16,439.34,34662.12
381,1664,person,760.1,337.53,89.23,204.77,760.1,337.53,18272.08
381,1691,person,629.89,331.01,132.73,200.69,629.89,331.01,26637.22
381,1702,person,536.48,470.32,107.05,256.38,536.48,470.32,27446.04
382,1606,person,464.95,439.4,124.3,279.74,464.95,439.4,34772.55
382,1664,person,757.86,336.64,87.58,203.83,757.86,336.64,17852.12
382,1702,person,540.58,473.88,107.52,258.24,540.58,473.88,27766.98
383,1606,person,467.58,439.94,123.22,279.24,467.58,439.94,34408.4
383,1664,person,756.76,335.45,85.76,202.11,756.76,335.45,17332.28
383,1702,person,545.79,474.74,107.69,258.55,545.79,474.74,27842.65
383,1705,person,628.76,295.98,67.41,124.45,628.76,295.98,8388.79
384,1606,person,472.6,442.2,119.97,271.83,472.6,442.2,32611.77
384,1664,person,755.87,331.77,83.64,199.11,755.87,331.77,16653.93
384,1702,person,547.6,475.59,105.7,253.89,547.6,475.59,26836.32
385,1606,person,476.97,446.15,120.81,269.89,476.97,446.15,32606.12
385,1702,person,550.22,480.26,104.18,248.91,550.22,480.26,25932.56
386,1606,person,479.94,449.17,122.18,268.27,479.94,449.17,32775.79
386,1702,person,553.13,479.14,105.86,252.4,553.13,479.14,26719.28
386,1664,person,756.69,331.03,80.19,193.59,756.69,331.03,15523.56
387,1702,person,554.26,480.44,106.38,253.24,554.26,480.44,26939.02
387,1708,person,607.92,314.08,80.97,155.98,607.92,314.08,12629.72
387,1664,person,757.37,332.38,79.05,194.07,757.37,332.38,15341.98
387,1703,person,491.78,451.9,169.81,269.9,491.78,451.9,45831.81
388,1702,person,553.54,477.21,110.23,263.68,553.54,477.21,29065.55
388,1708,person,607.39,317.29,81.75,157.55,607.39,317.29,12879.59
388,1664,person,757.54,331.78,78.87,197.05,757.54,331.78,15542.44
388,1703,person,502.56,453.82,165.45,262.88,502.56,453.82,43494.26
389,1702,person,553.25,469.59,116.12,280.13,553.25,469.59,32528.53
389,1708,person,611.43,321.67,86.47,167.9,611.43,321.67,14518.37
389,1703,person,515.93,457.08,175.06,278.55,515.93,457.08,48761.95
389,1705,person,612.71,296.77,67.38,125.05,612.71,296.77,8426.53
390,1702,person,554.51,477.22,109.89,264.02,554.51,477.22,29014.73
390,1705,person,610.23,287.91,58.13,106.44,610.23,287.91,6187.33
391,1702,person,553.95,480.61,108.53,259.98,553.95,480.61,28214.98
391,1705,person,607.57,287.38,56.02,100.92,607.57,287.38,5653.1
392,1664,person,746.9,344.99,83.08,207.73,746.9,344.99,17258.88
392,1708,person,603.26,335.42,98.72,194.33,603.26,335.42,19184.38
392,1703,person,537.37,477.31,165.75,265.72,537.37,477.31,44043.54
393,1664,person,746.23,343.65,84.64,212.68,746.23,343.65,18001.29
393,1708,person,598.9,345.2,103.83,206.64,598.9,345.2,21456.66
393,1703,person,537.15,480.58,164.92,263.91,537.15,480.58,43525.2
394,1664,person,746.12,343.44,85.43,216.21,746.12,343.44,18471.24
394,1708,person,597.23,354.36,107.5,216.04,597.23,354.36,23223.39
394,1703,person,535.31,482.51,163.73,261.37,535.31,482.51,42795.14
395,1664,person,747.76,343.42,84.86,216.74,747.76,343.42,18393.63
395,1708,person,604.39,370.63,120.71,250.45,604.39,370.63,30232.17
395,1703,person,532.24,484.36,164.43,260.55,532.24,484.36,42843.42
396,1664,person,748.22,343.33,84.48,216.71,748.22,343.33,18308.93
396,1708,person,613.06,393.83,134.43,284.89,613.06,393.83,38297.38
396,1703,person,528.27,487.73,163.91,258.21,528.27,487.73,42321.79
397,1664,person,748.41,343.26,85.0,217.14,748.41,343.26,18456.06
397,1708,person,618.12,418.29,130.55,280.38,618.12,418.29,36603.92
397,1703,person,525.18,487.82,165.2,260.74,525.18,487.82,43075.69
398,1664,person,749.27,343.33,85.06,215.96,749.27,343.33,18369.24
398,1708,person,623.87,436.3,122.91,265.13,623.87,436.3,32588.4
398,1703,person,523.01,489.46,164.93,261.35,523.01,489.46,43104.38
398,1710,person,612.46,304.95,84.17,123.07,612.46,304.95,10358.63
399,1664,person,757.82,345.47,83.7,214.88,757.82,345.47,17985.15
399,1708,person,623.2,419.05,137.77,301.42,623.2,419.05,41526.37
399,1703,person,519.9,488.75,166.4,263.52,519.9,488.75,43848.86
399,1710,person,609.07,309.09,91.28,133.66,609.07,309.09,12200.9
400,1664,person,762.24,345.88,80.08,206.81,762.24,345.88,16561.62
400,1708,person,622.63,421.21,135.58,298.55,622.63,421.21,40477.48
400,1703,person,517.0,488.49,167.24,264.4,517.0,488.49,44219.65
400,1710,person,601.12,320.91,105.13,155.02,601.12,320.91,16297.12
401,1664,person,768.73,347.39,76.68,199.41,768.73,347.39,15289.79
401,1703,person,505.04,488.98,166.93,262.36,505.04,488.98,43794.69
401,1710,person,592.38,331.3,118.05,175.13,592.38,331.3,20673.6
402,1664,person,771.42,348.78,78.26,205.9,771.42,348.78,16113.75
402,1703,person,482.45,488.54,169.19,266.24,482.45,488.54,45045.36
402,1710,person,596.98,333.81,117.99,177.64,596.98,333.81,20959.72
403,1664,person,773.37,357.27,79.58,210.62,773.37,357.27,16761.89
403,1703,person,459.91,489.42,172.0,268.44,459.91,489.42,46172.99
403,1710,person,600.19,334.66,117.1,179.22,600.19,334.66,20987.42
404,1664,person,776.26,361.12,81.88,214.9,776.26,361.12,17595.44
404,1703,person,447.64,490.27,171.51,269.84,447.64,490.27,46281.39
404,1710,person,602.7,341.61,123.32,192.8,602.7,341.61,23776.69
404,1713,person,627.25,483.04,126.14,164.61,627.25,483.04,20762.91
405,1664,person,777.28,363.82,83.8,216.01,777.28,363.82,18100.99
405,1703,person,429.18,488.66,170.15,267.93,429.18,488.66,45587.89
405,1710,person,608.72,346.59,126.46,201.24,608.72,346.59,25447.9
405,1713,person,628.76,470.76,149.65,196.1,628.76,470.76,29345.82
406,1664,person,773.85,365.2,85.59,214.48,773.85,365.2,18356.75
406,1703,person,417.61,487.29,170.79,270.08,417.61,487.29,46127.04
406,1710,person,611.38,343.18,119.65,194.86,611.38,343.18,23315.05
406,1713,person,633.24,458.13,169.2,223.5,633.24,458.13,37814.78
407,1664,person,767.14,366.42,84.55,206.72,767.14,366.42,17477.8
407,1703,person,408.21,487.21,171.81,274.76,408.21,487.21,47207.64
407,1713,person,637.83,451.61,178.52,238.26,637.83,451.61,42534.08
408,1664,person,754.67,362.44,77.38,180.31,754.67,362.44,13952.57
408,1703,person,398.43,486.21,171.31,278.03,398.43,486.21,47629.02
408,1713,person,646.64,449.09,176.7,239.0,646.64,449.09,42231.12
409,1664,person,742.18,344.14,64.61,142.5,742.18,344.14,9206.36
409,1703,person,385.92,478.79,163.15,267.93,385.92,478.79,43713.95
409,1713,person,658.99,457.95,172.25,235.55,658.99,457.95,40574.11
410,1664,person,727.08,337.46,58.06,123.18,727.08,337.46,7151.9
410,1703,person,373.49,470.52,156.89,259.86,373.49,470.52,40770.79
410,1713,person,662.39,465.44,175.35,243.58,662.39,465.44,42713.45
411,1703,person,361.77,465.43,156.09,260.7,361.77,465.43,40692.63
411,1713,person,680.13,469.32,172.32,244.21,680.13,469.32,42081.05
411,1719,person,681.88,422.48,130.99,334.11,681.88,422.48,43763.3
412,1703,person,353.42,462.93,157.03,262.42,353.42,462.93,41207.1
412,1713,person,690.3,470.96,170.64,247.23,690.3,470.96,42186.61
412,1719,person,681.68,422.86,135.27,345.0,681.68,422.86,46668.92
413,1703,person,342.61,461.56,160.14,265.43,342.61,461.56,42505.23
413,1713,person,708.23,474.5,170.6,249.01,708.23,474.5,42481.82
413,1719,person,674.37,367.0,94.63,238.25,674.37,367.0,22546.81
414,1703,person,329.56,459.93,163.65,269.61,329.56,459.93,44121.92
414,1719,person,668.96,369.7,93.65,233.7,668.96,369.7,21886.86
415,1703,person,317.28,454.94,167.19,273.82,317.28,454.94,45780.97
415,1719,person,664.07,372.37,92.19,226.98,664.07,372.37,20925.9
416,1703,person,307.72,449.69,166.86,271.8,307.72,449.69,45352.05
416,1719,person,661.88,379.67,93.67,226.9,661.88,379.67,21252.43
417,1703,person,303.9,440.44,161.2,259.68,303.9,440.44,41860.1
417,1719,person,664.65,381.48,96.72,232.2,664.65,381.48,22458.34
418,1703,person,306.03,437.07,160.2,256.76,306.03,437.07,41133.43
418,1719,person,662.34,383.99,104.27,248.52,662.34,383.99,25914.1
419,1703,person,308.35,435.35,160.29,255.89,308.35,435.35,41017.15
419,1719,person,655.86,386.11,110.16,259.97,655.86,386.11,28638.49
420,1703,person,314.59,433.76,160.12,256.99,314.59,433.76,41147.96
420,1719,person,650.55,390.82,114.57,269.43,650.55,390.82,30867.34
421,1703,person,320.63,431.35,158.75,257.32,320.63,431.35,40850.76
421,1719,person,647.13,398.93,117.05,276.16,647.13,398.93,32324.54
422,1703,person,328.25,426.48,153.99,251.25,328.25,426.48,38690.64
422,1719,person,639.68,410.49,114.71,268.94,639.68,410.49,30848.67
423,1703,person,335.89,416.86,143.33,234.95,335.89,416.86,33676.68
423,1719,person,628.97,419.95,111.24,259.18,628.97,419.95,28830.42
424,1703,person,342.08,411.05,137.19,226.32,342.08,411.05,31050.15
424,1719,person,621.56,425.27,107.14,247.07,621.56,425.27,26471.83
425,1703,person,346.67,410.33,136.31,227.86,346.67,410.33,31059.03
425,1719,person,614.56,428.64,106.29,239.63,614.56,428.64,25469.68
426,1703,person,355.99,409.47,134.51,231.79,355.99,409.47,31177.89
426,1719,person,609.43,432.62,108.73,240.71,609.43,432.62,26173.22
426,1664,person,660.56,320.03,70.26,146.2,660.56,320.03,10271.6
427,1703,person,361.27,409.23,131.72,234.58,361.27,409.23,30897.76
427,1719,person,603.41,439.6,111.54,245.76,603.41,439.6,27411.21
427,1664,person,660.87,327.83,77.03,161.54,660.87,327.83,12442.52
428,1703,person,368.7,408.6,127.32,236.45,368.7,408.6,30105.04
428,1719,person,595.57,446.56,115.59,255.42,595.57,446.56,29524.5
428,1664,person,663.73,337.04,82.32,176.1,663.73,337.04,14496.95
429,1703,person,373.15,408.56,123.8,239.34,373.15,408.56,29628.73
429,1719,person,587.65,452.22,118.6,263.65,587.65,452.22,31268.4
429,1664,person,667.87,344.02,85.28,184.29,667.87,344.02,15716.95
430,1703,person,375.38,408.4,120.02,240.51,375.38,408.4,28865.47
430,1719,person,575.29,454.96,119.04,267.98,575.29,454.96,31898.86
430,1664,person,671.47,347.47,85.75,183.35,671.47,347.47,15721.77
431,1703,person,375.46,407.96,116.36,241.25,375.46,407.96,28071.49
431,1719,person,565.57,454.66,117.38,264.19,565.57,454.66,31011.01
431,1664,person,678.32,349.29,88.27,186.51,678.32,349.29,16464.16
432,1703,person,374.81,407.23,113.3,242.08,374.81,407.23,27428.39
432,1719,person,527.16,461.93,121.71,269.79,527.16,461.93,32836.66
432,1664,person,686.25,346.45,91.43,191.19,686.25,346.45,17480.08
433,1703,person,372.89,404.85,109.01,238.89,372.89,404.85,26041.62
433,1719,person,501.67,467.07,129.34,278.62,501.67,467.07,36037.47
433,1664,person,689.82,347.0,93.53,193.82,689.82,347.0,18127.86
434,1703,person,372.1,401.25,103.79,231.81,372.1,401.25,24058.87
434,1719,person,485.46,474.99,136.38,282.77,485.46,474.99,38565.08
434,1664,person,690.63,354.26,99.4,206.66,690.63,354.26,20542.95
435,1703,person,369.38,399.26,99.67,227.89,369.38,399.26,22713.32
435,1719,person,446.75,479.31,133.64,282.56,446.75,479.31,37761.28
435,1664,person,690.2,363.22,102.77,214.6,690.2,363.22,22053.65
436,1703,person,365.5,398.67,95.95,226.22,365.5,398.67,21705.52
436,1719,person,434.31,480.72,133.44,284.6,434.31,480.72,37976.71
436,1664,person,687.53,370.38,102.78,214.91,687.53,370.38,22088.72
437,1703,person,365.48,391.63,88.34,209.96,365.48,391.63,18546.83
437,1719,person,398.61,481.02,132.3,289.42,398.61,481.02,38290.57
437,1664,person,682.6,372.5,103.58,217.46,682.6,372.5,22524.21
438,1719,person,369.12,462.8,143.88,319.06,369.12,462.8,45906.05
438,1664,person,677.87,371.98,103.89,219.73,677.87,371.98,22828.65
439,1719,person,352.99,457.34,149.34,330.36,352.99,457.34,49334.56
439,1664,person,672.88,373.37,104.36,221.34,672.88,373.37,23098.63
439,1703,person,345.97,408.75,104.82,244.47,345.97,408.75,25624.05
440,1719,person,336.04,473.34,143.7,302.04,336.04,473.34,43403.09
440,1664,person,668.3,376.73,101.86,216.94,668.3,376.73,22097.45
440,1703,person,357.54,405.92,100.24,238.96,357.54,405.92,23952.55
441,1719,person,276.54,458.95,119.73,247.87,276.54,458.95,29676.8
441,1664,person,666.29,386.08,103.69,222.91,666.29,386.08,23113.65
441,1703,person,362.37,403.25,96.47,234.4,362.37,403.25,22611.88
442,1719,person,240.69,450.93,109.69,221.28,240.69,450.93,24270.92
442,1664,person,665.05,393.92,106.21,229.84,665.05,393.92,24410.06
442,1703,person,363.19,402.49,93.91,231.79,363.19,402.49,21768.36
443,1719,person,212.75,448.94,109.48,213.43,212.75,448.94,23365.92
443,1664,person,664.2,398.28,107.75,233.13,664.2,398.28,25120.87
443,1703,person,362.77,403.06,91.38,227.79,362.77,403.06,20816.39
444,1719,person,194.16,447.76,112.13,211.78,194.16,447.76,23746.01
444,1664,person,663.15,397.32,109.69,234.59,663.15,397.32,25730.74
444,1703,person,362.71,404.14,90.46,226.89,362.71,404.14,20523.81
445,1719,person,183.45,450.32,117.1,215.3,183.45,450.32,25210.99
445,1664,person,664.0,401.6,109.42,229.46,664.0,401.6,25107.51
445,1703,person,361.89,404.81,89.27,224.7,361.89,404.81,20059.28
446,1719,person,173.11,450.99,120.3,216.78,173.11,450.99,26077.57
446,1664,person,662.67,407.21,114.18,235.33,662.67,407.21,26870.22
446,1703,person,361.21,405.33,88.12,222.59,361.21,405.33,19615.46
447,1719,person,157.84,451.13,121.1,219.23,157.84,451.13,26548.39
447,1664,person,664.03,410.92,115.89,236.64,664.03,410.92,27424.87
447,1703,person,359.85,405.25,86.64,220.11,359.85,405.25,19070.94
448,1719,person,142.12,453.47,124.23,227.12,142.12,453.47,28215.88
448,1664,person,665.15,415.15,118.77,242.45,665.15,415.15,28796.0
448,1703,person,357.88,405.11,85.7,219.09,357.88,405.11,18776.46
449,1719,person,126.56,455.06,127.21,231.92,126.56,455.06,29504.05
449,1664,person,666.09,424.36,118.82,243.22,666.09,424.36,28899.08
449,1703,person,356.51,407.21,86.49,221.97,356.51,407.21,19198.4
450,1719,person,116.55,457.07,129.58,235.23,116.55,457.07,30481.05
450,1664,person,664.42,432.14,122.52,252.64,664.42,432.14,30955.2
450,1703,person,355.77,409.01,86.9,223.19,355.77,409.01,19396.06
